"year","entrantId","constructorId","engineManufacturerId"
1950,"alfa-romeo-spa","alfa-romeo","alfa-romeo"
1950,"andy-granatelli","kurtis","offenhauser"
1950,"antonio-branca","maserati","maserati"
1950,"automobiles-talbot-darracq","talbot-lago","talbot-lago"
1950,"bardahl","marchese","offenhauser"
1950,"blue-crown-spark-plug","deidt","offenhauser"
1950,"blue-crown-spark-plug","lesovsky","offenhauser"
1950,"blue-crown-spark-plug","moore","offenhauser"
1950,"bob-gerard","era","era"
1950,"charles-pozzi","talbot-lago","talbot-lago"
1950,"city-of-glendale","watson","offenhauser"
1950,"clemente-biondetti","ferrari","jaguar"
1950,"cummins-diesel","kurtis","cummins"
1950,"cuth-harrison","era","era"
1950,"ecurie-belge","talbot-lago","talbot-lago"
1950,"ecurie-bleue","talbot-lago","talbot-lago"
1950,"ecurie-lutetia","talbot-lago","talbot-lago"
1950,"ecurie-rosier","talbot-lago","talbot-lago"
1950,"enrico-plate","maserati","maserati"
1950,"equipe-gordini","simca-gordini","simca-gordini"
1950,"erwin-wolfe","kurtis","offenhauser"
1950,"eugene-casaroll","snowberger","offenhauser"
1950,"fadely-anderson","maserati","offenhauser"
1950,"geoffrey-crossley","alta","alta"
1950,"george-bignotti","lesovsky","offenhauser"
1950,"george-tuffanelli","kurtis","offenhauser"
1950,"guy-mairesse","talbot-lago","talbot-lago"
1950,"horschell-racing-corporation","cooper","jap"
1950,"howard-keck","deidt","offenhauser"
1950,"indianapolis-race-cars","maserati","offenhauser"
1950,"jack-hinkle","kurtis","offenhauser"
1950,"jc-agajanian","kurtis","offenhauser"
1950,"joe-fry","maserati","maserati"
1950,"joe-kelly","alta","alta"
1950,"kurtis-kraft-inc","kurtis","offenhauser"
1950,"ludson-morris","kurtis","offenhauser"
1950,"m-pete-wales","kurtis","offenhauser"
1950,"ma-walker","kurtis","offenhauser"
1950,"milt-marton","kurtis","offenhauser"
1950,"murrell-belanger","stevens","offenhauser"
1950,"norm-olson","olson","offenhauser"
1950,"officine-alfieri-maserati","maserati","maserati"
1950,"pat-clancy","ewing","offenhauser"
1950,"paul-pietsch","maserati","maserati"
1950,"paul-russo-ray-nichels","nichels","offenhauser"
1950,"peter-walker","era","era"
1950,"peter-whitehead","ferrari","ferrari"
1950,"philippe-etancelin","talbot-lago","talbot-lago"
1950,"pierre-levegh","talbot-lago","talbot-lago"
1950,"pioneer-auto-repair","wetteroth","offenhauser"
1950,"raymond-sommer","talbot-lago","talbot-lago"
1950,"richard-palmer","adams","offenhauser"
1950,"sampson-manufacturing","rae","offenhauser"
1950,"scuderia-achille-varzi","maserati","maserati"
1950,"scuderia-ambrosiana","maserati","maserati"
1950,"scuderia-ferrari","ferrari","ferrari"
1950,"scuderia-milano","maserati","maserati"
1950,"scuderia-milano","maserati","milano"
1950,"taso-mathieson","era","era"
1950,"troy-oil","langley","offenhauser"
1950,"verlin-brown","kurtis","offenhauser"
1951,"alfa-romeo-spa","alfa-romeo","alfa-romeo"
1951,"andy-granatelli","kurtis","offenhauser"
1951,"antonio-branca","maserati","maserati"
1951,"bardahl","marchese","offenhauser"
1951,"blakely","schroeder","offenhauser"
1951,"blue-crown-spark-plug","lesovsky","offenhauser"
1951,"blue-crown-spark-plug","moore","offenhauser"
1951,"bob-estes","watson","offenhauser"
1951,"bob-gerard","era","era"
1951,"brian-shawe-taylor","era","era"
1951,"brm-ltd","brm","brm"
1951,"central-excavating","trevis","offenhauser"
1951,"dan-levine","kurtis","offenhauser"
1951,"deck-manufacturing","bromme","offenhauser"
1951,"duncan-hamilton","talbot-lago","talbot-lago"
1951,"ecurie-belge","talbot-lago","talbot-lago"
1951,"ecurie-belgique","talbot-lago","talbot-lago"
1951,"ecurie-espadon","ferrari","ferrari"
1951,"ecurie-rosier","talbot-lago","talbot-lago"
1951,"ed-walsh","kurtis","offenhauser"
1951,"enrico-plate","maserati","maserati"
1951,"equipe-gordini","simca-gordini","gordini"
1951,"eugene-casaroll","kurtis","offenhauser"
1951,"eugene-chaboud","talbot-lago","talbot-lago"
1951,"francisco-landi","ferrari","ferrari"
1951,"ga-vandervell","ferrari","ferrari"
1951,"george-leitenberger","sherman","offenhauser"
1951,"georges-grignard","talbot-lago","talbot-lago"
1951,"graham-whitehead","ferrari","ferrari"
1951,"grant-piston-ring","kuzma","offenhauser"
1951,"ha-chapman","kurtis","offenhauser"
1951,"howard-keck","deidt","offenhauser"
1951,"hw-motors","hwm","alta"
1951,"jack-hinkle","kurtis","offenhauser"
1951,"jc-agajanian","kurtis","offenhauser"
1951,"jim-robbins","kurtis","offenhauser"
1951,"joe-kelly","alta","alta"
1951,"john-james","maserati","maserati"
1951,"jose-froilan-gonzalez","talbot-lago","talbot-lago"
1951,"karl-hall","hall","offenhauser"
1951,"lee-elkins","kurtis","offenhauser"
1951,"lewis-welch","kurtis","novi"
1951,"ludson-morris","kurtis","offenhauser"
1951,"ma-walker","kurtis","offenhauser"
1951,"murrell-belanger","kurtis","offenhauser"
1951,"osca-automobili","osca","osca"
1951,"parks-offenhauser","pawl","offenhauser"
1951,"peter-hirt","veritas","veritas"
1951,"peter-schmidt","kurtis","offenhauser"
1951,"peter-whitehead","ferrari","ferrari"
1951,"philip-fotheringham-parker","maserati","maserati"
1951,"philippe-etancelin","talbot-lago","talbot-lago"
1951,"pierre-levegh","talbot-lago","talbot-lago"
1951,"prince-bira","maserati","osca"
1951,"scuderia-ambrosiana","maserati","maserati"
1951,"scuderia-ferrari","ferrari","ferrari"
1951,"scuderia-milano","maserati","milano"
1951,"scuderia-milano","maserati","maserati"
1951,"tuffanelli-derrico","deidt","offenhauser"
1951,"verlin-brown","kurtis","offenhauser"
1951,"verlin-brown","schroeder","offenhauser"
1951,"w-j","maserati","offenhauser"
1951,"william-ansted","deidt","offenhauser"
1951,"yves-giraud-cabantous","talbot-lago","talbot-lago"
1952,"adolf-brudes","veritas","veritas"
1952,"afm","afm","kuchen"
1952,"ahm-bryde","cooper","bristol"
1952,"alfred-dattner","simca-gordini","gordini"
1952,"andy-granatelli","bromme","offenhauser"
1952,"andy-granatelli","kurtis","offenhauser"
1952,"arthur-legat","veritas","veritas"
1952,"belanger-motors","lesovsky","offenhauser"
1952,"bernhard-nacke","nacke","bmw"
1952,"bessie-lee-paoli","kurtis","offenhauser"
1952,"blue-crown-spark-plug","deidt","offenhauser"
1952,"blue-crown-spark-plug","lesovsky","offenhauser"
1952,"bob-estes","watson","offenhauser"
1952,"central-excavating","trevis","offenhauser"
1952,"coast-grain","lesovsky","offenhauser"
1952,"connaught-engineering","connaught","lea-francis"
1952,"cummins-diesel","kurtis","cummins"
1952,"ecurie-belge","simca-gordini","gordini"
1952,"ecurie-ecosse","cooper","bristol"
1952,"ecurie-espadon","ferrari","ferrari"
1952,"ecurie-francorchamps","ferrari","ferrari"
1952,"ecurie-richmond","cooper","bristol"
1952,"ecurie-rosier","ferrari","ferrari"
1952,"ed-walsh","kurtis","offenhauser"
1952,"elie-bayol","osca","osca"
1952,"english-racing-automobiles-ltd","era","bristol"
1952,"enrico-plate","maserati","plate"
1952,"equipe-gordini","gordini","gordini"
1952,"ernst-klodwig","heck","bmw"
1952,"escuderia-bandeirantes","maserati","maserati"
1952,"federal-auto-associates","kurtis","offenhauser"
1952,"fritz-riess","veritas","veritas"
1952,"g-caprara","ferrari","ferrari"
1952,"george-leitenberger","sherman","offenhauser"
1952,"ha-chapman","stevens","offenhauser"
1952,"hans-klenk","veritas","veritas"
1952,"hart-fullerton","kurtis","offenhauser"
1952,"helmut-niedermayr","afm","bmw"
1952,"howard-keck","kurtis","offenhauser"
1952,"hw-motors","hwm","alta"
1952,"jack-hinkle","kurtis","offenhauser"
1952,"jc-agajanian","kuzma","offenhauser"
1952,"jim-robbins","kurtis","offenhauser"
1952,"josef-peters","veritas","veritas"
1952,"ken-downing","connaught","lea-francis"
1952,"lee-elkins","kurtis","offenhauser"
1952,"leslie-d-hawthorn","cooper","bristol"
1952,"lewis-welch","kurtis","novi"
1952,"ludson-morris","kurtis","offenhauser"
1952,"ludwig-fischer","afm","bmw"
1952,"ma-walker","kurtis","offenhauser"
1952,"marcel-balsa","balsa","bmw"
1952,"mel-wiggers","kurtis","offenhauser"
1952,"motor-presse-verlag","veritas","veritas"
1952,"officine-alfieri-maserati","maserati","maserati"
1952,"peter-schmidt","kurtis","offenhauser"
1952,"peter-whitehead","alta","alta"
1952,"peter-whitehead","ferrari","ferrari"
1952,"piero-dusio","cisitalia","bpm"
1952,"ray-t-brady","kurtis","offenhauser"
1952,"robert-obrien","simca-gordini","gordini"
1952,"robin-montgomerie-charrington","aston-butterworth","butterworth"
1952,"roger-wolcott","kurtis","offenhauser"
1952,"rudolf-krause","greifzu","bmw"
1952,"scuderia-ferrari","ferrari","ferrari"
1952,"scuderia-franera","frazer-nash","bristol"
1952,"scuderia-franera","cooper","bristol"
1952,"scuderia-marzotto","ferrari","ferrari"
1952,"theo-helfrich","veritas","veritas"
1952,"tom-sarafoff","kurtis","offenhauser"
1952,"toni-ulmen","veritas","veritas"
1952,"tony-crook","frazer-nash","bmw"
1952,"tony-gaze","hwm","alta"
1952,"vicomtesse-de-walckiers","simca-gordini","gordini"
1952,"willi-heeks","afm","bmw"
1952,"willi-krakau","afm","bmw"
1952,"willi-krakau","krakau","bmw"
1952,"william-ansted","stevens","offenhauser"
1952,"ws-aston","aston-butterworth","butterworth"
1953,"3-l-racing-team","kurtis","offenhauser"
1953,"ae-dean","kuzma","offenhauser"
1953,"arthur-legat","veritas","veritas"
1953,"atlantic-stable","cooper","alta"
1953,"bessie-lee-paoli","kurtis","offenhauser"
1953,"bob-estes","watson","offenhauser"
1953,"bob-gerard","cooper","bristol"
1953,"chapman-s-root","kurtis","offenhauser"
1953,"connaught-engineering","connaught","lea-francis"
1953,"cooper-car-company","cooper","bristol"
1953,"cooper-car-company","cooper","alta"
1953,"dora-greifzu","greifzu","bmw"
1953,"dr-rn-sabourin","del-roy","offenhauser"
1953,"dr-rn-sabourin","kurtis","offenhauser"
1953,"ecurie-belge","connaught","lea-francis"
1953,"ecurie-ecosse","connaught","lea-francis"
1953,"ecurie-ecosse","cooper","bristol"
1953,"ecurie-espadon","ferrari","ferrari"
1953,"ecurie-francorchamps","ferrari","ferrari"
1953,"ecurie-rosier","ferrari","ferrari"
1953,"ed-walsh","kurtis","offenhauser"
1953,"elie-bayol","osca","osca"
1953,"emmanuel-de-graffenried","maserati","maserati"
1953,"enrico-plate","maserati","maserati"
1953,"equipe-anglaise","cooper","bristol"
1953,"equipe-gordini","gordini","gordini"
1953,"equipe-gordini","simca-gordini","gordini"
1953,"ernest-l-ruiz","kurtis","offenhauser"
1953,"ernst-klodwig","heck","bmw"
1953,"ernst-loof","veritas","veritas"
1953,"erwin-bauer","veritas","veritas"
1953,"escuderia-bandeirantes","maserati","maserati"
1953,"eugene-casaroll","kurtis","offenhauser"
1953,"federal-auto-associates","kurtis","offenhauser"
1953,"franklin-merkler","kurtis","offenhauser"
1953,"georges-berger","simca-gordini","gordini"
1953,"grancor-auto-specialists","kurtis","offenhauser"
1953,"gunther-bechem","afm","bmw"
1953,"ha-chapman","stevens","offenhauser"
1953,"hans-herrmann","veritas","veritas"
1953,"hans-stuck","afm","bristol"
1953,"hart-fullerton","kurtis","offenhauser"
1953,"helmut-niedermayr","afm","bmw"
1953,"howard-keck","kurtis","offenhauser"
1953,"hw-motors","hwm","alta"
1953,"jack-hinkle","kurtis","offenhauser"
1953,"jc-agajanian","kurtis","offenhauser"
1953,"jc-agajanian","kuzma","offenhauser"
1953,"john-l-mcdaniel","schroeder","offenhauser"
1953,"john-zink","kurtis","offenhauser"
1953,"js-belond","bromme","offenhauser"
1953,"js-belond","kurtis","offenhauser"
1953,"ken-wharton","cooper","bristol"
1953,"lee-elkins","kurtis","offenhauser"
1953,"lee-elkins","turner","offenhauser"
1953,"lewis-welch","kurtis","novi"
1953,"louis-chiron","osca","osca"
1953,"ma-walker","kurtis","offenhauser"
1953,"murrell-belanger","kurtis","offenhauser"
1953,"murrell-belanger","lesovsky","offenhauser"
1953,"officine-alfieri-maserati","maserati","maserati"
1953,"osca-automobili","osca","osca"
1953,"oswald-karch","veritas","veritas"
1953,"otto-adoph-stoye","kurtis","offenhauser"
1953,"pat-clancy","kurtis","offenhauser"
1953,"peter-schmidt","kurtis","offenhauser"
1953,"peter-schmidt","kuzma","offenhauser"
1953,"ray-crawford","kurtis","offenhauser"
1953,"ray-t-brady","kurtis","offenhauser"
1953,"rennkollektiv-emw","emw","emw"
1953,"rj-chase","cooper","bristol"
1953,"rodney-nuckey","cooper","bristol"
1953,"rotary-engineering-corp","stevens","offenhauser"
1953,"rrc-walker-racing-team","connaught","lea-francis"
1953,"scuderia-ferrari","ferrari","ferrari"
1953,"scuderia-milano","maserati","maserati"
1953,"storey-ricketts","kurtis","offenhauser"
1953,"theo-helfrich","veritas","veritas"
1953,"tom-sarafoff","kurtis","offenhauser"
1953,"tony-crook","cooper","bristol"
1953,"willi-heeks","veritas","veritas"
1953,"william-lutes","kurtis","offenhauser"
1953,"wolfgang-seidel","veritas","veritas"
1954,"advance-muffler","bromme","offenhauser"
1954,"andy-granatelli","kurtis","offenhauser"
1954,"bessie-lee-paoli","kurtis","offenhauser"
1954,"bill-whitehouse","connaught","lea-francis"
1954,"bob-estes","phillips","offenhauser"
1954,"bob-gerard","cooper","bristol"
1954,"cars-inc","kurtis","offenhauser"
1954,"chapman-s-root","kurtis","offenhauser"
1954,"daimler-benz-ag","mercedes","mercedes"
1954,"dean-van-lines-racing","kuzma","offenhauser"
1954,"dr-rn-sabourin","pawl","offenhauser"
1954,"ecurie-ecosse","connaught","lea-francis"
1954,"ecurie-francorchamps","ferrari","ferrari"
1954,"ecurie-richmond","cooper","bristol"
1954,"ecurie-rosier","ferrari","ferrari"
1954,"ecurie-rosier","maserati","maserati"
1954,"ed-stone","kurtis","offenhauser"
1954,"ed-walsh","kurtis","offenhauser"
1954,"emmanuel-de-graffenried","maserati","maserati"
1954,"emmett-malloy","pankratz","offenhauser"
1954,"equipe-gordini","gordini","gordini"
1954,"equipe-moss","maserati","maserati"
1954,"eugene-casaroll","kurtis","offenhauser"
1954,"federal-auto-associates","kurtis","offenhauser"
1954,"francis-bardazon","kurtis","offenhauser"
1954,"georges-berger","gordini","gordini"
1954,"gilby-engineering","maserati","maserati"
1954,"giovanni-de-riu","maserati","maserati"
1954,"goulds-garage-bristol","cooper","bristol"
1954,"ha-chapman","nichels","offenhauser"
1954,"ha-chapman","stevens","offenhauser"
1954,"hans-klenk","klenk","bmw"
1954,"harry-dunn","kurtis","offenhauser"
1954,"harry-schell","maserati","maserati"
1954,"hart-fullerton","kurtis","offenhauser"
1954,"howard-keck","kurtis","offenhauser"
1954,"hw-motors","hwm","alta"
1954,"jack-hinkle","kurtis","offenhauser"
1954,"jc-agajanian","kuzma","offenhauser"
1954,"jim-robbins","stevens","offenhauser"
1954,"john-zink","kurtis","offenhauser"
1954,"jorge-daponte","maserati","maserati"
1954,"lee-elkins","kurtis","offenhauser"
1954,"leslie-marr","connaught","lea-francis"
1954,"lindsey-hopkins","kurtis","offenhauser"
1954,"mel-wiggers","kurtis","offenhauser"
1954,"miklos-sperling","kurtis","offenhauser"
1954,"murrell-belanger","kurtis","offenhauser"
1954,"officine-alfieri-maserati","maserati","maserati"
1954,"onofre-marimon","maserati","maserati"
1954,"owen-racing-organisation","maserati","maserati"
1954,"pat-clancy","kurtis","offenhauser"
1954,"peter-schmidt","kuzma","offenhauser"
1954,"peter-whitehead","cooper","alta"
1954,"prince-bira","maserati","maserati"
1954,"ray-crawford","kurtis","offenhauser"
1954,"ray-t-brady","schroeder","offenhauser"
1954,"rj-chase","cooper","bristol"
1954,"roberto-mieres","maserati","maserati"
1954,"rrc-walker-racing-team","connaught","lea-francis"
1954,"sandy-belond","kurtis","offenhauser"
1954,"scuderia-ambrosiana","ferrari","ferrari"
1954,"scuderia-ferrari","ferrari","ferrari"
1954,"scuderia-lancia","lancia","lancia"
1954,"shouse-motors","kurtis","offenhauser"
1954,"sir-jeremy-boles","connaught","lea-francis"
1954,"vandervell-products","vanwall","vanwall"
1954,"verlin-brown","schroeder","offenhauser"
1954,"w-thayer-martin","kurtis","offenhauser"
1954,"william-ansted","kurtis","offenhauser"
1955,"ae-dean","kuzma","offenhauser"
1955,"alberto-uria","maserati","maserati"
1955,"bob-estes","phillips","offenhauser"
1955,"carl-l-anderson","kurtis","offenhauser"
1955,"cars-inc","kurtis","offenhauser"
1955,"chapman-s-root","kurtis","offenhauser"
1955,"connaught-engineering","connaught","alta"
1955,"cooper-car-company","cooper","bristol"
1955,"daimler-benz-ag","mercedes","mercedes"
1955,"dr-rn-sabourin","pawl","offenhauser"
1955,"ecurie-rosier","maserati","maserati"
1955,"emmett-malloy","pankratz","offenhauser"
1955,"en-whiteaway","hwm","alta"
1955,"equipe-gordini","gordini","gordini"
1955,"equipe-nationale-belge","ferrari","ferrari"
1955,"er-casale","kuzma","offenhauser"
1955,"federal-auto-associates","kurtis","offenhauser"
1955,"gilby-engineering","maserati","maserati"
1955,"goulds-garage-bristol","maserati","maserati"
1955,"ha-chapman","kurtis","offenhauser"
1955,"harry-dunn","kurtis","offenhauser"
1955,"jack-hinkle","kurtis","offenhauser"
1955,"jc-agajanian","kuzma","offenhauser"
1955,"jim-robbins","stevens","offenhauser"
1955,"john-l-mcdaniel","schroeder","offenhauser"
1955,"john-zink","kurtis","offenhauser"
1955,"joseph-massaglia-jr","kurtis","offenhauser"
1955,"kalamazoo-sports-inc","trevis","offenhauser"
1955,"leslie-marr","connaught","alta"
1955,"lindsey-hopkins","kurtis","offenhauser"
1955,"m-pete-wales","kurtis","offenhauser"
1955,"merz-engineering-inc","kurtis","offenhauser"
1955,"murrell-belanger","kurtis","offenhauser"
1955,"officine-alfieri-maserati","maserati","maserati"
1955,"owen-racing-organisation","maserati","maserati"
1955,"pat-clancy","kurtis","offenhauser"
1955,"pete-salemi","trevis","offenhauser"
1955,"peter-schmidt","kuzma","offenhauser"
1955,"racing-associates","kurtis","offenhauser"
1955,"ray-crawford","kurtis","offenhauser"
1955,"rotary-engineering-corp","kurtis","offenhauser"
1955,"rrc-walker-racing-team","connaught","alta"
1955,"samuel-w-traylor-iii","kurtis","offenhauser"
1955,"scuderia-ferrari","ferrari","ferrari"
1955,"scuderia-ferrari","lancia","lancia"
1955,"scuderia-lancia","lancia","lancia"
1955,"scuderia-volpini","arzani-volpini","maserati"
1955,"south-california-muffler-co","epperly","offenhauser"
1955,"stirling-moss-ltd","maserati","maserati"
1955,"tw-wt-martin","kurtis","offenhauser"
1955,"vandervell-products","vanwall","vanwall"
1956,"alberto-uria","maserati","maserati"
1956,"andre-simon","maserati","maserati"
1956,"ansted-rotary-corp","kurtis","offenhauser"
1956,"automobiles-bugatti","bugatti","bugatti"
1956,"bob-estes","phillips","offenhauser"
1956,"bob-gerard","cooper","bristol"
1956,"bruce-halford","maserati","maserati"
1956,"carl-l-anderson","kurtis","offenhauser"
1956,"cars-inc","kurtis","offenhauser"
1956,"chapman-s-root","kurtis","offenhauser"
1956,"connaught-engineering","connaught","alta"
1956,"dean-van-lines","kuzma","offenhauser"
1956,"dunn-engineering","kurtis","offenhauser"
1956,"ecurie-rosier","maserati","maserati"
1956,"ed-walsh","kurtis","offenhauser"
1956,"emeryson-cars","emeryson","alta"
1956,"equipe-gordini","gordini","gordini"
1956,"er-casale","kuzma","offenhauser"
1956,"ernest-l-ruiz","kurtis","offenhauser"
1956,"federal-auto-associates","kurtis","offenhauser"
1956,"fred-somers","kurtis","offenhauser"
1956,"george-bignotti","kurtis","offenhauser"
1956,"gilby-engineering","maserati","maserati"
1956,"giorgio-scarlatti","ferrari","ferrari"
1956,"goulds-garage-bristol","maserati","maserati"
1956,"ha-chapman","kurtis","offenhauser"
1956,"harry-dunn","kurtis","offenhauser"
1956,"hh-johnson","kurtis","offenhauser"
1956,"jack-brabham","maserati","maserati"
1956,"jc-agajanian","kuzma","offenhauser"
1956,"jim-robbins","stevens","offenhauser"
1956,"john-zink","kurtis","offenhauser"
1956,"john-zink","watson","offenhauser"
1956,"joseph-massaglia-jr","lesovsky","offenhauser"
1956,"kalamazoo-sports-inc","kurtis","offenhauser"
1956,"lindsey-hopkins","kurtis","offenhauser"
1956,"luigi-piotti","maserati","maserati"
1956,"murrell-belanger","kurtis","offenhauser"
1956,"novi-racing-corp","kurtis","novi"
1956,"officine-alfieri-maserati","maserati","maserati"
1956,"ottorino-volonterio","maserati","maserati"
1956,"owen-racing-organisation","maserati","maserati"
1956,"owen-racing-organisation","brm","brm"
1956,"pat-clancy","kurtis","offenhauser"
1956,"pete-salemi","kuzma","offenhauser"
1956,"peter-schmidt","kuzma","offenhauser"
1956,"piero-scotti","connaught","alta"
1956,"racing-associates","kuzma","offenhauser"
1956,"ray-crawford","kurtis","offenhauser"
1956,"samuel-w-traylor-iii","kurtis","offenhauser"
1956,"scuderia-centro-sud","maserati","maserati"
1956,"scuderia-centro-sud","ferrari","ferrari"
1956,"scuderia-ferrari","ferrari","ferrari"
1956,"scuderia-guastalla","maserati","maserati"
1956,"shannon-bros","kurtis","offenhauser"
1956,"vandervell-products","vanwall","vanwall"
1957,"ae-dean","kuzma","offenhauser"
1957,"ansted-rotary-corp","kurtis","offenhauser"
1957,"bob-estes","phillips","offenhauser"
1957,"bob-gerard","cooper","bristol"
1957,"bruce-halford","maserati","maserati"
1957,"cars-inc","kurtis","offenhauser"
1957,"chapman-s-root","kurtis","offenhauser"
1957,"connaught-engineering","connaught","alta"
1957,"cooper-car-company","cooper","climax"
1957,"dick-gibson","cooper","climax"
1957,"dr-ing-f-porsche-kg","porsche","porsche"
1957,"ecurie-maarsbergen","porsche","porsche"
1957,"ernest-l-ruiz","kurtis","offenhauser"
1957,"francesco-godia-sales","maserati","maserati"
1957,"fred-richard-sommer","kurtis","offenhauser"
1957,"fred-sclavi","kurtis","offenhauser"
1957,"george-bignotti","kurtis","offenhauser"
1957,"george-salih","epperly","offenhauser"
1957,"george-walther-jr","kurtis","offenhauser"
1957,"gilby-engineering","maserati","maserati"
1957,"ha-chapman","kurtis","offenhauser"
1957,"harry-dunn","dunn","offenhauser"
1957,"hh-gould","maserati","maserati"
1957,"hh-johnson","kurtis","offenhauser"
1957,"jb-naylor","cooper","climax"
1957,"jo-bonnier","maserati","maserati"
1957,"john-zink","watson","offenhauser"
1957,"joseph-massaglia-jr","lesovsky","offenhauser"
1957,"js-donaldson","kurtis","offenhauser"
1957,"kalamazoo-sports-inc","kurtis","offenhauser"
1957,"lindsey-hopkins","epperly","offenhauser"
1957,"luigi-piotti","maserati","maserati"
1957,"lysle-greenman","kuzma","offenhauser"
1957,"novi-racing-corp","kurtis","novi"
1957,"officine-alfieri-maserati","maserati","maserati"
1957,"ottorino-volonterio","maserati","maserati"
1957,"owen-racing-organisation","brm","brm"
1957,"pat-clancy","kurtis","offenhauser"
1957,"pete-salemi","kuzma","offenhauser"
1957,"peter-schmidt","kuzma","offenhauser"
1957,"racing-associates","kuzma","offenhauser"
1957,"ridgeway-management","cooper","climax"
1957,"roger-wolcott","lesovsky","offenhauser"
1957,"roy-mckay","kurtis","offenhauser"
1957,"rrc-walker-racing-team","cooper","climax"
1957,"scuderia-centro-sud","ferrari","ferrari"
1957,"scuderia-centro-sud","maserati","maserati"
1957,"scuderia-ferrari","ferrari","ferrari"
1957,"vandervell-products","vanwall","vanwall"
1958,"andre-guelfi","cooper","climax"
1958,"andre-testut","maserati","maserati"
1958,"bernie-c-ecclestone","connaught","alta"
1958,"bob-estes","phillips","offenhauser"
1958,"bob-sorenson","kuzma","offenhauser"
1958,"british-racing-partnership","cooper","climax"
1958,"cars-inc","epperly","offenhauser"
1958,"chapman-s-root","kurtis","offenhauser"
1958,"cooper-car-company","cooper","climax"
1958,"dean-van-lines","kuzma","offenhauser"
1958,"dick-gibson","cooper","climax"
1958,"dr-ing-f-porsche-kg","porsche","porsche"
1958,"ecurie-demi-litre","lotus","climax"
1958,"ecurie-eperon-dor","cooper","climax"
1958,"ecurie-maarsbergen","porsche","porsche"
1958,"ellen-mckinney-zink","watson","offenhauser"
1958,"federal-auto-associates","kurtis","offenhauser"
1958,"francesco-godia-sales","maserati","maserati"
1958,"fred-gerhardt","kurtis","offenhauser"
1958,"george-salih","epperly","offenhauser"
1958,"george-walther-jr","kurtis","offenhauser"
1958,"giorgio-scarlatti","maserati","maserati"
1958,"ha-chapman","kurtis","offenhauser"
1958,"harry-dunn","dunn","offenhauser"
1958,"henry-yunik","kurtis","offenhauser"
1958,"hh-gould","maserati","maserati"
1958,"hh-johnson","kuzma","offenhauser"
1958,"high-efficiency-motors","cooper","climax"
1958,"jb-naylor","cooper","climax"
1958,"jim-robbins","kurtis","offenhauser"
1958,"jo-bonnier","maserati","maserati"
1958,"john-zink","watson","offenhauser"
1958,"joseph-massaglia-jr","lesovsky","offenhauser"
1958,"js-donaldson","kurtis","offenhauser"
1958,"juan-manuel-fangio","maserati","maserati"
1958,"kalamazoo-sports-inc","kurtis","offenhauser"
1958,"kalamazoo-sports-inc","watson","offenhauser"
1958,"ken-kavanagh","maserati","maserati"
1958,"lindsey-hopkins","epperly","offenhauser"
1958,"lysle-greenman","kuzma","offenhauser"
1958,"maria-teresa-de-filippis","maserati","maserati"
1958,"norman-c-demler","epperly","offenhauser"
1958,"novi-racing-corp","kurtis","novi"
1958,"osca-automobili","osca","osca"
1958,"owen-racing-organisation","brm","brm"
1958,"pat-clancy","kurtis","offenhauser"
1958,"peter-schmidt","kuzma","offenhauser"
1958,"racing-associates","kurtis","offenhauser"
1958,"robert-la-caze","cooper","climax"
1958,"robert-m-bowes-ii","kurtis","offenhauser"
1958,"roger-wolcott","lesovsky","offenhauser"
1958,"roy-mckay","kurtis","offenhauser"
1958,"rrc-walker-racing-team","cooper","climax"
1958,"scuderia-centro-sud","maserati","maserati"
1958,"scuderia-centro-sud","cooper","climax"
1958,"scuderia-ferrari","ferrari","ferrari"
1958,"scuderia-sud-americana","maserati","maserati"
1958,"team-lotus","lotus","climax"
1958,"temple-buell","maserati","maserati"
1958,"tony-marsh","cooper","climax"
1958,"vandervell-products","vanwall","vanwall"
1959,"ace-garage-rotherham","cooper","climax"
1959,"ae-dean","kuzma","offenhauser"
1959,"alan-brown-equipe","cooper","climax"
1959,"bignotti-bowes-racing","epperly","offenhauser"
1959,"bignotti-bowes-racing","kurtis","offenhauser"
1959,"blanchard-automobile-co","porsche","porsche"
1959,"bob-estes","phillips","offenhauser"
1959,"british-racing-partnership","cooper","climax"
1959,"british-racing-partnership","brm","brm"
1959,"british-racing-partnership","cooper","borgward"
1959,"camoradi-usa","tec-mec","maserati"
1959,"chapman-s-root","kurtis","offenhauser"
1959,"connaught-cars-paul-emery","connaught","alta"
1959,"cooper-car-company","cooper","climax"
1959,"david-brown-corporation","aston-martin","aston-martin"
1959,"david-fry","fry","climax"
1959,"dennis-taylor","lotus","climax"
1959,"dorchester-service-station","lotus","climax"
1959,"dr-ing-f-porsche-kg","behra-porsche","porsche"
1959,"dr-ing-f-porsche-kg","porsche","porsche"
1959,"ecurie-bleue","cooper","climax"
1959,"ecurie-maarsbergen","porsche","porsche"
1959,"equipe-nationale-belge","cooper","climax"
1959,"ernest-l-ruiz","christensen","offenhauser"
1959,"federal-auto-associates","kurtis","offenhauser"
1959,"fred-gerhardt","kurtis","offenhauser"
1959,"george-salih","epperly","offenhauser"
1959,"george-walther-jr","sutton","offenhauser"
1959,"gilby-engineering","cooper","climax"
1959,"harry-dunn","dunn","offenhauser"
1959,"hh-johnson","kuzma","offenhauser"
1959,"high-efficiency-motors","cooper","maserati"
1959,"high-efficiency-motors","cooper","climax"
1959,"jb-naylor","jbw","maserati"
1959,"jean-behra","behra-porsche","porsche"
1959,"jean-lucienbonnet","cooper","climax"
1959,"jim-robbins","kurtis","offenhauser"
1959,"john-fisher","lotus","climax"
1959,"john-r-wills","epperly","offenhauser"
1959,"john-zink","moore","offenhauser"
1959,"john-zink","watson","offenhauser"
1959,"js-donaldson","kurtis","offenhauser"
1959,"kalamazoo-sports-inc","watson","offenhauser"
1959,"karl-hall","kurtis","offenhauser"
1959,"leader-cards-inc","watson","offenhauser"
1959,"leader-cards-inc","kurtis","offenhauser"
1959,"leroy-e-foutch-jr","kurtis","offenhauser"
1959,"lindsey-hopkins","watson","offenhauser"
1959,"lysle-greenman","kuzma","offenhauser"
1959,"monte-carlo-auto-sport","maserati","maserati"
1959,"norman-c-demler","epperly","offenhauser"
1959,"osca-automobili","cooper","osca"
1959,"ottorino-volonterio","maserati","maserati"
1959,"owen-racing-organisation","brm","brm"
1959,"peter-schmidt","kuzma","offenhauser"
1959,"phil-cade","maserati","maserati"
1959,"racing-associates","lesovsky","offenhauser"
1959,"ray-crawford","elder","offenhauser"
1959,"ray-t-brady","kurtis","offenhauser"
1959,"rhh-parnell","cooper","climax"
1959,"roy-mckay","kurtis","offenhauser"
1959,"rrc-walker-racing-team","cooper","climax"
1959,"rt-marley-sr","kuzma","offenhauser"
1959,"scuderia-centro-sud","cooper","maserati"
1959,"scuderia-centro-sud","maserati","maserati"
1959,"scuderia-ferrari","ferrari","ferrari"
1959,"scuderia-ugolini","maserati","maserati"
1959,"taylor-crawley-racing-team","cooper","climax"
1959,"team-lotus","lotus","climax"
1959,"united-racing-stable","cooper","climax"
1959,"vandervell-products","vanwall","vanwall"
1959,"wolcott-memorial-racing-team","lesovsky","offenhauser"
1959,"yunick-glover-lathrop","kurtis","offenhauser"
1960,"ansted-rotary-corp","epperly","offenhauser"
1960,"antonio-creus","maserati","maserati"
1960,"arthur-owen","cooper","climax"
1960,"bignotti-bowes-racing","epperly","offenhauser"
1960,"bignotti-bowes-racing","kurtis","offenhauser"
1960,"bob-estes","phillips","offenhauser"
1960,"co-prather","kurtis","offenhauser"
1960,"ct-atkins","cooper","climax"
1960,"camoradi-international","behra-porsche","porsche"
1960,"chapman-s-root","kurtis","offenhauser"
1960,"cooper-car-company","cooper","climax"
1960,"david-brown-corporation","aston-martin","aston-martin"
1960,"dean-van-lines","ewing","offenhauser"
1960,"ecurie-bleue","cooper","climax"
1960,"ecurie-maarsbergen","cooper","climax"
1960,"equipe-nationale-belge","cooper","climax"
1960,"equipe-prideaux-dick-gibson","cooper","climax"
1960,"ernest-l-ruiz","christensen","offenhauser"
1960,"ettore-chimeri","maserati","maserati"
1960,"federal-auto-associates","kurtis","offenhauser"
1960,"fred-armbruster","cooper","ferrari"
1960,"fred-tuck-cars","cooper","climax"
1960,"george-salih","epperly","offenhauser"
1960,"gilby-engineering","cooper","maserati"
1960,"gino-munaron","maserati","maserati"
1960,"giorgio-scarlatti","maserati","maserati"
1960,"hh-gould","maserati","maserati"
1960,"high-efficiency-motors","cooper","climax"
1960,"hoover-motor-express-inc","epperly","offenhauser"
1960,"j-ensley-s-murphy","kuzma","offenhauser"
1960,"jb-naylor","jbw","maserati"
1960,"jc-agajanian","watson","offenhauser"
1960,"jim-hall","lotus","climax"
1960,"jim-robbins","trevis","offenhauser"
1960,"jim-robbins","watson","offenhauser"
1960,"joe-hunt","ewing","offenhauser"
1960,"joe-hunt","kurtis","offenhauser"
1960,"joe-lubin","maserati","maserati"
1960,"john-zink","watson","offenhauser"
1960,"js-donaldson","kurtis","offenhauser"
1960,"ken-paul-inc","watson","offenhauser"
1960,"leader-cards-inc","watson","offenhauser"
1960,"leonard-a-faas","epperly","offenhauser"
1960,"lindsey-hopkins","watson","offenhauser"
1960,"nasif-estefano","maserati","maserati"
1960,"norman-c-demler","epperly","offenhauser"
1960,"norman-hall","kuzma","offenhauser"
1960,"owen-racing-organisation","brm","brm"
1960,"peter-salemi-nick-rini","watson","offenhauser"
1960,"peter-schmidt","meskowski","offenhauser"
1960,"dr-ing-f-porsche-kg","porsche","porsche"
1960,"racing-associates","lesovsky","offenhauser"
1960,"reventlow-automobiles-inc","scarab","scarab"
1960,"robert-bodle-ltd","lotus","climax"
1960,"roy-mckay","kurtis","offenhauser"
1960,"rrc-walker-racing-team","cooper","climax"
1960,"rrc-walker-racing-team","lotus","climax"
1960,"scuderia-centro-sud","cooper","maserati"
1960,"scuderia-colonia","cooper","climax"
1960,"scuderia-eugenio-castellotti","cooper","castellotti"
1960,"scuderia-ferrari","ferrari","ferrari"
1960,"taylor-crawley-racing-team","lotus","climax"
1960,"team-lotus","lotus","climax"
1960,"vandervell-products","vanwall","vanwall"
1960,"william-p-forbes","meskowski","offenhauser"
1960,"wolfgang-seidel","cooper","climax"
1960,"yeoman-credit-racing-team","cooper","climax"
1961,"bernard-collomb","cooper","climax"
1961,"camoradi-international","cooper","climax"
1961,"camoradi-international","lotus","climax"
1961,"cooper-car-company","cooper","climax"
1961,"ecurie-maarsbergen","porsche","porsche"
1961,"equipe-nationale-belge","emeryson","maserati"
1961,"equipe-nationale-belge","lotus","climax"
1961,"equipe-nationale-belge","emeryson","climax"
1961,"fisa","ferrari","ferrari"
1961,"fred-tuck-cars","cooper","climax"
1961,"gaetano-starrabba","lotus","maserati"
1961,"gerry-ashmore","lotus","climax"
1961,"gilby-engineering","gilby","climax"
1961,"hap-sharp","cooper","climax"
1961,"hl-motors","cooper","climax"
1961,"isobele-de-tomaso","de-tomaso","alfa-romeo"
1961,"j-frank-harrison","lotus","climax"
1961,"j-wheeler-autosport","lotus","climax"
1961,"jb-naylor","jbw","climax"
1961,"jim-hall","lotus","climax"
1961,"john-m-wyatt-iii","cooper","climax"
1961,"louise-bryden-brown","lotus","climax"
1961,"momo-corporation","cooper","climax"
1961,"owen-racing-organisation","brm","climax"
1961,"pescara-racing-team","cooper","maserati"
1961,"porsche-system-engineering","porsche","porsche"
1961,"rrc-walker-racing-team","lotus","climax"
1961,"rrc-walker-racing-team","ferguson","climax"
1961,"scuderia-centro-sud","cooper","maserati"
1961,"scuderia-colonia","lotus","climax"
1961,"scuderia-ferrari-spa-sefac","ferrari","ferrari"
1961,"scuderia-santambroeus","ferrari","ferrari"
1961,"scuderia-serenissima","cooper","maserati"
1961,"scuderia-serenissima","de-tomaso","osca"
1961,"scuderia-serenissima","de-tomaso","alfa-romeo"
1961,"scuderia-settecolli","de-tomaso","osca"
1961,"team-lotus","lotus","climax"
1961,"tim-parnell","lotus","climax"
1961,"tony-marsh","lotus","climax"
1961,"udt-laystall-racing-team","lotus","climax"
1961,"yeoman-credit-racing-team","cooper","climax"
1962,"anglo-american-equipe","cooper","climax"
1962,"autosport-team-wolfgang-seidel","lotus","brm"
1962,"bernard-collomb","cooper","climax"
1962,"bowmaker-yeoman-racing-team","lola","climax"
1962,"brabham-racing-organisation","lotus","climax"
1962,"brabham-racing-organisation","brabham","climax"
1962,"cooper-car-company","cooper","climax"
1962,"dupont-team-zerex","lotus","climax"
1962,"ecurie-excelsior","lotus","climax"
1962,"ecurie-filipinetti","lotus","climax"
1962,"ecurie-filipinetti","lotus","brm"
1962,"ecurie-filipinetti","porsche","porsche"
1962,"ecurie-galloise","cooper","climax"
1962,"ecurie-galloise","brm","brm"
1962,"ecurie-maarsbergen","emeryson","climax"
1962,"ecurie-maarsbergen","porsche","porsche"
1962,"ecurie-nationale-suisse","lotus","climax"
1962,"emeryson-cars","lotus","climax"
1962,"emeryson-cars","emeryson","climax"
1962,"equipe-nationale-belge","lotus","climax"
1962,"equipe-nationale-belge","enb","maserati"
1962,"ernie-pieterse","lotus","climax"
1962,"gerry-ashmore","lotus","climax"
1962,"gilby-engineering","gilby","brm"
1962,"hap-sharp","cooper","climax"
1962,"jim-hall","lotus","climax"
1962,"john-dalton","lotus","climax"
1962,"john-love","cooper","climax"
1962,"john-mecom","lotus","climax"
1962,"mike-harris","cooper","alfa-romeo"
1962,"neville-lederle","lotus","climax"
1962,"otelle-nucci","lds","alfa-romeo"
1962,"owen-racing-organisation","brm","brm"
1962,"porsche-system-engineering","porsche","porsche"
1962,"rrc-walker-racing-team","lotus","climax"
1962,"scuderia-de-tomaso","de-tomaso","de-tomaso"
1962,"scuderia-ferrari-spa-sefac","ferrari","ferrari"
1962,"scuderia-jolly-club","lotus","climax"
1962,"scuderia-settecolli","de-tomaso","osca"
1962,"scuderia-sss-republica-di-venezia","lotus","climax"
1962,"scuderia-sss-republica-di-venezia","porsche","porsche"
1962,"team-lotus","lotus","climax"
1962,"udt-laystall-racing-team","lotus","climax"
1962,"udt-laystall-racing-team","lotus","brm"
1963,"andre-pilette","lotus","climax"
1963,"automobili-turismo-e-sport","ats","ats"
1963,"bernard-collomb","lotus","climax"
1963,"brabham-racing-organisation","brabham","climax"
1963,"brabham-racing-organisation","lotus","climax"
1963,"british-racing-partnership","lotus","brm"
1963,"british-racing-partnership","brp","brm"
1963,"canadian-stebro-racing","stebro","ford"
1963,"cooper-car-company","cooper","climax"
1963,"david-prophet","brabham","ford"
1963,"dw-racing-enterprises","lola","climax"
1963,"ecurie-filipinetti","lotus","brm"
1963,"ecurie-maarsbergen","porsche","porsche"
1963,"frank-dochnal","cooper","climax"
1963,"ian-raby-racing","gilby","brm"
1963,"john-love","cooper","climax"
1963,"kurt-kuhnke","lotus","borgward"
1963,"lawson-organisation","lotus","climax"
1963,"otelle-nucci","alfa-special","alfa-romeo"
1963,"otelle-nucci","lds","alfa-romeo"
1963,"owen-racing-organisation","brm","brm"
1963,"reg-parnell-racing","lola","climax"
1963,"reg-parnell-racing","lotus","climax"
1963,"reg-parnell-racing","lotus","brm"
1963,"rrc-walker-racing-team","cooper","climax"
1963,"sam-tingle","lds","alfa-romeo"
1963,"scirocco-powell-racing-cars","scirocco","brm"
1963,"scuderia-centro-sud","brm","brm"
1963,"scuderia-centro-sud","cooper","climax"
1963,"scuderia-centro-sud","cooper","maserati"
1963,"scuderia-ferrari-spa-sefac","ferrari","ferrari"
1963,"scuderia-lupini","cooper","maserati"
1963,"scuderia-settecolli","de-tomaso","ferrari"
1963,"selby-auto-spares","lotus","brm"
1963,"siffert-racing-team","lotus","brm"
1963,"team-lotus","lotus","climax"
1963,"ted-lanfear","lotus","ford"
1963,"tim-parnell","lotus","brm"
1963,"tim-parnell","lola","climax"
1963,"tim-parnell","lotus","climax"
1964,"bernard-collomb","lotus","climax"
1964,"bob-gerard-racing","cooper","ford"
1964,"brabham-racing-organisation","brabham","climax"
1964,"british-racing-partnership","lotus","brm"
1964,"british-racing-partnership","brp","brm"
1964,"cooper-car-company","cooper","climax"
1964,"derrington-francis-racing-team","derrington-francis","ats"
1964,"dw-racing-enterprises","brabham","climax"
1964,"ecurie-maarsbergen","porsche","porsche"
1964,"equipe-scirocco-belge","scirocco","climax"
1964,"fabre-urbain","cooper","climax"
1964,"honda-rd-company","honda","honda"
1964,"ian-raby-racing","brabham","brm"
1964,"john-willment-automobiles","brabham","ford"
1964,"maurice-trintignant","brm","brm"
1964,"owen-racing-organisation","brm","brm"
1964,"north-american-racing-team","ferrari","ferrari"
1964,"reg-parnell-racing","lotus","brm"
1964,"reg-parnell-racing","lotus","climax"
1964,"revson-racing","lotus","brm"
1964,"rrc-walker-racing-team","cooper","climax"
1964,"rrc-walker-racing-team","brabham","brm"
1964,"rrc-walker-racing-team","brabham","climax"
1964,"scuderia-centro-sud","brm","brm"
1964,"scuderia-ferrari-spa-sefac","ferrari","ferrari"
1964,"siffert-racing-team","lotus","brm"
1964,"siffert-racing-team","brabham","brm"
1964,"team-lotus","lotus","climax"
1965,"bob-gerard-racing","cooper","climax"
1965,"bob-gerard-racing","cooper","ford"
1965,"brabham-racing-organisation","brabham","climax"
1965,"brian-gubby","lotus","climax"
1965,"clive-puzey-motors","lotus","climax"
1965,"cooper-car-company","cooper","climax"
1965,"david-prophet","brabham","ford"
1965,"dw-racing-enterprises","brabham","climax"
1965,"dw-racing-enterprises","lotus","climax"
1965,"ecurie-tomahawk","lotus","ford"
1965,"honda-rd-company","honda","honda"
1965,"ian-raby-racing","brabham","brm"
1965,"jackie-pretorius","lds","alfa-romeo"
1965,"john-love","cooper","climax"
1965,"john-willment-automobiles","brabham","brm"
1965,"john-willment-automobiles","brabham","ford"
1965,"lawson-organisation","lotus","climax"
1965,"north-american-racing-team","ferrari","ferrari"
1965,"otelle-nucci","alfa-special","alfa-romeo"
1965,"otelle-nucci","lds","climax"
1965,"owen-racing-organisation","brm","brm"
1965,"reg-parnell-racing","lotus","brm"
1965,"rrc-walker-racing-team","brabham","brm"
1965,"rrc-walker-racing-team","brabham","climax"
1965,"sam-tingle","lds","alfa-romeo"
1965,"scuderia-centro-sud","brm","brm"
1965,"scuderia-ferrari-spa-sefac","ferrari","ferrari"
1965,"scuderia-scribante","lotus","climax"
1965,"team-lotus","lotus","climax"
1965,"ted-lanfear","lotus","ford"
1965,"trevor-blokdyk","cooper","ford"
1966,"anglo-american-racers","eagle","climax"
1966,"anglo-american-racers","eagle","weslake"
1966,"anglo-suisse-racing-team","cooper","maserati"
1966,"anglo-suisse-racing-team","brabham","climax"
1966,"bernard-white-racing","brm","brm"
1966,"brabham-racing-organisation","brabham","climax"
1966,"brabham-racing-organisation","brabham","repco"
1966,"bruce-mclaren-motor-racing","mclaren","ford"
1966,"bruce-mclaren-motor-racing","mclaren","serenissima"
1966,"caltex-racing-team","brabham","ford"
1966,"chris-amon-racing","brabham","brm"
1966,"cooper-car-company","cooper","maserati"
1966,"david-bridges","brabham","brm"
1966,"dw-racing-enterprises","brabham","climax"
1966,"guy-ligier","cooper","maserati"
1966,"honda-rd-company","honda","honda"
1966,"ja-pearce-engineering-ltd","cooper","ferrari"
1966,"matra-sports","matra","ford"
1966,"owen-racing-organisation","brm","brm"
1966,"phil-hill","lotus","climax"
1966,"phil-hill","mclaren","ford"
1966,"reg-parnell-racing","lotus","brm"
1966,"reg-parnell-racing","ferrari","ferrari"
1966,"roy-winkelmann-racing","brabham","ford"
1966,"rrc-walker-racing-team","brabham","brm"
1966,"rrc-walker-racing-team","cooper","maserati"
1966,"scuderia-ferrari-spa-sefac","ferrari","ferrari"
1966,"shannon-racing-cars","shannon","climax"
1966,"silvio-moser","brabham","ford"
1966,"team-chamaco-collect","brm","brm"
1966,"team-lotus","lotus","climax"
1966,"team-lotus","lotus","brm"
1966,"team-lotus","lotus","ford"
1966,"tyrrell-racing-organisation","matra","brm"
1966,"tyrrell-racing-organisation","matra","ford"
1967,"anglo-american-racers","eagle","climax"
1967,"anglo-american-racers","eagle","weslake"
1967,"bayerische-motoren-werke-ag","lola","bmw"
1967,"bernard-white-racing","brm","brm"
1967,"brabham-racing-organisation","brabham","repco"
1967,"bruce-mclaren-motor-racing","mclaren","brm"
1967,"castrol-oils-ltd","eagle","climax"
1967,"charles-vogele-racing","cooper","ats"
1967,"cooper-car-company","cooper","maserati"
1967,"dw-racing-enterprises","brabham","climax"
1967,"ecurie-ford-france","matra","ford"
1967,"gerhard-mitter","brabham","ford"
1967,"guy-ligier","cooper","maserati"
1967,"guy-ligier","brabham","repco"
1967,"honda-racing","honda","honda"
1967,"joakim-bonnier-racing-team","cooper","maserati"
1967,"john-love","cooper","climax"
1967,"lola-cars","lola","bmw"
1967,"lola-cars","lola","ford"
1967,"luki-botha","brabham","climax"
1967,"matra-sports","matra","ford"
1967,"mike-fisher","lotus","brm"
1967,"owen-racing-organisation","brm","brm"
1967,"reg-parnell-racing","lotus","brm"
1967,"reg-parnell-racing","brm","brm"
1967,"rob-walker-jack-durlacher-racing-team","cooper","maserati"
1967,"ron-harris-racing-team","protos","ford"
1967,"roy-winkelmann-racing","brabham","ford"
1967,"sam-tingle","lds","climax"
1967,"scuderia-ferrari-spa-sefac","ferrari","ferrari"
1967,"scuderia-scribante","brabham","climax"
1967,"team-lotus","lotus","brm"
1967,"team-lotus","lotus","climax"
1967,"team-lotus","lotus","ford"
1967,"tom-jones","cooper","climax"
1967,"tyrrell-racing-organisation","matra","ford"
1968,"anglo-american-racers","eagle","weslake"
1968,"anglo-american-racers","mclaren","ford"
1968,"bayerische-motoren-werke-ag","lola","bmw"
1968,"bernard-white-racing","brm","brm"
1968,"brabham-racing-organisation","brabham","repco"
1968,"bruce-mclaren-motor-racing","mclaren","brm"
1968,"bruce-mclaren-motor-racing","mclaren","ford"
1968,"caltex-racing-team","brabham","repco"
1968,"castrol-oils-ltd","eagle","climax"
1968,"charles-vogele-racing","brabham","repco"
1968,"cooper-car-company","cooper","maserati"
1968,"cooper-car-company","cooper","brm"
1968,"honda-racing","honda","honda"
1968,"joakim-bonnier-racing-team","cooper","maserati"
1968,"joakim-bonnier-racing-team","mclaren","brm"
1968,"joakim-bonnier-racing-team","honda","honda"
1968,"john-love","cooper","climax"
1968,"matra-international","matra","ford"
1968,"matra-sports","matra","ford"
1968,"matra-sports","matra","matra"
1968,"owen-racing-organisation","brm","brm"
1968,"reg-parnell-racing","brm","brm"
1968,"rob-walker-jack-durlacher-racing-team","cooper","maserati"
1968,"rob-walker-jack-durlacher-racing-team","lotus","ford"
1968,"scuderia-ferrari-spa-sefac","ferrari","ferrari"
1968,"scuderia-scribante","brabham","repco"
1968,"team-gunston","brabham","repco"
1968,"team-gunston","lds","repco"
1968,"team-lotus","lotus","ford"
1968,"team-pretoria","brabham","climax"
1969,"ahrens-racing-team","brabham","ford"
1969,"antique-automobiles","cooper","maserati"
1969,"antique-automobiles","mclaren","ford"
1969,"bayerische-motoren-werke-ag","bmw","bmw"
1969,"bruce-mclaren-motor-racing","mclaren","ford"
1969,"ecurie-bonnier","lotus","ford"
1969,"felday-engineering-ltd","brabham","ford"
1969,"frank-williams-racing-cars","brabham","ford"
1969,"gold-leaf-team-lotus","lotus","ford"
1969,"jack-holme","brabham","repco"
1969,"john-maryon","eagle","climax"
1969,"matra-international","matra","ford"
1969,"matra-sports","matra","ford"
1969,"motor-racing-developments","brabham","ford"
1969,"north-american-racing-team","ferrari","ferrari"
1969,"owen-racing-organisation","brm","brm"
1969,"paul-seitz","brabham","climax"
1969,"pete-lovely-volkswagen-inc","lotus","ford"
1969,"reg-parnell-racing","brm","brm"
1969,"rob-walker-jack-durlacher-racing-team","lotus","ford"
1969,"roy-winkelmann-racing","lotus","ford"
1969,"scuderia-ferrari-spa-sefac","ferrari","ferrari"
1969,"silvio-moser","brabham","ford"
1969,"squadra-tartaruga","brabham","ford"
1969,"team-gunston","brabham","repco"
1969,"team-gunston","lotus","ford"
1969,"team-lawson","mclaren","ford"
1969,"tecno-racing-team","tecno","ford"
1970,"antique-automobiles-racing-team","march","ford"
1970,"auto-motor-und-sport","brabham","ford"
1970,"brooke-bond-oxo-racing-with-rob-walker","lotus","ford"
1970,"bruce-mclaren-motor-racing","mclaren","ford"
1970,"bruce-mclaren-motor-racing","mclaren","alfa-romeo"
1970,"ecurie-bonnier","mclaren","ford"
1970,"equipe-matra-elf","matra","matra"
1970,"frank-williams-racing-cars","de-tomaso","ford"
1970,"garvey-team-lotus","lotus","ford"
1970,"gold-leaf-team-lotus","lotus","ford"
1970,"gus-hutchison","brabham","ford"
1970,"hubert-hahne","march","ford"
1970,"march-engineering","march","ford"
1970,"motor-racing-developments","brabham","ford"
1970,"pete-lovely-volkswagen-inc","lotus","ford"
1970,"scuderia-ferrari-spa-sefac","ferrari","ferrari"
1970,"scuderia-scribante","lotus","ford"
1970,"silvio-moser","bellasi","ford"
1970,"stp-corporation","march","ford"
1970,"team-gunston","brabham","ford"
1970,"team-gunston","lotus","ford"
1970,"team-surtees","mclaren","ford"
1970,"team-surtees","surtees","ford"
1970,"tom-wheatcroft-racing","brabham","ford"
1970,"tyrrell-racing-organisation","march","ford"
1970,"tyrrell-racing-organisation","tyrrell","ford"
1970,"world-wide-racing","lotus","ford"
1970,"yardley-team-brm","brm","brm"
1971,"auto-motor-und-sport-team-surtees","surtees","ford"
1971,"brooke-bond-oxo-team-surtees","surtees","ford"
1971,"bruce-mclaren-motor-racing","mclaren","ford"
1971,"clarke-mordaunt-guthrie-racing","march","ford"
1971,"ecurie-bonnier","mclaren","ford"
1971,"ecurie-evergreen","brabham","ford"
1971,"elf-team-tyrrell","tyrrell","ford"
1971,"equipe-matra-sports","matra","matra"
1971,"frank-williams-racing-cars","march","ford"
1971,"gene-mason-racing","march","ford"
1971,"gold-leaf-team-lotus","lotus","ford"
1971,"gold-leaf-team-lotus","lotus","pratt-whitney"
1971,"jo-siffert-automobiles","march","ford"
1971,"jolly-club-of-switzerland","bellasi","ford"
1971,"motor-racing-developments","brabham","ford"
1971,"penske-white-racing","mclaren","ford"
1971,"pete-lovely-volkswagen-inc","lotus","ford"
1971,"scuderia-ferrari-spa-sefac","ferrari","ferrari"
1971,"scuderia-scribante","brabham","ford"
1971,"shell-arnold-team","march","ford"
1971,"stichting-autoraces-nederland","surtees","ford"
1971,"stp-march-racing-team","march","alfa-romeo"
1971,"stp-march-racing-team","march","ford"
1971,"team-gunston","brabham","ford"
1971,"team-gunston","march","ford"
1971,"team-surtees","surtees","ford"
1971,"world-wide-racing","lotus","pratt-whitney"
1971,"yardley-team-brm","brm","brm"
1972,"brooke-bond-oxo-team-surtees","surtees","ford"
1972,"ceramica-pagnossin-team-surtees","surtees","ford"
1972,"champcarr-inc","surtees","ford"
1972,"clarke-mordaunt-guthrie-racing","march","ford"
1972,"darnval-connew-racing-team","connew","ford"
1972,"elf-team-tyrrell","tyrrell","ford"
1972,"equipe-matra-sports","matra","matra"
1972,"flame-out-team-surtees","surtees","ford"
1972,"gene-mason-racing","march","ford"
1972,"john-player-team-lotus","lotus","ford"
1972,"lucky-strike-racing","lotus","ford"
1972,"marlboro-brm","brm","brm"
1972,"martini-racing","tecno","tecno"
1972,"motor-racing-developments","brabham","ford"
1972,"scuderia-ferrari-spa-sefac","ferrari","ferrari"
1972,"stp-march-racing-team","march","ford"
1972,"team-eifelland-caravans","eifelland","ford"
1972,"team-gunston","brabham","ford"
1972,"team-gunston","surtees","ford"
1972,"team-surtees","surtees","ford"
1972,"team-williams-motul","march","ford"
1972,"team-williams-motul","politoys","ford"
1972,"yardley-team-mclaren","mclaren","ford"
1973,"blignaut-lucky-strike-racing","tyrrell","ford"
1973,"brooke-bond-oxo-team-surtees","surtees","ford"
1973,"ceramica-pagnossin-mrd","brabham","ford"
1973,"ceramica-pagnossin-team-surtees","surtees","ford"
1973,"clarke-mordaunt-guthrie-racing","march","ford"
1973,"elf-team-tyrrell","tyrrell","ford"
1973,"embassy-racing","shadow","ford"
1973,"frank-williams-racing-cars","iso-marlboro","ford"
1973,"hesketh-racing","march","ford"
1973,"hexagon-of-highgate","brabham","ford"
1973,"john-player-team-lotus","lotus","ford"
1973,"lec-refrigeration-racing","march","ford"
1973,"march-racing-team","march","ford"
1973,"marlboro-brm","brm","brm"
1973,"martini-racing-team","tecno","tecno"
1973,"motor-racing-developments","brabham","ford"
1973,"scribante-lucky-strike-racing","lotus","ford"
1973,"scuderia-ferrari-spa-sefac","ferrari","ferrari"
1973,"team-ensign","ensign","ford"
1973,"team-pierre-robert","march","ford"
1973,"team-surtees","surtees","ford"
1973,"uop-shadow-racing","shadow","ford"
1973,"yardley-team-mclaren","mclaren","ford"
1974,"aaw-racing-team","surtees","ford"
1974,"allied-polymer-group","brabham","ford"
1974,"bang-olufsen-team-surtees","surtees","ford"
1974,"blignaut-embassy-racing","tyrrell","ford"
1974,"dalton-amon-international","amon","ford"
1974,"dempster-international-racing-team","march","ford"
1974,"elf-team-tyrrell","tyrrell","ford"
1974,"embassy-racing-with-graham-hill","lola","ford"
1974,"frank-williams-racing-cars","iso-marlboro","ford"
1974,"hesketh-racing","march","ford"
1974,"hesketh-racing","hesketh","ford"
1974,"john-goldie-racing-with-hexagon","brabham","ford"
1974,"john-player-team-lotus","lotus","ford"
1974,"maki-engineering","maki","ford"
1974,"march-engineering","march","ford"
1974,"marlboro-team-texaco","mclaren","ford"
1974,"memphis-international-team-surtees","surtees","ford"
1974,"motor-racing-developments","brabham","ford"
1974,"penske-cars","penske","ford"
1974,"pinch-plant-ltd","lyncar","ford"
1974,"scribante-lucky-strike-racing","mclaren","ford"
1974,"scuderia-ferrari-spa-sefac","ferrari","ferrari"
1974,"scuderia-finotto","brabham","ford"
1974,"team-brm","brm","brm"
1974,"team-canada-f1-racing","brabham","ford"
1974,"team-ensign","ensign","ford"
1974,"team-gunston","lotus","ford"
1974,"team-surtees","surtees","ford"
1974,"the-chequered-flag","brabham","ford"
1974,"token-racing","token","ford"
1974,"trojan-tauranac-racing","trojan","ford"
1974,"uop-shadow-racing","shadow","ford"
1974,"vels-parnelli-jones-racing","parnelli","ford"
1974,"yardley-team-mclaren","mclaren","ford"
1975,"beta-team-march","march","ford"
1975,"copersucar-fittipaldi","fittipaldi","ford"
1975,"custom-made-harry-stiller-racing","hesketh","ford"
1975,"elf-team-tyrrell","tyrrell","ford"
1975,"embassy-racing-with-graham-hill","lola","ford"
1975,"embassy-racing-with-graham-hill","hill","ford"
1975,"first-national-city-bank-team-penske","penske","ford"
1975,"first-national-city-bank-team-penske","march","ford"
1975,"frank-williams-racing-cars","frank-williams-racing-cars","ford"
1975,"hb-bewaking-team-ensign","ensign","ford"
1975,"hesketh-racing","hesketh","ford"
1975,"john-player-team-lotus","lotus","ford"
1975,"lavazza-march","march","ford"
1975,"lexington-racing","tyrrell","ford"
1975,"lucky-strike-racing","mclaren","ford"
1975,"maki-engineering","maki","ford"
1975,"marlboro-team-texaco","mclaren","ford"
1975,"martini-racing","brabham","ford"
1975,"matchbox-team-surtees","surtees","ford"
1975,"uop-shadow-racing","shadow","ford"
1975,"uop-shadow-racing","shadow","matra"
1975,"national-organs-team-surtees","surtees","ford"
1975,"pinch-plant-ltd","lyncar","ford"
1975,"polar-caravans","hesketh","ford"
1975,"scuderia-ferrari-spa-sefac","ferrari","ferrari"
1975,"stanley-brm","brm","brm"
1975,"team-gunston","lotus","ford"
1975,"vels-parnelli-jones-racing","parnelli","ford"
1975,"warsteiner-brewery","hesketh","ford"
1976,"beta-team-march","march","ford"
1976,"copersucar-fittipaldi","fittipaldi","ford"
1976,"durex-team-surtees","surtees","ford"
1976,"elf-team-tyrrell","tyrrell","ford"
1976,"first-national-city-bank-team-penske","penske","ford"
1976,"fs-properties","penske","ford"
1976,"hb-bewaking-alarm-systems","boro","ford"
1976,"heros-racing","tyrrell","ford"
1976,"hesketh-racing","hesketh","ford"
1976,"john-player-team-lotus","lotus","ford"
1976,"kojima-engineering","kojima","ford"
1976,"lavazza-march","march","ford"
1976,"lexington-racing","tyrrell","ford"
1976,"ligier-gitanes","ligier","matra"
1976,"lucky-strike-shadow-racing","shadow","ford"
1976,"maki-engineering","maki","ford"
1976,"mapfre-williams","williams","ford"
1976,"march-engineering","march","ford"
1976,"marlboro-team-mclaren","mclaren","ford"
1976,"martini-racing","brabham","alfa-romeo"
1976,"oasc-racing-team","tyrrell","ford"
1976,"ovoro-team-march","march","ford"
1976,"penthouse-rizla-racing-with-hesketh","hesketh","ford"
1976,"ram-racing","brabham","ford"
1976,"scuderia-ferrari-spa-sefac","ferrari","ferrari"
1976,"scuderia-gulf-rondini","tyrrell","ford"
1976,"shellsport-whiting","surtees","ford"
1976,"stanley-brm","brm","brm"
1976,"tabatip-shadow-racing","shadow","ford"
1976,"team-ensign","ensign","ford"
1976,"team-norev","surtees","ford"
1976,"team-pr-reilly","shadow","ford"
1976,"team-surtees","surtees","ford"
1976,"vels-parnelli-jones-racing","parnelli","ford"
1976,"wolf-williams-racing","wolf-williams","ford"
1977,"ambrosio-shadow-racing","shadow","ford"
1977,"ats-racing-team","penske","ford"
1977,"beta-team-surtees","surtees","ford"
1977,"brian-mcguire","mcguire","ford"
1977,"british-formula-one-racing-team","march","ford"
1977,"chesterfield-racing","march","ford"
1977,"chesterfield-racing","mclaren","ford"
1977,"durex-team-surtees","surtees","ford"
1977,"equipe-renault-elf","renault","renault"
1977,"first-national-city-elf-team-tyrrell","tyrrell","ford"
1977,"fittipaldi-automotive","fittipaldi","ford"
1977,"hb-bewaking-alarmsystemen","boro","ford"
1977,"heros-racing-corporation","kojima","ford"
1977,"hesketh-racing","hesketh","ford"
1977,"hollywood-march-racing","march","ford"
1977,"iberia-airlines","mclaren","ford"
1977,"interscope-racing","penske","ford"
1977,"john-player-team-lotus","lotus","ford"
1977,"jolly-club-of-switzerland","apollon","ford"
1977,"kojima-engineering","kojima","ford"
1977,"lec-refrigeration-racing","lec","ford"
1977,"ligier-gitanes","ligier","matra"
1977,"marlboro-team-mclaren","mclaren","ford"
1977,"martini-racing","brabham","alfa-romeo"
1977,"meiritsu-racing-team","tyrrell","ford"
1977,"melchester-racing","surtees","ford"
1977,"penthouse-rizla-racing","hesketh","ford"
1977,"ram-racing-fs-properties","march","ford"
1977,"scuderia-ferrari-spa-sefac","ferrari","ferrari"
1977,"stanley-brm","brm","brm"
1977,"team-merzario","march","ford"
1977,"team-rothmans-international","march","ford"
1977,"team-surtees","surtees","ford"
1977,"team-tissot-ensign-with-castrol","ensign","ford"
1977,"theodore-racing-hong-kong","ensign","ford"
1977,"walter-wolf-racing","wolf","ford"
1977,"williams-grand-prix-engineering","march","ford"
1978,"arrows-racing-team","arrows","ford"
1978,"ats-racing-team","ats-wheels","ford"
1978,"automobiles-martini","martini","ford"
1978,"beta-team-surtees","surtees","ford"
1978,"centro-asegurador-f1","mclaren","ford"
1978,"durex-team-surtees","surtees","ford"
1978,"equipe-renault-elf","renault","renault"
1978,"first-national-city-elf-team-tyrrell","tyrrell","ford"
1978,"fittipaldi-automotive","fittipaldi","ford"
1978,"interscope-racing","shadow","ford"
1978,"john-player-team-lotus","lotus","ford"
1978,"liggett-group-with-bs-fabrications","mclaren","ford"
1978,"ligier-gitanes","ligier","matra"
1978,"mario-deliotti-racing","ensign","ford"
1978,"marlboro-team-mclaren","mclaren","ford"
1978,"melchester-racing","mclaren","ford"
1978,"olympus-cameras-with-hesketh-racing","hesketh","ford"
1978,"parmalat-racing-team","brabham","alfa-romeo"
1978,"patrick-neve","march","ford"
1978,"sachs-racing","ensign","ford"
1978,"scuderia-ferrari-spa-sefac","ferrari","ferrari"
1978,"team-merzario","merzario","ford"
1978,"team-rebaque","lotus","ford"
1978,"team-surtees","surtees","ford"
1978,"team-tissot-ensign","ensign","ford"
1978,"theodore-racing","theodore","ford"
1978,"theodore-racing-hong-kong","theodore","ford"
1978,"theodore-racing-hong-kong","wolf","ford"
1978,"villiger-shadow","shadow","ford"
1978,"walter-wolf-racing","wolf","ford"
1978,"williams-grand-prix-engineering","williams","ford"
1979,"albilad-saudia-racing-team","williams","ford"
1979,"ats-wheels","ats-wheels","ford"
1979,"autodelta","alfa-romeo","alfa-romeo"
1979,"candy-tyrrell-team","tyrrell","ford"
1979,"equipe-renault-elf","renault","renault"
1979,"fittipaldi-automotive","fittipaldi","ford"
1979,"interscope-shadow-racing","shadow","ford"
1979,"ligier-gitanes","ligier","ford"
1979,"marlboro-team-mclaren","mclaren","ford"
1979,"martini-racing-team-lotus","lotus","ford"
1979,"olympus-cameras-wolf-racing","wolf","ford"
1979,"parmalat-racing-team","brabham","alfa-romeo"
1979,"parmalat-racing-team","brabham","ford"
1979,"samson-shadow-racing","shadow","ford"
1979,"scuderia-ferrari-spa-sefac","ferrari","ferrari"
1979,"team-ensign","ensign","ford"
1979,"team-merzario","merzario","ford"
1979,"team-rebaque","lotus","ford"
1979,"team-rebaque","rebaque","ford"
1979,"warsteiner-arrows-racing-team","arrows","ford"
1979,"willi-kauhsen-racing-team","kauhsen","ford"
1980,"albilad-williams-racing-team","williams","ford"
1980,"brands-hatch-racing","williams","ford"
1980,"candy-tyrrell-team","tyrrell","ford"
1980,"equipe-ligier-gitanes","ligier","ford"
1980,"equipe-renault-elf","renault","renault"
1980,"marlboro-team-alfa-romeo","alfa-romeo","alfa-romeo"
1980,"marlboro-team-mclaren","mclaren","ford"
1980,"osella-racing-team","osella","ford"
1980,"parmalat-racing-team","brabham","ford"
1980,"ram-penthouse-rizla-racing","williams","ford"
1980,"ram-rainbow-jeans-racing","williams","ford"
1980,"ram-williams-grand-prix-engineering","williams","ford"
1980,"scuderia-ferrari-spa-sefac","ferrari","ferrari"
1980,"skol-fittipaldi-team","fittipaldi","ford"
1980,"team-ats","ats-wheels","ford"
1980,"team-essex-lotus","lotus","ford"
1980,"theodore-shadow","shadow","ford"
1980,"unipart-racing-team","ensign","ford"
1980,"warsteiner-arrows-racing-team","arrows","ford"
1981,"albilad-williams-racing-team","williams","ford"
1981,"candy-toleman-motorsport","toleman","hart"
1981,"denim-osella","osella","ford"
1981,"ensign-racing","ensign","ford"
1981,"equipe-renault-elf","renault","renault"
1981,"equipe-talbot-gitanes","ligier","matra"
1981,"fittipaldi-automotive","fittipaldi","ford"
1981,"march-grand-prix-team","march","ford"
1981,"marlboro-mclaren-international","mclaren","ford"
1981,"marlboro-team-alfa-romeo","alfa-romeo","alfa-romeo"
1981,"parmalat-racing-team","brabham","ford"
1981,"ragno-arrows-beta-racing-team","arrows","ford"
1981,"scuderia-ferrari-spa-sefac","ferrari","ferrari"
1981,"team-ats","ats-wheels","ford"
1981,"team-essex-lotus","lotus","ford"
1981,"theodore-racing-team","theodore","ford"
1981,"tyrrell-racing-team","tyrrell","ford"
1982,"arrows-racing-team","arrows","ford"
1982,"candy-toleman-motorsport","toleman","hart"
1982,"ensign-racing","ensign","ford"
1982,"equipe-renault-elf","renault","renault"
1982,"equipe-talbot-gitanes","ligier","matra"
1982,"fittipaldi-automotive","fittipaldi","ford"
1982,"john-player-team-lotus","lotus","ford"
1982,"lbt-team-march","march","ford"
1982,"marlboro-mclaren-international","mclaren","ford"
1982,"marlboro-team-alfa-romeo","alfa-romeo","alfa-romeo"
1982,"osella-squadra-corse","osella","ford"
1982,"parmalat-racing-team","brabham","bmw"
1982,"parmalat-racing-team","brabham","ford"
1982,"rothmans-march-grand-prix-team","march","ford"
1982,"scuderia-ferrari-spa-sefac","ferrari","ferrari"
1982,"tag-williams-team","williams","ford"
1982,"team-ats","ats-wheels","ford"
1982,"team-tyrrell","tyrrell","ford"
1982,"theodore-racing-team","theodore","ford"
1983,"arrows-racing-team","arrows","ford"
1983,"benetton-tyrrell-team","tyrrell","ford"
1983,"candy-toleman-motorsport","toleman","hart"
1983,"equipe-ligier-gitanes","ligier","ford"
1983,"equipe-renault-elf","renault","renault"
1983,"fila-sport-brabham","brabham","bmw"
1983,"john-player-special-team-lotus","lotus","ford"
1983,"john-player-special-team-lotus","lotus","renault"
1983,"kelemata-osella","osella","ford"
1983,"kelemata-osella","osella","alfa-romeo"
1983,"marlboro-mclaren-international","mclaren","ford"
1983,"marlboro-mclaren-international","mclaren","tag"
1983,"marlboro-team-alfa-romeo","alfa-romeo","alfa-romeo"
1983,"ram-racing-team-march","ram","ford"
1983,"scuderia-ferrari-spa-sefac","ferrari","ferrari"
1983,"spirit-racing","spirit","honda"
1983,"tag-williams-team","williams","ford"
1983,"tag-williams-team","williams","honda"
1983,"team-ats","ats-wheels","bmw"
1983,"theodore-racing-team","theodore","ford"
1984,"barclay-nordica-arrows-bmw","arrows","ford"
1984,"barclay-nordica-arrows-bmw","arrows","bmw"
1984,"benetton-team-alfa-romeo","alfa-romeo","alfa-romeo"
1984,"equipe-renault-elf","renault","renault"
1984,"john-player-special-team-lotus","lotus","renault"
1984,"ligier-loto","ligier","renault"
1984,"marlboro-mclaren-tag-turbo","mclaren","tag"
1984,"mrd-international-brabham","brabham","bmw"
1984,"osella-squadra-corse","osella","alfa-romeo"
1984,"scuderia-ferrari-spa-sefac","ferrari","ferrari"
1984,"skoal-bandit-formula-1-team","ram","hart"
1984,"spirit-racing","spirit","hart"
1984,"spirit-racing","spirit","ford"
1984,"team-ats","ats-wheels","bmw"
1984,"toleman-group-motorsport","toleman","hart"
1984,"tyrrell-racing-organisation","tyrrell","ford"
1984,"williams-grand-prix-engineering","williams","honda"
1985,"barclay-arrows-bmw","arrows","bmw"
1985,"benetton-team-alfa-romeo","alfa-romeo","alfa-romeo"
1985,"canon-williams-honda-team","williams","honda"
1985,"equipe-ligier","ligier","renault"
1985,"equipe-renault-elf","renault","renault"
1985,"john-player-special-team-lotus","lotus","renault"
1985,"kelemata-osella","osella","alfa-romeo"
1985,"marlboro-mclaren-tag-turbo","mclaren","tag"
1985,"minardi-team","minardi","ford"
1985,"minardi-team","minardi","motori-moderni"
1985,"olivetti-racing","brabham","bmw"
1985,"scuderia-ferrari-spa-sefac","ferrari","ferrari"
1985,"skoal-bandit-formula-1-team","ram","hart"
1985,"spirit-enterprises-ltd","spirit","hart"
1985,"team-haas-usa-ltd","lola","hart"
1985,"toleman-group-motorsport","toleman","hart"
1985,"tyrrell-racing-organisation","tyrrell","ford"
1985,"tyrrell-racing-organisation","tyrrell","renault"
1985,"west-zakspeed-racing","zakspeed","zakspeed"
1986,"barclay-arrows-bmw","arrows","bmw"
1986,"benetton-formula","benetton","bmw"
1986,"canon-williams-honda-team","williams","honda"
1986,"data-general-team-tyrrell","tyrrell","renault"
1986,"equipe-ligier","ligier","renault"
1986,"john-player-special-team-lotus","lotus","renault"
1986,"jolly-club-spa","ags","motori-moderni"
1986,"marlboro-mclaren-tag-turbo","mclaren","tag"
1986,"minardi-team","minardi","motori-moderni"
1986,"olivetti-brabham","brabham","bmw"
1986,"osella-squadra-corse","osella","alfa-romeo"
1986,"scuderia-ferrari-spa-sefac","ferrari","ferrari"
1986,"team-haas-usa-ltd","lola","hart"
1986,"team-haas-usa-ltd","lola","ford"
1986,"west-zakspeed-racing","zakspeed","zakspeed"
1987,"benetton-formula","benetton","ford"
1987,"camel-team-lotus-honda","lotus","honda"
1987,"canon-williams-honda-team","williams","honda"
1987,"data-general-team-tyrrell","tyrrell","ford"
1987,"el-charro","ags","ford"
1987,"enzo-coloni-racing-car-system","coloni","ford"
1987,"landis-gyr-osella","osella","alfa-romeo"
1987,"larrousse-calmels","lola","ford"
1987,"leyton-house-march-racing-team","march","ford"
1987,"ligier-loto","ligier","megatron"
1987,"marlboro-mclaren-tag-turbo","mclaren","tag"
1987,"minardi-team","minardi","motori-moderni"
1987,"motor-racing-developments","brabham","bmw"
1987,"scuderia-ferrari-spa-sefac","ferrari","ferrari"
1987,"usfg-arrows-megatron","arrows","megatron"
1987,"west-zakspeed-racing","zakspeed","zakspeed"
1988,"ags","ags","ford"
1988,"benetton-formula","benetton","ford"
1988,"camel-team-lotus-honda","lotus","honda"
1988,"canon-williams-team","williams","judd"
1988,"coloni","coloni","ford"
1988,"eurobrun-racing","eurobrun","ford"
1988,"honda-marlboro-mclaren","mclaren","honda"
1988,"larrousse-calmels","lola","ford"
1988,"leyton-house-march-racing-team","march","judd"
1988,"ligier-loto","ligier","judd"
1988,"lois-minardi-team","minardi","ford"
1988,"osella-squadra-corse","osella","osella"
1988,"rial-racing","rial","ford"
1988,"scuderia-ferrari-spa-sefac","ferrari","ferrari"
1988,"scuderia-italia","dallara","ford"
1988,"tyrrell-racing-organisation","tyrrell","ford"
1988,"usfg-arrows-megatron","arrows","megatron"
1988,"west-zakspeed-racing","zakspeed","zakspeed"
1989,"ags","ags","ford"
1989,"benetton-formula","benetton","ford"
1989,"camel-team-lotus","lotus","judd"
1989,"canon-williams-team","williams","renault"
1989,"coloni","coloni","ford"
1989,"eurobrun-racing","eurobrun","judd"
1989,"first-racing","first","judd"
1989,"fondmetal-osella","osella","ford"
1989,"honda-marlboro-mclaren","mclaren","honda"
1989,"leyton-house-racing","march","judd"
1989,"ligier-loto","ligier","ford"
1989,"lois-minardi-team","minardi","ford"
1989,"moneytron-onyx-formula-one","onyx","ford"
1989,"motor-racing-developments","brabham","judd"
1989,"rial-racing","rial","ford"
1989,"scuderia-ferrari-spa-sefac","ferrari","ferrari"
1989,"scuderia-italia","dallara","ford"
1989,"team-larrousse","lola","lamborghini"
1989,"tyrrell-racing-organisation","tyrrell","ford"
1989,"usfg-arrows-ford","arrows","ford"
1989,"west-zakspeed-racing","zakspeed","yamaha"
1990,"ags","ags","ford"
1990,"benetton-formula","benetton","ford"
1990,"camel-team-lotus","lotus","lamborghini"
1990,"canon-williams-team","williams","renault"
1990,"coloni-racing","coloni","ford"
1990,"espo-larrousse-f1","lola","lamborghini"
1990,"eurobrun-racing","eurobrun","judd"
1990,"fondmetal-osella","osella","ford"
1990,"footwork-arrows-racing","arrows","ford"
1990,"honda-marlboro-mclaren","mclaren","honda"
1990,"leyton-house-racing","leyton-house","judd"
1990,"life-racing-engines","life","life"
1990,"life-racing-engines","life","judd"
1990,"ligier-gitanes","ligier","ford"
1990,"monteverdi-onyx-formula-one","onyx","ford"
1990,"motor-racing-developments","brabham","judd"
1990,"scm-minardi-team","minardi","ford"
1990,"scuderia-ferrari","ferrari","ferrari"
1990,"scuderia-italia","dallara","ford"
1990,"subaru-coloni-racing","coloni","subaru"
1990,"tyrrell-racing-organisation","tyrrell","ford"
1991,"ags","ags","ford"
1991,"braun-tyrrell-honda","tyrrell","honda"
1991,"camel-benetton-ford","benetton","ford"
1991,"canon-williams","williams","renault"
1991,"coloni-racing","coloni","ford"
1991,"fondmetal","fondmetal","ford"
1991,"footwork-ford","footwork","ford"
1991,"footwork-porsche","footwork","porsche"
1991,"honda-marlboro-mclaren","mclaren","honda"
1991,"larrousse-f1","lola","ford"
1991,"leyton-house-racing","leyton-house","ilmor"
1991,"ligier-gitanes","ligier","lamborghini"
1991,"minardi-team","minardi","ferrari"
1991,"modena-team-spa","modena","lamborghini"
1991,"motor-racing-developments","brabham","yamaha"
1991,"scuderia-ferrari","ferrari","ferrari"
1991,"scuderia-italia","dallara","judd"
1991,"team-7up-jordan","jordan","ford"
1991,"team-lotus","lotus","judd"
1992,"andrea-moda-formula","andrea-moda","judd"
1992,"camel-benetton-ford","benetton","ford"
1992,"canon-williams","williams","renault"
1992,"central-park-venturi-larrousse","venturi","lamborghini"
1992,"fondmetal","fondmetal","ford"
1992,"footwork-mugen-honda","footwork","mugen-honda"
1992,"honda-marlboro-mclaren","mclaren","honda"
1992,"ligier-gitanes-blondes","ligier","renault"
1992,"march-f1","march","ilmor"
1992,"minardi-team","minardi","lamborghini"
1992,"motor-racing-developments","brabham","judd"
1992,"sasol-jordan-yamaha","jordan","yamaha"
1992,"scuderia-ferrari","ferrari","ferrari"
1992,"scuderia-italia","dallara","ferrari"
1992,"team-lotus","lotus","ford"
1992,"tyrrell-racing-organisation","tyrrell","ilmor"
1993,"camel-benetton-ford","benetton","ford"
1993,"canon-williams","williams","renault"
1993,"footwork-mugen-honda","footwork","mugen-honda"
1993,"larrousse-f1","larrousse","lamborghini"
1993,"ligier-gitanes-blondes","ligier","renault"
1993,"lola-bms-scuderia-italia","lola","ferrari"
1993,"march-f1","march","ilmor"
1993,"marlboro-mclaren","mclaren","ford"
1993,"minardi-team","minardi","ford"
1993,"sasol-jordan","jordan","hart"
1993,"sauber","sauber","sauber"
1993,"scuderia-ferrari","ferrari","ferrari"
1993,"team-castrol-lotus","lotus","ford"
1993,"tyrrell-racing-organisation","tyrrell","yamaha"
1994,"broker-sauber-mercedes","sauber","mercedes"
1994,"footwork-ford","footwork","ford"
1994,"ligier-gitanes-blondes","ligier","renault"
1994,"marlboro-mclaren-peugeot","mclaren","peugeot"
1994,"mild-seven-benetton-ford","benetton","ford"
1994,"minardi-scuderia-italia","minardi","ford"
1994,"mtv-simtek-ford","simtek","ford"
1994,"pacific-grand-prix","pacific","ilmor"
1994,"rothmans-williams-renault","williams","renault"
1994,"sasol-jordan","jordan","hart"
1994,"scuderia-ferrari","ferrari","ferrari"
1994,"team-lotus","lotus","mugen-honda"
1994,"tourtel-larrousse-f1","larrousse","ford"
1994,"tyrrell-racing-organisation","tyrrell","yamaha"
1995,"footwork-hart","footwork","hart"
1995,"junior-larrousse-f1","larrousse","ford"
1995,"ligier-gitanes-blondes","ligier","mugen-honda"
1995,"marlboro-mclaren-mercedes","mclaren","mercedes"
1995,"mild-seven-benetton-renault","benetton","renault"
1995,"minardi-scuderia-italia","minardi","ford"
1995,"mtv-simtek-ford","simtek","ford"
1995,"nokia-tyrrell-yamaha","tyrrell","yamaha"
1995,"pacific-team-lotus","pacific","ford"
1995,"parmalat-forti-ford","forti","ford"
1995,"red-bull-sauber-ford","sauber","ford"
1995,"rothmans-williams-renault","williams","renault"
1995,"scuderia-ferrari","ferrari","ferrari"
1995,"total-jordan-peugeot","jordan","peugeot"
1996,"benson-hedges-total-jordan-peugeot","jordan","peugeot"
1996,"footwork-hart","footwork","hart"
1996,"forti-grand-prix","forti","ford"
1996,"ligier-gauloises-blondes","ligier","mugen-honda"
1996,"marlboro-mclaren-mercedes","mclaren","mercedes"
1996,"mild-seven-benetton-renault","benetton","renault"
1996,"minardi-team","minardi","ford"
1996,"red-bull-sauber-ford","sauber","ford"
1996,"rothmans-williams-renault","williams","renault"
1996,"scuderia-ferrari","ferrari","ferrari"
1996,"tyrrell-yamaha","tyrrell","yamaha"
1997,"benson-hedges-jordan-peugeot","jordan","peugeot"
1997,"danka-arrows-yamaha","arrows","yamaha"
1997,"hsbc-malaysia-stewart-ford","stewart","ford"
1997,"mastercard-lola-f1-team","lola","ford"
1997,"mild-seven-benetton-renault","benetton","renault"
1997,"minardi-team","minardi","hart"
1997,"piaa-tyrrell-ford","tyrrell","ford"
1997,"prost-gauloises-blondes","prost","mugen-honda"
1997,"red-bull-sauber-petronas","sauber","petronas"
1997,"rothmans-williams-renault","williams","renault"
1997,"scuderia-ferrari-marlboro","ferrari","ferrari"
1997,"west-mclaren-mercedes","mclaren","mercedes"
1998,"benson-hedges-jordan","jordan","mugen-honda"
1998,"danka-zepter-arrows","arrows","arrows"
1998,"fondmetal-minardi-team","minardi","ford"
1998,"gauloises-prost-peugeot","prost","peugeot"
1998,"hsbc-stewart-ford","stewart","ford"
1998,"mild-seven-benetton-playlife","benetton","playlife"
1998,"piaa-tyrrell","tyrrell","ford"
1998,"red-bull-sauber-petronas","sauber","petronas"
1998,"scuderia-ferrari-marlboro","ferrari","ferrari"
1998,"west-mclaren-mercedes","mclaren","mercedes"
1998,"winfield-williams","williams","mecachrome"
1999,"benson-hedges-jordan","jordan","mugen-honda"
1999,"british-american-racing","bar","supertec"
1999,"fondmetal-minardi-team","minardi","ford"
1999,"gauloises-prost-peugeot","prost","peugeot"
1999,"hsbc-stewart-ford","stewart","ford"
1999,"mild-seven-benetton-playlife","benetton","playlife"
1999,"red-bull-sauber-petronas","sauber","petronas"
1999,"repsol-arrows","arrows","arrows"
1999,"scuderia-ferrari-marlboro","ferrari","ferrari"
1999,"west-mclaren-mercedes","mclaren","mercedes"
1999,"winfield-williams","williams","supertec"
2000,"arrows-f1-team","arrows","supertec"
2000,"benson-hedges-jordan","jordan","mugen-honda"
2000,"bmw-williamsf1-team","williams","bmw"
2000,"gauloises-prost-peugeot","prost","peugeot"
2000,"jaguar-racing-f1-team","jaguar","cosworth"
2000,"lucky-strike-reynard-bar-honda","bar","honda"
2000,"mild-seven-benetton-playlife","benetton","playlife"
2000,"red-bull-sauber-petronas","sauber","petronas"
2000,"scuderia-ferrari-marlboro","ferrari","ferrari"
2000,"telefonica-minardi-fondmetal","minardi","fondmetal"
2000,"west-mclaren-mercedes","mclaren","mercedes"
2001,"benson-hedges-jordan-honda","jordan","honda"
2001,"bmw-williamsf1-team","williams","bmw"
2001,"european-minardi-f1","minardi","european"
2001,"jaguar-racing-f1-team","jaguar","cosworth"
2001,"lucky-strike-bar-honda","bar","honda"
2001,"mild-seven-benetton-renault","benetton","renault"
2001,"orange-arrows-asiatech","arrows","asiatech"
2001,"prost-grand-prix","prost","acer"
2001,"red-bull-sauber-petronas","sauber","petronas"
2001,"scuderia-ferrari-marlboro","ferrari","ferrari"
2001,"west-mclaren-mercedes","mclaren","mercedes"
2002,"bmw-williamsf1-team","williams","bmw"
2002,"dhl-jordan-honda","jordan","honda"
2002,"jaguar-racing-f1-team","jaguar","cosworth"
2002,"kl-minardi-asiatech","minardi","asiatech"
2002,"lucky-strike-bar-honda","bar","honda"
2002,"mild-seven-renault-f1-team","renault","renault"
2002,"orange-arrows","arrows","cosworth"
2002,"panasonic-toyota-racing","toyota","toyota"
2002,"sauber-petronas","sauber","petronas"
2002,"scuderia-ferrari-marlboro","ferrari","ferrari"
2002,"west-mclaren-mercedes","mclaren","mercedes"
2003,"benson-hedges-jordan-ford","jordan","ford"
2003,"bmw-williamsf1-team","williams","bmw"
2003,"jaguar-racing-f1-team","jaguar","cosworth"
2003,"lucky-strike-bar-honda","bar","honda"
2003,"mild-seven-renault-f1-team","renault","renault"
2003,"panasonic-toyota-racing","toyota","toyota"
2003,"sauber-petronas","sauber","petronas"
2003,"scuderia-ferrari-marlboro","ferrari","ferrari"
2003,"trust-minardi-cosworth","minardi","cosworth"
2003,"west-mclaren-mercedes","mclaren","mercedes"
2004,"bmw-williamsf1-team","williams","bmw"
2004,"jaguar-racing-f1-team","jaguar","cosworth"
2004,"jordan-ford","jordan","ford"
2004,"lucky-strike-bar-honda","bar","honda"
2004,"mild-seven-renault-f1-team","renault","renault"
2004,"minardi-cosworth","minardi","cosworth"
2004,"panasonic-toyota-racing","toyota","toyota"
2004,"sauber-petronas","sauber","petronas"
2004,"scuderia-ferrari-marlboro","ferrari","ferrari"
2004,"west-mclaren-mercedes","mclaren","mercedes"
2005,"bmw-williamsf1-team","williams","bmw"
2005,"jordan-grand-prix","jordan","toyota"
2005,"lucky-strike-bar-honda","bar","honda"
2005,"mild-seven-renault-f1-team","renault","renault"
2005,"minardi-f1-team","minardi","cosworth"
2005,"panasonic-toyota-racing","toyota","toyota"
2005,"red-bull-racing","red-bull","cosworth"
2005,"sauber-petronas","sauber","petronas"
2005,"scuderia-ferrari-marlboro","ferrari","ferrari"
2005,"team-mclaren-mercedes","mclaren","mercedes"
2006,"bmw-sauber-f1-team","bmw-sauber","bmw"
2006,"lucky-strike-honda-racing-f1-team","honda","honda"
2006,"mf1-racing","midland","toyota"
2006,"mild-seven-renault-f1-team","renault","renault"
2006,"panasonic-toyota-racing","toyota","toyota"
2006,"red-bull-racing","red-bull","ferrari"
2006,"scuderia-ferrari-marlboro","ferrari","ferrari"
2006,"scuderia-toro-rosso","toro-rosso","cosworth"
2006,"super-aguri-f1-team","super-aguri","honda"
2006,"team-mclaren-mercedes","mclaren","mercedes"
2006,"williams-f1-team","williams","cosworth"
2007,"att-williams","williams","toyota"
2007,"bmw-sauber-f1-team","bmw-sauber","bmw"
2007,"etihad-aldar-spyker-f1-team","spyker","ferrari"
2007,"honda-racing-f1-team","honda","honda"
2007,"ing-renault-f1-team","renault","renault"
2007,"panasonic-toyota-racing","toyota","toyota"
2007,"red-bull-racing","red-bull","renault"
2007,"scuderia-ferrari-marlboro","ferrari","ferrari"
2007,"scuderia-toro-rosso","toro-rosso","ferrari"
2007,"super-aguri-f1-team","super-aguri","honda"
2007,"vodafone-mclaren-mercedes","mclaren","mercedes"
2008,"att-williams","williams","toyota"
2008,"bmw-sauber-f1-team","bmw-sauber","bmw"
2008,"force-india-f1-team","force-india","ferrari"
2008,"honda-racing-f1-team","honda","honda"
2008,"ing-renault-f1-team","renault","renault"
2008,"panasonic-toyota-racing","toyota","toyota"
2008,"red-bull-racing","red-bull","renault"
2008,"scuderia-ferrari-marlboro","ferrari","ferrari"
2008,"scuderia-toro-rosso","toro-rosso","ferrari"
2008,"super-aguri-f1-team","super-aguri","honda"
2008,"vodafone-mclaren-mercedes","mclaren","mercedes"
2009,"att-williams","williams","toyota"
2009,"bmw-sauber-f1-team","bmw-sauber","bmw"
2009,"brawn-gp-formula-1-team","brawn","mercedes"
2009,"force-india-f1-team","force-india","mercedes"
2009,"ing-renault-f1-team","renault","renault"
2009,"panasonic-toyota-racing","toyota","toyota"
2009,"red-bull-racing","red-bull","renault"
2009,"scuderia-ferrari-marlboro","ferrari","ferrari"
2009,"scuderia-toro-rosso","toro-rosso","ferrari"
2009,"vodafone-mclaren-mercedes","mclaren","mercedes"
2010,"att-williams","williams","cosworth"
2010,"bmw-sauber-f1-team","sauber","ferrari"
2010,"force-india-f1-team","force-india","mercedes"
2010,"hispania-racing-f1-team","hrt","cosworth"
2010,"lotus-racing","lotus-racing","cosworth"
2010,"mercedes-gp-petronas-f1-team","mercedes","mercedes"
2010,"red-bull-racing","red-bull","renault"
2010,"renault-f1-team","renault","renault"
2010,"scuderia-ferrari-marlboro","ferrari","ferrari"
2010,"scuderia-toro-rosso","toro-rosso","ferrari"
2010,"virgin-racing","virgin","cosworth"
2010,"vodafone-mclaren-mercedes","mclaren","mercedes"
2011,"att-williams","williams","cosworth"
2011,"force-india-f1-team","force-india","mercedes"
2011,"hrt-formula-1-team","hrt","cosworth"
2011,"lotus-renault-gp","renault","renault"
2011,"marussia-virgin-racing","virgin","cosworth"
2011,"mercedes-gp-petronas-f1-team","mercedes","mercedes"
2011,"red-bull-racing","red-bull","renault"
2011,"sauber-f1-team","sauber","ferrari"
2011,"scuderia-ferrari","ferrari","ferrari"
2011,"scuderia-toro-rosso","toro-rosso","ferrari"
2011,"team-lotus","lotus-racing","renault"
2011,"vodafone-mclaren-mercedes","mclaren","mercedes"
2012,"caterham-f1-team","caterham","renault"
2012,"hrt-formula-1-team","hrt","cosworth"
2012,"lotus-f1-team","lotus-f1","renault"
2012,"marussia-f1-team","marussia","cosworth"
2012,"mercedes-amg-petronas-f1-team","mercedes","mercedes"
2012,"red-bull-racing","red-bull","renault"
2012,"sahara-force-india-f1-team","force-india","mercedes"
2012,"sauber-f1-team","sauber","ferrari"
2012,"scuderia-ferrari","ferrari","ferrari"
2012,"scuderia-toro-rosso","toro-rosso","ferrari"
2012,"vodafone-mclaren-mercedes","mclaren","mercedes"
2012,"williams-f1-team","williams","renault"
2013,"caterham-f1-team","caterham","renault"
2013,"infiniti-red-bull-racing","red-bull","renault"
2013,"lotus-f1-team","lotus-f1","renault"
2013,"marussia-f1-team","marussia","cosworth"
2013,"mercedes-amg-petronas-f1-team","mercedes","mercedes"
2013,"sahara-force-india-f1-team","force-india","mercedes"
2013,"sauber-f1-team","sauber","ferrari"
2013,"scuderia-ferrari","ferrari","ferrari"
2013,"scuderia-toro-rosso","toro-rosso","ferrari"
2013,"vodafone-mclaren-mercedes","mclaren","mercedes"
2013,"williams-f1-team","williams","renault"
2014,"caterham-f1-team","caterham","renault"
2014,"infiniti-red-bull-racing","red-bull","renault"
2014,"lotus-f1-team","lotus-f1","renault"
2014,"marussia-f1-team","marussia","ferrari"
2014,"mclaren-mercedes","mclaren","mercedes"
2014,"mercedes-amg-petronas-f1-team","mercedes","mercedes"
2014,"sahara-force-india-f1-team","force-india","mercedes"
2014,"sauber-f1-team","sauber","ferrari"
2014,"scuderia-ferrari","ferrari","ferrari"
2014,"scuderia-toro-rosso","toro-rosso","renault"
2014,"williams-martini-racing","williams","mercedes"
2015,"infiniti-red-bull-racing","red-bull","renault"
2015,"lotus-f1-team","lotus-f1","mercedes"
2015,"manor-marussia-f1-team","marussia","ferrari"
2015,"mclaren-honda","mclaren","honda"
2015,"mercedes-amg-petronas-f1-team","mercedes","mercedes"
2015,"sahara-force-india-f1-team","force-india","mercedes"
2015,"sauber-f1-team","sauber","ferrari"
2015,"scuderia-ferrari","ferrari","ferrari"
2015,"scuderia-toro-rosso","toro-rosso","renault"
2015,"williams-martini-racing","williams","mercedes"
2016,"haas-f1-team","haas","ferrari"
2016,"manor-racing-mrt","manor","mercedes"
2016,"mclaren-honda-formula-1-team","mclaren","honda"
2016,"mercedes-amg-petronas-formula-one-team","mercedes","mercedes"
2016,"red-bull-racing","red-bull","tag-heuer"
2016,"renault-sport-formula-one-team","renault","renault"
2016,"sahara-force-india-formula-one-team","force-india","mercedes"
2016,"sauber-f1-team","sauber","ferrari"
2016,"scuderia-ferrari","ferrari","ferrari"
2016,"scuderia-toro-rosso","toro-rosso","ferrari"
2016,"williams-martini-racing","williams","mercedes"
2017,"haas-f1-team","haas","ferrari"
2017,"mclaren-honda","mclaren","honda"
2017,"mercedes-amg-petronas-motorsport","mercedes","mercedes"
2017,"red-bull-racing","red-bull","tag-heuer"
2017,"renault-sport-formula-one-team","renault","renault"
2017,"sahara-force-india-f1-team","force-india","mercedes"
2017,"sauber-f1-team","sauber","ferrari"
2017,"scuderia-ferrari","ferrari","ferrari"
2017,"scuderia-toro-rosso","toro-rosso","toro-rosso"
2017,"williams-martini-racing","williams","mercedes"
2018,"alfa-romeo-sauber-f1-team","sauber","ferrari"
2018,"aston-martin-red-bull-racing","red-bull","tag-heuer"
2018,"haas-f1-team","haas","ferrari"
2018,"mclaren-f1-team","mclaren","renault"
2018,"mercedes-amg-petronas-motorsport","mercedes","mercedes"
2018,"racing-point-force-india-f1-team","force-india","mercedes"
2018,"red-bull-toro-rosso-honda","toro-rosso","honda"
2018,"renault-sport-formula-one-team","renault","renault"
2018,"sahara-force-india-f1-team","force-india","mercedes"
2018,"scuderia-ferrari","ferrari","ferrari"
2018,"williams-martini-racing","williams","mercedes"
2019,"alfa-romeo-racing","alfa-romeo","ferrari"
2019,"aston-martin-red-bull-racing","red-bull","honda"
2019,"haas-f1-team","haas","ferrari"
2019,"mclaren-f1-team","mclaren","renault"
2019,"mercedes-amg-petronas-motorsport","mercedes","mercedes"
2019,"red-bull-toro-rosso-honda","toro-rosso","honda"
2019,"renault-f1-team","renault","renault"
2019,"rokit-williams-racing","williams","mercedes"
2019,"scuderia-ferrari-mission-winnow","ferrari","ferrari"
2019,"sportpesa-racing-point-f1-team","racing-point","bwt-mercedes"
2020,"alfa-romeo-racing-orlen","alfa-romeo","ferrari"
2020,"aston-martin-red-bull-racing","red-bull","honda"
2020,"bwt-racing-point-f1-team","racing-point","bwt-mercedes"
2020,"haas-f1-team","haas","ferrari"
2020,"mclaren-f1-team","mclaren","renault"
2020,"mercedes-amg-petronas-f1-team","mercedes","mercedes"
2020,"renault-dp-world-f1-team","renault","renault"
2020,"scuderia-alphatauri-honda","alphatauri","honda"
2020,"scuderia-ferrari","ferrari","ferrari"
2020,"williams-racing","williams","mercedes"
2021,"alfa-romeo-racing-orlen","alfa-romeo","ferrari"
2021,"alpine-f1-team","alpine","renault"
2021,"aston-martin-cognizant-f1-team","aston-martin","mercedes"
2021,"mclaren-f1-team","mclaren","mercedes"
2021,"mercedes-amg-petronas-f1-team","mercedes","mercedes"
2021,"red-bull-racing-honda","red-bull","honda"
2021,"scuderia-alphatauri-honda","alphatauri","honda"
2021,"scuderia-ferrari-mission-winnow","ferrari","ferrari"
2021,"uralkali-haas-f1-team","haas","ferrari"
2021,"williams-racing","williams","mercedes"
2022,"alfa-romeo-f1-team-orlen","alfa-romeo","ferrari"
2022,"aston-martin-aramco-cognizant-f1-team","aston-martin","mercedes"
2022,"bwt-alpine-f1-team","alpine","renault"
2022,"haas-f1-team","haas","ferrari"
2022,"mclaren-f1-team","mclaren","mercedes"
2022,"mercedes-amg-petronas-f1-team","mercedes","mercedes"
2022,"oracle-red-bull-racing","red-bull","rbpt"
2022,"scuderia-alphatauri","alphatauri","rbpt"
2022,"scuderia-ferrari","ferrari","ferrari"
2022,"williams-racing","williams","mercedes"
2023,"alfa-romeo-f1-team-stake","alfa-romeo","ferrari"
2023,"aston-martin-aramco-cognizant-f1-team","aston-martin","mercedes"
2023,"bwt-alpine-f1-team","alpine","renault"
2023,"mclaren-f1-team","mclaren","mercedes"
2023,"mercedes-amg-petronas-f1-team","mercedes","mercedes"
2023,"moneygram-haas-f1-team","haas","ferrari"
2023,"oracle-red-bull-racing","red-bull","honda-rbpt"
2023,"scuderia-alphatauri","alphatauri","honda-rbpt"
2023,"scuderia-ferrari","ferrari","ferrari"
2023,"williams-racing","williams","mercedes"
2024,"aston-martin-aramco-f1-team","aston-martin","mercedes"
2024,"bwt-alpine-f1-team","alpine","renault"
2024,"mclaren-f1-team","mclaren","mercedes"
2024,"mercedes-amg-petronas-f1-team","mercedes","mercedes"
2024,"moneygram-haas-f1-team","haas","ferrari"
2024,"oracle-red-bull-racing","red-bull","honda-rbpt"
2024,"scuderia-ferrari","ferrari","ferrari"
2024,"stake-f1-team-kick-sauber","kick-sauber","ferrari"
2024,"visa-cash-app-rb-f1-team","rb","honda-rbpt"
2024,"williams-racing","williams","mercedes"
