"raceId","year","round","positionDisplayOrder","positionNumber","positionText","driverNumber","driverId","constructorId","engineManufacturerId","tyreManufacturerId","percentage"
936,2016,1,1,1,"1","8","romain-grosjean","haas","ferrari","pirelli",
937,2016,2,1,1,"1","8","romain-grosjean","haas","ferrari","pirelli",
938,2016,3,1,1,"1","26","daniil-kvyat","red-bull","tag-heuer","pirelli",
939,2016,4,1,1,"1","20","kevin-magnussen","renault","renault","pirelli",
940,2016,5,1,1,"1","33","max-verstappen","red-bull","tag-heuer","pirelli",
941,2016,6,1,1,"1","11","sergio-perez","force-india","mercedes","pirelli",
942,2016,7,1,1,"1","33","max-verstappen","red-bull","tag-heuer","pirelli",
943,2016,8,1,1,"1","11","sergio-perez","force-india","mercedes","pirelli",
944,2016,9,1,1,"1","33","max-verstappen","red-bull","tag-heuer","pirelli",
945,2016,10,1,1,"1","33","max-verstappen","red-bull","tag-heuer","pirelli",
946,2016,11,1,1,"1","7","kimi-raikkonen","ferrari","ferrari","pirelli",
947,2016,12,1,1,"1","3","daniel-ricciardo","red-bull","tag-heuer","pirelli",
948,2016,13,1,1,"1","44","lewis-hamilton","mercedes","mercedes","pirelli",
949,2016,14,1,1,"1","6","nico-rosberg","mercedes","mercedes","pirelli",
950,2016,15,1,1,"1","5","sebastian-vettel","ferrari","ferrari","pirelli",
951,2016,16,1,1,"1","33","max-verstappen","red-bull","tag-heuer","pirelli",
952,2016,17,1,1,"1","33","max-verstappen","red-bull","tag-heuer","pirelli",
953,2016,18,1,1,"1","33","max-verstappen","red-bull","tag-heuer","pirelli",
954,2016,19,1,1,"1","5","sebastian-vettel","ferrari","ferrari","pirelli",
955,2016,20,1,1,"1","33","max-verstappen","red-bull","tag-heuer","pirelli",
956,2016,21,1,1,"1","5","sebastian-vettel","ferrari","ferrari","pirelli",
957,2017,1,1,1,"1","5","sebastian-vettel","ferrari","ferrari","pirelli",
958,2017,2,1,1,"1","33","max-verstappen","red-bull","tag-heuer","pirelli",
959,2017,3,1,1,"1","5","sebastian-vettel","ferrari","ferrari","pirelli",
960,2017,4,1,1,"1","77","valtteri-bottas","mercedes","mercedes","pirelli",
961,2017,5,1,1,"1","5","sebastian-vettel","ferrari","ferrari","pirelli",
962,2017,6,1,1,"1","5","sebastian-vettel","ferrari","ferrari","pirelli",
963,2017,7,1,1,"1","5","sebastian-vettel","ferrari","ferrari","pirelli",
964,2017,8,1,1,"1","18","lance-stroll","williams","mercedes","pirelli",
965,2017,9,1,1,"1","77","valtteri-bottas","mercedes","mercedes","pirelli",
966,2017,10,1,1,"1","3","daniel-ricciardo","red-bull","tag-heuer","pirelli",
967,2017,11,1,1,"1","7","kimi-raikkonen","ferrari","ferrari","pirelli",
968,2017,12,1,1,"1","44","lewis-hamilton","mercedes","mercedes","pirelli",
969,2017,13,1,1,"1","3","daniel-ricciardo","red-bull","tag-heuer","pirelli",
970,2017,14,1,1,"1","44","lewis-hamilton","mercedes","mercedes","pirelli",
971,2017,15,1,1,"1","5","sebastian-vettel","ferrari","ferrari","pirelli",
972,2017,16,1,1,"1","33","max-verstappen","red-bull","tag-heuer","pirelli",
973,2017,17,1,1,"1","33","max-verstappen","red-bull","tag-heuer","pirelli",
974,2017,18,1,1,"1","5","sebastian-vettel","ferrari","ferrari","pirelli",
975,2017,19,1,1,"1","44","lewis-hamilton","mercedes","mercedes","pirelli",
976,2017,20,1,1,"1","77","valtteri-bottas","mercedes","mercedes","pirelli",
977,2018,1,1,1,"1","14","fernando-alonso","mclaren","renault","pirelli",
978,2018,2,1,1,"1","10","pierre-gasly","toro-rosso","honda","pirelli",
979,2018,3,1,1,"1","3","daniel-ricciardo","red-bull","tag-heuer","pirelli",
980,2018,4,1,1,"1","16","charles-leclerc","sauber","ferrari","pirelli",
981,2018,5,1,1,"1","44","lewis-hamilton","mercedes","mercedes","pirelli",
982,2018,6,1,1,"1","3","daniel-ricciardo","red-bull","tag-heuer","pirelli",
983,2018,7,1,1,"1","5","sebastian-vettel","ferrari","ferrari","pirelli",
984,2018,8,1,1,"1","5","sebastian-vettel","ferrari","ferrari","pirelli",
985,2018,9,1,1,"1","33","max-verstappen","red-bull","tag-heuer","pirelli",
986,2018,10,1,1,"1","44","lewis-hamilton","mercedes","mercedes","pirelli",
987,2018,11,1,1,"1","44","lewis-hamilton","mercedes","mercedes","pirelli",
988,2018,12,1,1,"1","3","daniel-ricciardo","red-bull","tag-heuer","pirelli",
989,2018,13,1,1,"1","5","sebastian-vettel","ferrari","ferrari","pirelli",
990,2018,14,1,1,"1","7","kimi-raikkonen","ferrari","ferrari","pirelli",
991,2018,15,1,1,"1","33","max-verstappen","red-bull","tag-heuer","pirelli",
992,2018,16,1,1,"1","33","max-verstappen","red-bull","tag-heuer","pirelli",
993,2018,17,1,1,"1","3","daniel-ricciardo","red-bull","tag-heuer","pirelli",
994,2018,18,1,1,"1","33","max-verstappen","red-bull","tag-heuer","pirelli",
995,2018,19,1,1,"1","33","max-verstappen","red-bull","tag-heuer","pirelli",
996,2018,20,1,1,"1","33","max-verstappen","red-bull","tag-heuer","pirelli",
997,2018,21,1,1,"1","14","fernando-alonso","mclaren","renault","pirelli",
998,2019,1,1,1,"1","77","valtteri-bottas","mercedes","mercedes","pirelli",28.5
998,2019,1,2,2,"2","33","max-verstappen","red-bull","honda","pirelli",22.9
998,2019,1,3,3,"3","16","charles-leclerc","ferrari","ferrari","pirelli",7.5
998,2019,1,4,4,"4","26","daniil-kvyat","toro-rosso","honda","pirelli",6
998,2019,1,5,5,"5","7","kimi-raikkonen","alfa-romeo","ferrari","pirelli",5.2
999,2019,2,1,1,"1","16","charles-leclerc","ferrari","ferrari","pirelli",50.23
999,2019,2,2,2,"2","44","lewis-hamilton","mercedes","mercedes","pirelli",10.98
999,2019,2,3,3,"3","4","lando-norris","mclaren","renault","pirelli",8.01
999,2019,2,4,4,"4","27","nico-hulkenberg","renault","renault","pirelli",6.8
999,2019,2,5,5,"5","7","kimi-raikkonen","alfa-romeo","ferrari","pirelli",6.17
1000,2019,3,1,1,"1","23","alexander-albon","toro-rosso","honda","pirelli",17.7
1000,2019,3,2,2,"2","7","kimi-raikkonen","alfa-romeo","ferrari","pirelli",15.7
1000,2019,3,3,3,"3","44","lewis-hamilton","mercedes","mercedes","pirelli",15.4
1000,2019,3,4,4,"4","16","charles-leclerc","ferrari","ferrari","pirelli",13.4
1000,2019,3,5,5,"5","5","sebastian-vettel","ferrari","ferrari","pirelli",7.7
1001,2019,4,1,1,"1","16","charles-leclerc","ferrari","ferrari","pirelli",17.6
1001,2019,4,2,2,"2","77","valtteri-bottas","mercedes","mercedes","pirelli",16
1001,2019,4,3,3,"3","33","max-verstappen","red-bull","honda","pirelli",15.4
1001,2019,4,4,4,"4","7","kimi-raikkonen","alfa-romeo","ferrari","pirelli",8.3
1001,2019,4,5,5,"5","44","lewis-hamilton","mercedes","mercedes","pirelli",7
1002,2019,5,1,1,"1","33","max-verstappen","red-bull","honda","pirelli",19.9
1002,2019,5,2,2,"2","44","lewis-hamilton","mercedes","mercedes","pirelli",16.5
1002,2019,5,3,3,"3","16","charles-leclerc","ferrari","ferrari","pirelli",8.4
1002,2019,5,4,4,"4","26","daniil-kvyat","toro-rosso","honda","pirelli",8.3
1002,2019,5,5,5,"5","55","carlos-sainz-jr","mclaren","renault","pirelli",7.4
1003,2019,6,1,1,"1","33","max-verstappen","red-bull","honda","pirelli",23.3
1003,2019,6,2,2,"2","44","lewis-hamilton","mercedes","mercedes","pirelli",19.9
1003,2019,6,3,3,"3","16","charles-leclerc","ferrari","ferrari","pirelli",12.4
1003,2019,6,4,4,"4","5","sebastian-vettel","ferrari","ferrari","pirelli",8
1003,2019,6,5,5,"5","55","carlos-sainz-jr","mclaren","renault","pirelli",6.7
1004,2019,7,1,1,"1","5","sebastian-vettel","ferrari","ferrari","pirelli",24.6
1004,2019,7,2,2,"2","3","daniel-ricciardo","renault","renault","pirelli",18.2
1004,2019,7,3,3,"3","44","lewis-hamilton","mercedes","mercedes","pirelli",13.5
1004,2019,7,4,4,"4","33","max-verstappen","red-bull","honda","pirelli",12.5
1004,2019,7,5,5,"5","16","charles-leclerc","ferrari","ferrari","pirelli",8.2
1005,2019,8,1,1,"1","4","lando-norris","mclaren","renault","pirelli",26.4
1005,2019,8,2,2,"2","44","lewis-hamilton","mercedes","mercedes","pirelli",15.1
1005,2019,8,3,3,"3","16","charles-leclerc","ferrari","ferrari","pirelli",10.2
1005,2019,8,4,4,"4","5","sebastian-vettel","ferrari","ferrari","pirelli",7.4
1005,2019,8,5,5,"5","7","kimi-raikkonen","alfa-romeo","ferrari","pirelli",7.2
1006,2019,9,1,1,"1","33","max-verstappen","red-bull","honda","pirelli",74
1006,2019,9,2,2,"2","16","charles-leclerc","ferrari","ferrari","pirelli",11
1006,2019,9,3,3,"3","55","carlos-sainz-jr","mclaren","renault","pirelli",7
1006,2019,9,4,4,"4","4","lando-norris","mclaren","renault","pirelli",4
1006,2019,9,5,5,"5","5","sebastian-vettel","ferrari","ferrari","pirelli",2
1007,2019,10,1,1,"1","16","charles-leclerc","ferrari","ferrari","pirelli",20.6
1007,2019,10,2,2,"2","33","max-verstappen","red-bull","honda","pirelli",18.8
1007,2019,10,3,3,"3","44","lewis-hamilton","mercedes","mercedes","pirelli",10.2
1007,2019,10,4,4,"4","55","carlos-sainz-jr","mclaren","renault","pirelli",9.5
1007,2019,10,5,5,"5","5","sebastian-vettel","ferrari","ferrari","pirelli",8
1008,2019,11,1,1,"1","33","max-verstappen","red-bull","honda","pirelli",20.9
1008,2019,11,2,2,"2","5","sebastian-vettel","ferrari","ferrari","pirelli",17.4
1008,2019,11,3,3,"3","26","daniil-kvyat","toro-rosso","honda","pirelli",14.1
1008,2019,11,4,4,"4","7","kimi-raikkonen","alfa-romeo","ferrari","pirelli",6.9
1008,2019,11,5,5,"5","23","alexander-albon","toro-rosso","honda","pirelli",6.8
1009,2019,12,1,1,"1","33","max-verstappen","red-bull","honda","pirelli",26.2
1009,2019,12,2,2,"2","44","lewis-hamilton","mercedes","mercedes","pirelli",24.8
1009,2019,12,3,3,"3","55","carlos-sainz-jr","mclaren","renault","pirelli",9.8
1009,2019,12,4,4,"4","7","kimi-raikkonen","alfa-romeo","ferrari","pirelli",5.3
1009,2019,12,5,5,"5","5","sebastian-vettel","ferrari","ferrari","pirelli",5.2
1010,2019,13,1,1,"1","4","lando-norris","mclaren","renault","pirelli",21.2
1010,2019,13,2,2,"2","16","charles-leclerc","ferrari","ferrari","pirelli",21.0
1010,2019,13,3,3,"3","23","alexander-albon","red-bull","honda","pirelli",19.6
1010,2019,13,4,4,"4","44","lewis-hamilton","mercedes","mercedes","pirelli",8.8
1010,2019,13,5,5,"5","5","sebastian-vettel","ferrari","ferrari","pirelli",6.6
1011,2019,14,1,1,"1","16","charles-leclerc","ferrari","ferrari","pirelli",34.9
1011,2019,14,2,2,"2","33","max-verstappen","red-bull","honda","pirelli",15.3
1011,2019,14,3,3,"3","3","daniel-ricciardo","renault","renault","pirelli",11.2
1011,2019,14,4,4,"4","77","valtteri-bottas","mercedes","mercedes","pirelli",7
1011,2019,14,5,5,"5","44","lewis-hamilton","mercedes","mercedes","pirelli",6.1
1012,2019,15,1,1,"1","5","sebastian-vettel","ferrari","ferrari","pirelli",21.2
1012,2019,15,2,2,"2","16","charles-leclerc","ferrari","ferrari","pirelli",14.3
1012,2019,15,3,3,"3","33","max-verstappen","red-bull","honda","pirelli",11
1012,2019,15,4,4,"4","3","daniel-ricciardo","renault","renault","pirelli",8.3
1012,2019,15,5,5,"5","4","lando-norris","mclaren","renault","pirelli",8
1013,2019,16,1,1,"1","5","sebastian-vettel","ferrari","ferrari","pirelli",22
1013,2019,16,2,2,"2","23","alexander-albon","red-bull","honda","pirelli",15.5
1013,2019,16,3,3,"3","44","lewis-hamilton","mercedes","mercedes","pirelli",15
1013,2019,16,4,4,"4","16","charles-leclerc","ferrari","ferrari","pirelli",11.3
1013,2019,16,5,5,"5","55","carlos-sainz-jr","mclaren","renault","pirelli",9.3
1014,2019,17,1,1,"1","77","valtteri-bottas","mercedes","mercedes","pirelli",21
1014,2019,17,2,2,"2","16","charles-leclerc","ferrari","ferrari","pirelli",15
1014,2019,17,3,3,"3","55","carlos-sainz-jr","mclaren","renault","pirelli",14
1014,2019,17,4,4,"4","5","sebastian-vettel","ferrari","ferrari","pirelli",10
1014,2019,17,5,5,"5","3","daniel-ricciardo","renault","renault","pirelli",8
1015,2019,18,1,1,"1","33","max-verstappen","red-bull","honda","pirelli",20.2
1015,2019,18,2,2,"2","44","lewis-hamilton","mercedes","mercedes","pirelli",17.6
1015,2019,18,3,3,"3","5","sebastian-vettel","ferrari","ferrari","pirelli",12.2
1015,2019,18,4,4,"4","3","daniel-ricciardo","renault","renault","pirelli",9.4
1015,2019,18,5,5,"5","23","alexander-albon","red-bull","honda","pirelli",8.5
1016,2019,19,1,1,"1","23","alexander-albon","red-bull","honda","pirelli",17
1016,2019,19,2,2,"2","44","lewis-hamilton","mercedes","mercedes","pirelli",16.2
1016,2019,19,3,3,"3","77","valtteri-bottas","mercedes","mercedes","pirelli",14.9
1016,2019,19,4,4,"4","33","max-verstappen","red-bull","honda","pirelli",13.9
1016,2019,19,5,5,"5","3","daniel-ricciardo","renault","renault","pirelli",10.1
1017,2019,20,1,1,"1","33","max-verstappen","red-bull","honda","pirelli",22.2
1017,2019,20,2,2,"2","23","alexander-albon","red-bull","honda","pirelli",13.8
1017,2019,20,3,3,"3","16","charles-leclerc","ferrari","ferrari","pirelli",12.8
1017,2019,20,4,4,"4","55","carlos-sainz-jr","mclaren","renault","pirelli",11.7
1017,2019,20,5,5,"5","10","pierre-gasly","toro-rosso","honda","pirelli",7.1
1018,2019,21,1,1,"1","27","nico-hulkenberg","renault","renault","pirelli",26.4
1018,2019,21,2,2,"2","77","valtteri-bottas","mercedes","mercedes","pirelli",15.1
1018,2019,21,3,3,"3","88","robert-kubica","williams","mercedes","pirelli",14
1018,2019,21,4,4,"4","33","max-verstappen","red-bull","honda","pirelli",9.5
1018,2019,21,5,5,"5","44","lewis-hamilton","mercedes","mercedes","pirelli",8.8
1019,2020,1,1,1,"1","23","alexander-albon","red-bull","honda","pirelli",15
1019,2020,1,2,2,"2","4","lando-norris","mclaren","renault","pirelli",13.9
1019,2020,1,3,3,"3","77","valtteri-bottas","mercedes","mercedes","pirelli",12.7
1019,2020,1,4,4,"4","11","sergio-perez","racing-point","bwt-mercedes","pirelli",12.2
1019,2020,1,5,5,"5","16","charles-leclerc","ferrari","ferrari","pirelli",11.6
1020,2020,2,1,1,"1","11","sergio-perez","racing-point","bwt-mercedes","pirelli",34.7
1020,2020,2,2,2,"2","44","lewis-hamilton","mercedes","mercedes","pirelli",10.9
1020,2020,2,3,3,"3","33","max-verstappen","red-bull","honda","pirelli",10.7
1020,2020,2,4,4,"4","3","daniel-ricciardo","renault","renault","pirelli",6.6
1020,2020,2,5,5,"5","4","lando-norris","mclaren","renault","pirelli",5.6
1021,2020,3,1,1,"1","33","max-verstappen","red-bull","honda","pirelli",18.1
1021,2020,3,2,2,"2","44","lewis-hamilton","mercedes","mercedes","pirelli",14.9
1021,2020,3,3,3,"3","5","sebastian-vettel","ferrari","ferrari","pirelli",12.8
1021,2020,3,4,4,"4","77","valtteri-bottas","mercedes","mercedes","pirelli",8.2
1021,2020,3,5,5,"5","18","lance-stroll","racing-point","bwt-mercedes","pirelli",8.1
1022,2020,4,1,1,"1","44","lewis-hamilton","mercedes","mercedes","pirelli",
1022,2020,4,2,2,"2","33","max-verstappen","red-bull","honda","pirelli",
1022,2020,4,3,3,"3","4","lando-norris","mclaren","renault","pirelli",
1022,2020,4,4,4,"4","55","carlos-sainz-jr","mclaren","renault","pirelli",
1022,2020,4,5,5,"5","23","alexander-albon","red-bull","honda","pirelli",
1023,2020,5,1,1,"1","33","max-verstappen","red-bull","honda","pirelli",31.8
1023,2020,5,2,2,"2","27","nico-hulkenberg","racing-point","bwt-mercedes","pirelli",18
1023,2020,5,3,3,"3","16","charles-leclerc","ferrari","ferrari","pirelli",11.9
1023,2020,5,4,4,"4","44","lewis-hamilton","mercedes","mercedes","pirelli",9.3
1023,2020,5,5,5,"5","23","alexander-albon","red-bull","honda","pirelli",6.9
1024,2020,6,1,1,"1","5","sebastian-vettel","ferrari","ferrari","pirelli",29.7
1024,2020,6,2,2,"2","33","max-verstappen","red-bull","honda","pirelli",15.2
1024,2020,6,3,3,"3","44","lewis-hamilton","mercedes","mercedes","pirelli",12.3
1024,2020,6,4,4,"4","55","carlos-sainz-jr","mclaren","renault","pirelli",6.2
1024,2020,6,5,5,"5","11","sergio-perez","racing-point","bwt-mercedes","pirelli",5
1025,2020,7,1,1,"1","10","pierre-gasly","alphatauri","honda","pirelli",18.9
1025,2020,7,2,2,"2","3","daniel-ricciardo","renault","renault","pirelli",18.7
1025,2020,7,3,3,"3","44","lewis-hamilton","mercedes","mercedes","pirelli",9.5
1025,2020,7,4,4,"4","33","max-verstappen","red-bull","honda","pirelli",7.6
1025,2020,7,5,5,"5","4","lando-norris","mclaren","renault","pirelli",7.3
1026,2020,8,1,1,"1","10","pierre-gasly","alphatauri","honda","pirelli",28
1026,2020,8,2,2,"2","55","carlos-sainz-jr","mclaren","renault","pirelli",24.5
1026,2020,8,3,3,"3","44","lewis-hamilton","mercedes","mercedes","pirelli",12.8
1026,2020,8,4,4,"4","7","kimi-raikkonen","alfa-romeo","ferrari","pirelli",5.5
1026,2020,8,5,5,"5","4","lando-norris","mclaren","renault","pirelli",5.3
1027,2020,9,1,1,"1","3","daniel-ricciardo","renault","renault","pirelli",23.9
1027,2020,9,2,2,"2","23","alexander-albon","red-bull","honda","pirelli",18.6
1027,2020,9,3,3,"3","63","george-russell","williams","mercedes","pirelli",13.2
1027,2020,9,4,4,"4","44","lewis-hamilton","mercedes","mercedes","pirelli",8.9
1027,2020,9,5,5,"5","16","charles-leclerc","ferrari","ferrari","pirelli",5.6
1028,2020,10,1,1,"1","33","max-verstappen","red-bull","honda","pirelli",13.7
1028,2020,10,2,2,"2","16","charles-leclerc","ferrari","ferrari","pirelli",11.3
1028,2020,10,3,3,"3","44","lewis-hamilton","mercedes","mercedes","pirelli",10.5
1028,2020,10,4,4,"4","77","valtteri-bottas","mercedes","mercedes","pirelli",10
1028,2020,10,5,5,"5","3","daniel-ricciardo","renault","renault","pirelli",9
1029,2020,11,1,1,"1","27","nico-hulkenberg","racing-point","bwt-mercedes","pirelli",34.7
1029,2020,11,2,2,"2","3","daniel-ricciardo","renault","renault","pirelli",17.6
1029,2020,11,3,3,"3","44","lewis-hamilton","mercedes","mercedes","pirelli",8.4
1029,2020,11,4,4,"4","16","charles-leclerc","ferrari","ferrari","pirelli",7.4
1029,2020,11,5,5,"5","33","max-verstappen","red-bull","honda","pirelli",5.6
1030,2020,12,1,1,"1","11","sergio-perez","racing-point","bwt-mercedes","pirelli",18.2
1030,2020,12,2,2,"2","16","charles-leclerc","ferrari","ferrari","pirelli",13.6
1030,2020,12,3,3,"3","10","pierre-gasly","alphatauri","honda","pirelli",11.5
1030,2020,12,4,4,"4","7","kimi-raikkonen","alfa-romeo","ferrari","pirelli",10.3
1030,2020,12,5,5,"5","44","lewis-hamilton","mercedes","mercedes","pirelli",9.8
1031,2020,13,1,1,"1","7","kimi-raikkonen","alfa-romeo","ferrari","pirelli",18.6
1031,2020,13,2,2,"2","33","max-verstappen","red-bull","honda","pirelli",13.9
1031,2020,13,3,3,"3","44","lewis-hamilton","mercedes","mercedes","pirelli",10.6
1031,2020,13,4,4,"4","3","daniel-ricciardo","renault","renault","pirelli",10.5
1031,2020,13,5,5,"5","26","daniil-kvyat","alphatauri","honda","pirelli",7.3
1032,2020,14,1,1,"1","5","sebastian-vettel","ferrari","ferrari","pirelli",25.8
1032,2020,14,2,2,"2","16","charles-leclerc","ferrari","ferrari","pirelli",20.3
1032,2020,14,3,3,"3","44","lewis-hamilton","mercedes","mercedes","pirelli",16.7
1032,2020,14,4,4,"4","11","sergio-perez","racing-point","bwt-mercedes","pirelli",8.2
1032,2020,14,5,5,"5","55","carlos-sainz-jr","mclaren","renault","pirelli",6.1
1033,2020,15,1,1,"1","8","romain-grosjean","haas","ferrari","pirelli",36.8
1033,2020,15,2,2,"2","11","sergio-perez","racing-point","bwt-mercedes","pirelli",12.3
1033,2020,15,3,3,"3","55","carlos-sainz-jr","mclaren","renault","pirelli",11.6
1033,2020,15,4,4,"4","4","lando-norris","mclaren","renault","pirelli",6.9
1033,2020,15,5,5,"5","33","max-verstappen","red-bull","honda","pirelli",6
1034,2020,16,1,1,"1","63","george-russell","mercedes","mercedes","pirelli",48.8
1034,2020,16,2,2,"2","11","sergio-perez","racing-point","bwt-mercedes","pirelli",23.5
1034,2020,16,3,3,"3","51","pietro-fittipaldi","haas","ferrari","pirelli",5.8
1034,2020,16,4,4,"4","31","esteban-ocon","renault","renault","pirelli",3.4
1034,2020,16,5,5,"5","33","max-verstappen","red-bull","honda","pirelli",2.3
1035,2020,17,1,1,"1","33","max-verstappen","red-bull","honda","pirelli",21.2
1035,2020,17,2,2,"2","5","sebastian-vettel","ferrari","ferrari","pirelli",13.8
1035,2020,17,3,3,"3","3","daniel-ricciardo","renault","renault","pirelli",11.3
1035,2020,17,4,4,"4","4","lando-norris","mclaren","renault","pirelli",7
1035,2020,17,5,5,"5","11","sergio-perez","racing-point","bwt-mercedes","pirelli",6.1
1036,2021,1,1,1,"1","11","sergio-perez","red-bull","honda","pirelli",27.7
1036,2021,1,2,2,"2","33","max-verstappen","red-bull","honda","pirelli",16.8
1036,2021,1,3,3,"3","4","lando-norris","mclaren","mercedes","pirelli",13
1036,2021,1,4,4,"4","44","lewis-hamilton","mercedes","mercedes","pirelli",7.5
1036,2021,1,5,5,"5","22","yuki-tsunoda","alphatauri","honda","pirelli",7
1037,2021,2,1,1,"1","4","lando-norris","mclaren","mercedes","pirelli",32.3
1037,2021,2,2,2,"2","33","max-verstappen","red-bull","honda","pirelli",15.5
1037,2021,2,3,3,"3","44","lewis-hamilton","mercedes","mercedes","pirelli",13.9
1037,2021,2,4,4,"4","16","charles-leclerc","ferrari","ferrari","pirelli",7.2
1037,2021,2,5,5,"5","55","carlos-sainz-jr","ferrari","ferrari","pirelli",4.9
1038,2021,3,1,1,"1","11","sergio-perez","red-bull","honda","pirelli",15.4
1038,2021,3,2,2,"2","44","lewis-hamilton","mercedes","mercedes","pirelli",12.2
1038,2021,3,3,3,"3","33","max-verstappen","red-bull","honda","pirelli",10.6
1038,2021,3,4,4,"4","3","daniel-ricciardo","mclaren","mercedes","pirelli",10.3
1038,2021,3,5,5,"5","14","fernando-alonso","alpine","renault","pirelli",10
1039,2021,4,1,1,"1","44","lewis-hamilton","mercedes","mercedes","pirelli",22.6
1039,2021,4,2,2,"2","33","max-verstappen","red-bull","honda","pirelli",19.7
1039,2021,4,3,3,"3","16","charles-leclerc","ferrari","ferrari","pirelli",12.3
1039,2021,4,4,4,"4","9","nikita-mazepin","haas","ferrari","pirelli",7.3
1039,2021,4,5,5,"5","3","daniel-ricciardo","mclaren","mercedes","pirelli",6.5
1040,2021,5,1,1,"1","5","sebastian-vettel","aston-martin","mercedes","pirelli",23.6
1040,2021,5,2,2,"2","11","sergio-perez","red-bull","honda","pirelli",17.3
1040,2021,5,3,3,"3","4","lando-norris","mclaren","mercedes","pirelli",14
1040,2021,5,4,4,"4","55","carlos-sainz-jr","ferrari","ferrari","pirelli",12.1
1040,2021,5,5,5,"5","33","max-verstappen","red-bull","honda","pirelli",9
1041,2021,6,1,1,"1","5","sebastian-vettel","aston-martin","mercedes","pirelli",41.9
1041,2021,6,2,2,"2","11","sergio-perez","red-bull","honda","pirelli",18.1
1041,2021,6,3,3,"3","33","max-verstappen","red-bull","honda","pirelli",9.1
1041,2021,6,4,4,"4","44","lewis-hamilton","mercedes","mercedes","pirelli",4.9
1041,2021,6,5,5,"5","10","pierre-gasly","alphatauri","honda","pirelli",3.5
1042,2021,7,1,1,"1","33","max-verstappen","red-bull","honda","pirelli",22.9
1042,2021,7,2,2,"2","3","daniel-ricciardo","mclaren","mercedes","pirelli",19
1042,2021,7,3,3,"3","4","lando-norris","mclaren","mercedes","pirelli",14
1042,2021,7,4,4,"4","44","lewis-hamilton","mercedes","mercedes","pirelli",8.4
1042,2021,7,5,5,"5","11","sergio-perez","red-bull","honda","pirelli",6.9
1043,2021,8,1,1,"1","16","charles-leclerc","ferrari","ferrari","pirelli",28.4
1043,2021,8,2,2,"2","63","george-russell","williams","mercedes","pirelli",13.1
1043,2021,8,3,3,"3","33","max-verstappen","red-bull","honda","pirelli",12.4
1043,2021,8,4,4,"4","11","sergio-perez","red-bull","honda","pirelli",7.8
1043,2021,8,5,5,"5","55","carlos-sainz-jr","ferrari","ferrari","pirelli",7.2
1044,2021,9,1,1,"1","4","lando-norris","mclaren","mercedes","pirelli",31.6
1044,2021,9,2,2,"2","7","kimi-raikkonen","alfa-romeo","ferrari","pirelli",15.7
1044,2021,9,3,3,"3","33","max-verstappen","red-bull","honda","pirelli",9.2
1044,2021,9,4,4,"4","3","daniel-ricciardo","mclaren","mercedes","pirelli",8.5
1044,2021,9,5,5,"5","63","george-russell","williams","mercedes","pirelli",7.7
1045,2021,10,1,1,"1","16","charles-leclerc","ferrari","ferrari","pirelli",34.5
1045,2021,10,2,2,"2","44","lewis-hamilton","mercedes","mercedes","pirelli",13.4
1045,2021,10,3,3,"3","33","max-verstappen","red-bull","honda","pirelli",12.9
1045,2021,10,4,4,"4","4","lando-norris","mclaren","mercedes","pirelli",6.7
1045,2021,10,5,5,"5","11","sergio-perez","red-bull","honda","pirelli",6
1046,2021,11,1,1,"1","14","fernando-alonso","alpine","renault","pirelli",28.2
1046,2021,11,2,2,"2","31","esteban-ocon","alpine","renault","pirelli",17.8
1046,2021,11,3,3,"3","44","lewis-hamilton","mercedes","mercedes","pirelli",12.6
1046,2021,11,4,4,"4","5","sebastian-vettel","aston-martin","mercedes","pirelli",9.7
1046,2021,11,5,5,"5","55","carlos-sainz-jr","ferrari","ferrari","pirelli",5
1048,2021,13,1,1,"1","11","sergio-perez","red-bull","honda","pirelli",27.7
1048,2021,13,2,2,"2","33","max-verstappen","red-bull","honda","pirelli",19.4
1048,2021,13,3,3,"3","44","lewis-hamilton","mercedes","mercedes","pirelli",8.5
1048,2021,13,4,4,"4","10","pierre-gasly","alphatauri","honda","pirelli",8
1048,2021,13,5,5,"5","88","robert-kubica","alfa-romeo","ferrari","pirelli",7.8
1049,2021,14,1,1,"1","3","daniel-ricciardo","mclaren","mercedes","pirelli",34.5
1049,2021,14,2,2,"2","77","valtteri-bottas","mercedes","mercedes","pirelli",28.6
1049,2021,14,3,3,"3","4","lando-norris","mclaren","mercedes","pirelli",8.5
1049,2021,14,4,4,"4","11","sergio-perez","red-bull","honda","pirelli",5.1
1049,2021,14,5,5,"5","33","max-verstappen","red-bull","honda","pirelli",4.6
1050,2021,15,1,1,"1","4","lando-norris","mclaren","mercedes","pirelli",33.9
1050,2021,15,2,2,"2","33","max-verstappen","red-bull","honda","pirelli",13.9
1050,2021,15,3,3,"3","44","lewis-hamilton","mercedes","mercedes","pirelli",9.9
1050,2021,15,4,4,"4","11","sergio-perez","red-bull","honda","pirelli",6.5
1050,2021,15,5,5,"5","55","carlos-sainz-jr","ferrari","ferrari","pirelli",5.9
1051,2021,16,1,1,"1","55","carlos-sainz-jr","ferrari","ferrari","pirelli",25.7
1051,2021,16,2,2,"2","11","sergio-perez","red-bull","honda","pirelli",14.8
1051,2021,16,3,3,"3","16","charles-leclerc","ferrari","ferrari","pirelli",10.6
1051,2021,16,4,4,"4","77","valtteri-bottas","mercedes","mercedes","pirelli",10.5
1051,2021,16,5,5,"5","44","lewis-hamilton","mercedes","mercedes","pirelli",10.3
1052,2021,17,1,1,"1","33","max-verstappen","red-bull","honda","pirelli",22.7
1052,2021,17,2,2,"2","44","lewis-hamilton","mercedes","mercedes","pirelli",17.1
1052,2021,17,3,3,"3","3","daniel-ricciardo","mclaren","mercedes","pirelli",8.7
1052,2021,17,4,4,"4","11","sergio-perez","red-bull","honda","pirelli",8.2
1052,2021,17,5,5,"5","16","charles-leclerc","ferrari","ferrari","pirelli",7.2
1053,2021,18,1,1,"1","11","sergio-perez","red-bull","honda","pirelli",36.9
1053,2021,18,2,2,"2","33","max-verstappen","red-bull","honda","pirelli",13.5
1053,2021,18,3,3,"3","10","pierre-gasly","alphatauri","honda","pirelli",7.4
1053,2021,18,4,4,"4","44","lewis-hamilton","mercedes","mercedes","pirelli",6.5
1053,2021,18,5,5,"5","4","lando-norris","mclaren","mercedes","pirelli",5.9
1054,2021,19,1,1,"1","44","lewis-hamilton","mercedes","mercedes","pirelli",36.8
1054,2021,19,2,2,"2","33","max-verstappen","red-bull","honda","pirelli",21.6
1054,2021,19,3,3,"3","4","lando-norris","mclaren","mercedes","pirelli",6.4
1054,2021,19,4,4,"4","9","nikita-mazepin","haas","ferrari","pirelli",5.3
1054,2021,19,5,5,"5","10","pierre-gasly","alphatauri","honda","pirelli",3.4
1055,2021,20,1,1,"1","14","fernando-alonso","alpine","renault","pirelli",28.6
1055,2021,20,2,2,"2","11","sergio-perez","red-bull","honda","pirelli",16.6
1055,2021,20,3,3,"3","44","lewis-hamilton","mercedes","mercedes","pirelli",13.7
1055,2021,20,4,4,"4","33","max-verstappen","red-bull","honda","pirelli",13.5
1055,2021,20,5,5,"5","4","lando-norris","mclaren","mercedes","pirelli",5.6
1056,2021,21,1,1,"1","33","max-verstappen","red-bull","honda","pirelli",26.7
1056,2021,21,2,2,"2","44","lewis-hamilton","mercedes","mercedes","pirelli",24.6
1056,2021,21,3,3,"3","31","esteban-ocon","alpine","renault","pirelli",12.9
1056,2021,21,4,4,"4","3","daniel-ricciardo","mclaren","mercedes","pirelli",6.6
1056,2021,21,5,5,"5","7","kimi-raikkonen","alfa-romeo","ferrari","pirelli",4.1
1057,2021,22,1,1,"1","7","kimi-raikkonen","alfa-romeo","ferrari","pirelli",42.8
1057,2021,22,2,2,"2","11","sergio-perez","red-bull","honda","pirelli",21.5
1057,2021,22,3,3,"3","44","lewis-hamilton","mercedes","mercedes","pirelli",10.9
1057,2021,22,4,4,"4","33","max-verstappen","red-bull","honda","pirelli",7.6
1057,2021,22,5,5,"5","77","valtteri-bottas","mercedes","mercedes","pirelli",4.9
1058,2022,1,1,1,"1","16","charles-leclerc","ferrari","ferrari","pirelli",28.3
1058,2022,1,2,2,"2","20","kevin-magnussen","haas","ferrari","pirelli",22.5
1058,2022,1,3,3,"3","1","max-verstappen","red-bull","rbpt","pirelli",9
1058,2022,1,4,4,"4","44","lewis-hamilton","mercedes","mercedes","pirelli",5.1
1058,2022,1,5,5,"5","24","guanyu-zhou","alfa-romeo","ferrari","pirelli",5
1059,2022,2,1,1,"1","16","charles-leclerc","ferrari","ferrari","pirelli",26.8
1059,2022,2,2,2,"2","1","max-verstappen","red-bull","rbpt","pirelli",14.5
1059,2022,2,3,3,"3","44","lewis-hamilton","mercedes","mercedes","pirelli",10.1
1059,2022,2,4,4,"4","11","sergio-perez","red-bull","rbpt","pirelli",9.5
1059,2022,2,5,5,"5","20","kevin-magnussen","haas","ferrari","pirelli",7.5
1060,2022,3,1,1,"1","16","charles-leclerc","ferrari","ferrari","pirelli",19.7
1060,2022,3,2,2,"2","11","sergio-perez","red-bull","rbpt","pirelli",14.8
1060,2022,3,3,3,"3","3","daniel-ricciardo","mclaren","mercedes","pirelli",9.4
1060,2022,3,4,4,"4","63","george-russell","mercedes","mercedes","pirelli",9.3
1060,2022,3,5,5,"5","23","alexander-albon","williams","mercedes","pirelli",8.2
1061,2022,4,1,1,"1","1","max-verstappen","red-bull","rbpt","pirelli",14.7
1061,2022,4,2,2,"2","11","sergio-perez","red-bull","rbpt","pirelli",11.5
1061,2022,4,3,3,"3","4","lando-norris","mclaren","mercedes","pirelli",11
1061,2022,4,4,4,"4","63","george-russell","mercedes","mercedes","pirelli",9.3
1061,2022,4,5,5,"5","22","yuki-tsunoda","alphatauri","rbpt","pirelli",8.7
1062,2022,5,1,1,"1","1","max-verstappen","red-bull","rbpt","pirelli",18
1062,2022,5,2,2,"2","47","mick-schumacher","haas","ferrari","pirelli",14.5
1062,2022,5,3,3,"3","63","george-russell","mercedes","mercedes","pirelli",12.7
1062,2022,5,4,4,"4","16","charles-leclerc","ferrari","ferrari","pirelli",8.6
1062,2022,5,5,5,"5","11","sergio-perez","red-bull","rbpt","pirelli",7.6
1063,2022,6,1,1,"1","44","lewis-hamilton","mercedes","mercedes","pirelli",22.8
1063,2022,6,2,2,"2","11","sergio-perez","red-bull","rbpt","pirelli",16.3
1063,2022,6,3,3,"3","63","george-russell","mercedes","mercedes","pirelli",15.7
1063,2022,6,4,4,"4","1","max-verstappen","red-bull","rbpt","pirelli",11.4
1063,2022,6,5,5,"5","14","fernando-alonso","alpine","renault","pirelli",6.9
1064,2022,7,1,1,"1","11","sergio-perez","red-bull","rbpt","pirelli",27.6
1064,2022,7,2,2,"2","10","pierre-gasly","alphatauri","rbpt","pirelli",10.5
1064,2022,7,3,3,"3","55","carlos-sainz-jr","ferrari","ferrari","pirelli",9.9
1064,2022,7,4,4,"4","16","charles-leclerc","ferrari","ferrari","pirelli",8.8
1064,2022,7,5,5,"5","14","fernando-alonso","alpine","renault","pirelli",7.4
1065,2022,8,1,1,"1","44","lewis-hamilton","mercedes","mercedes","pirelli",14.8
1065,2022,8,2,2,"2","1","max-verstappen","red-bull","rbpt","pirelli",13.6
1065,2022,8,3,3,"3","5","sebastian-vettel","aston-martin","mercedes","pirelli",13.1
1065,2022,8,4,4,"4","11","sergio-perez","red-bull","rbpt","pirelli",10
1065,2022,8,5,5,"5","10","pierre-gasly","alphatauri","rbpt","pirelli",9.3
1066,2022,9,1,1,"1","16","charles-leclerc","ferrari","ferrari","pirelli",21.6
1066,2022,9,2,2,"2","44","lewis-hamilton","mercedes","mercedes","pirelli",11.9
1066,2022,9,3,3,"3","55","carlos-sainz-jr","ferrari","ferrari","pirelli",10.6
1066,2022,9,4,4,"4","1","max-verstappen","red-bull","rbpt","pirelli",10.2
1066,2022,9,5,5,"5","14","fernando-alonso","alpine","renault","pirelli",6
1067,2022,10,1,1,"1","11","sergio-perez","red-bull","rbpt","pirelli",20.7
1067,2022,10,2,2,"2","44","lewis-hamilton","mercedes","mercedes","pirelli",20
1067,2022,10,3,3,"3","55","carlos-sainz-jr","ferrari","ferrari","pirelli",11.1
1067,2022,10,4,4,"4","16","charles-leclerc","ferrari","ferrari","pirelli",9
1067,2022,10,5,5,"5","47","mick-schumacher","haas","ferrari","pirelli",7.1
1068,2022,11,1,1,"1","47","mick-schumacher","haas","ferrari","pirelli",24.5
1068,2022,11,2,2,"2","16","charles-leclerc","ferrari","ferrari","pirelli",15.3
1068,2022,11,3,3,"3","44","lewis-hamilton","mercedes","mercedes","pirelli",10.1
1068,2022,11,4,4,"4","1","max-verstappen","red-bull","rbpt","pirelli",9.6
1068,2022,11,5,5,"5","55","carlos-sainz-jr","ferrari","ferrari","pirelli",8
1069,2022,12,1,1,"1","55","carlos-sainz-jr","ferrari","ferrari","pirelli",40.4
1069,2022,12,2,2,"2","44","lewis-hamilton","mercedes","mercedes","pirelli",13
1069,2022,12,3,3,"3","1","max-verstappen","red-bull","rbpt","pirelli",10.7
1069,2022,12,4,4,"4","16","charles-leclerc","ferrari","ferrari","pirelli",6.4
1069,2022,12,5,5,"5","11","sergio-perez","red-bull","rbpt","pirelli",5.4
1070,2022,13,1,1,"1","1","max-verstappen","red-bull","rbpt","pirelli",34.2
1070,2022,13,2,2,"2","44","lewis-hamilton","mercedes","mercedes","pirelli",16.4
1070,2022,13,3,3,"3","63","george-russell","mercedes","mercedes","pirelli",11
1070,2022,13,4,4,"4","5","sebastian-vettel","aston-martin","mercedes","pirelli",8.7
1070,2022,13,5,5,"5","16","charles-leclerc","ferrari","ferrari","pirelli",6.6
1071,2022,14,1,1,"1","1","max-verstappen","red-bull","rbpt","pirelli",31.9
1071,2022,14,2,2,"2","5","sebastian-vettel","aston-martin","mercedes","pirelli",7.6
1071,2022,14,3,3,"3","23","alexander-albon","williams","mercedes","pirelli",6.8
1071,2022,14,4,4,"4","16","charles-leclerc","ferrari","ferrari","pirelli",6.5
1071,2022,14,5,5,"5","63","george-russell","mercedes","mercedes","pirelli",6.4
1072,2022,15,1,1,"1","1","max-verstappen","red-bull","rbpt","pirelli",22.6
1072,2022,15,2,2,"2","44","lewis-hamilton","mercedes","mercedes","pirelli",20.1
1072,2022,15,3,3,"3","63","george-russell","mercedes","mercedes","pirelli",9.5
1072,2022,15,4,4,"4","14","fernando-alonso","alpine","renault","pirelli",8.8
1072,2022,15,5,5,"5","16","charles-leclerc","ferrari","ferrari","pirelli",6.9
1073,2022,16,1,1,"1","45","nyck-de-vries","williams","mercedes","pirelli",24.8
1073,2022,16,2,2,"2","55","carlos-sainz-jr","ferrari","ferrari","pirelli",21.1
1073,2022,16,3,3,"3","1","max-verstappen","red-bull","rbpt","pirelli",13.2
1073,2022,16,4,4,"4","44","lewis-hamilton","mercedes","mercedes","pirelli",11.1
1073,2022,16,5,5,"5","16","charles-leclerc","ferrari","ferrari","pirelli",7.4
1074,2022,17,1,1,"1","11","sergio-perez","red-bull","rbpt","pirelli",22.6
1074,2022,17,2,2,"2","3","daniel-ricciardo","mclaren","mercedes","pirelli",16.8
1074,2022,17,3,3,"3","16","charles-leclerc","ferrari","ferrari","pirelli",9.6
1074,2022,17,4,4,"4","4","lando-norris","mclaren","mercedes","pirelli",9.4
1074,2022,17,5,5,"5","5","sebastian-vettel","aston-martin","mercedes","pirelli",7.9
1075,2022,18,1,1,"1","5","sebastian-vettel","aston-martin","mercedes","pirelli",16.3
1075,2022,18,2,2,"2","31","esteban-ocon","alpine","renault","pirelli",14.5
1075,2022,18,3,3,"3","1","max-verstappen","red-bull","rbpt","pirelli",13.2
1075,2022,18,4,4,"4","6","nicholas-latifi","williams","mercedes","pirelli",9.7
1075,2022,18,5,5,"5","44","lewis-hamilton","mercedes","mercedes","pirelli",7.3
1076,2022,19,1,1,"1","5","sebastian-vettel","aston-martin","mercedes","pirelli",18.4
1076,2022,19,2,2,"2","44","lewis-hamilton","mercedes","mercedes","pirelli",18
1076,2022,19,3,3,"3","14","fernando-alonso","alpine","renault","pirelli",15
1076,2022,19,4,4,"4","16","charles-leclerc","ferrari","ferrari","pirelli",10.3
1076,2022,19,5,5,"5","1","max-verstappen","red-bull","rbpt","pirelli",10.2
1077,2022,20,1,1,"1","3","daniel-ricciardo","mclaren","mercedes","pirelli",24.4
1077,2022,20,2,2,"2","11","sergio-perez","red-bull","rbpt","pirelli",16.7
1077,2022,20,3,3,"3","1","max-verstappen","red-bull","rbpt","pirelli",12
1077,2022,20,4,4,"4","44","lewis-hamilton","mercedes","mercedes","pirelli",10.6
1077,2022,20,5,5,"5","5","sebastian-vettel","aston-martin","mercedes","pirelli",5
1078,2022,21,1,1,"1","44","lewis-hamilton","mercedes","mercedes","pirelli",17.1
1078,2022,21,2,2,"2","14","fernando-alonso","alpine","renault","pirelli",16
1078,2022,21,3,3,"3","63","george-russell","mercedes","mercedes","pirelli",12.5
1078,2022,21,4,4,"4","16","charles-leclerc","ferrari","ferrari","pirelli",11.3
1078,2022,21,5,5,"5","55","carlos-sainz-jr","ferrari","ferrari","pirelli",6.4
1079,2022,22,1,1,"1","5","sebastian-vettel","aston-martin","mercedes","pirelli",56.6
1079,2022,22,2,2,"2","11","sergio-perez","red-bull","rbpt","pirelli",9.1
1079,2022,22,3,3,"3","16","charles-leclerc","ferrari","ferrari","pirelli",6.5
1079,2022,22,4,4,"4","44","lewis-hamilton","mercedes","mercedes","pirelli",5.5
1079,2022,22,5,5,"5","3","daniel-ricciardo","mclaren","mercedes","pirelli",4.8
1080,2023,1,1,1,"1","14","fernando-alonso","aston-martin","mercedes","pirelli",53.3
1080,2023,1,2,2,"2","10","pierre-gasly","alpine","renault","pirelli",6.5
1080,2023,1,3,3,"3","1","max-verstappen","red-bull","honda-rbpt","pirelli",6.3
1080,2023,1,4,4,"4","44","lewis-hamilton","mercedes","mercedes","pirelli",5.5
1080,2023,1,5,5,"5","16","charles-leclerc","ferrari","ferrari","pirelli",4.4
1081,2023,2,1,1,"1","1","max-verstappen","red-bull","honda-rbpt","pirelli",26.3
1081,2023,2,2,2,"2","11","sergio-perez","red-bull","honda-rbpt","pirelli",19.8
1081,2023,2,3,3,"3","14","fernando-alonso","aston-martin","mercedes","pirelli",14.6
1081,2023,2,4,4,"4","16","charles-leclerc","ferrari","ferrari","pirelli",7.2
1081,2023,2,5,5,"5","44","lewis-hamilton","mercedes","mercedes","pirelli",6.7
1082,2023,3,1,1,"1","11","sergio-perez","red-bull","honda-rbpt","pirelli",21.3
1082,2023,3,2,2,"2","44","lewis-hamilton","mercedes","mercedes","pirelli",14.3
1082,2023,3,3,3,"3","10","pierre-gasly","alpine","renault","pirelli",10.3
1082,2023,3,4,4,"4","4","lando-norris","mclaren","mercedes","pirelli",9.6
1082,2023,3,5,5,"5","55","carlos-sainz-jr","ferrari","ferrari","pirelli",9
1083,2023,4,1,1,"1","11","sergio-perez","red-bull","honda-rbpt","pirelli",29.1
1083,2023,4,2,2,"2","14","fernando-alonso","aston-martin","mercedes","pirelli",14.3
1083,2023,4,3,3,"3","16","charles-leclerc","ferrari","ferrari","pirelli",11.4
1083,2023,4,4,4,"4","44","lewis-hamilton","mercedes","mercedes","pirelli",9.1
1083,2023,4,5,5,"5","1","max-verstappen","red-bull","honda-rbpt","pirelli",6.6
1084,2023,5,1,1,"1","1","max-verstappen","red-bull","honda-rbpt","pirelli",27.1
1084,2023,5,2,2,"2","11","sergio-perez","red-bull","honda-rbpt","pirelli",12.5
1084,2023,5,3,3,"3","14","fernando-alonso","aston-martin","mercedes","pirelli",9.8
1084,2023,5,4,4,"4","44","lewis-hamilton","mercedes","mercedes","pirelli",8.6
1084,2023,5,5,5,"5","63","george-russell","mercedes","mercedes","pirelli",7.9
1085,2023,6,1,1,"1","31","esteban-ocon","alpine","renault","pirelli",23.5
1085,2023,6,2,2,"2","14","fernando-alonso","aston-martin","mercedes","pirelli",22.6
1085,2023,6,3,3,"3","1","max-verstappen","red-bull","honda-rbpt","pirelli",16.5
1085,2023,6,4,4,"4","44","lewis-hamilton","mercedes","mercedes","pirelli",7.5
1085,2023,6,5,5,"5","16","charles-leclerc","ferrari","ferrari","pirelli",6.2
1086,2023,7,1,1,"1","44","lewis-hamilton","mercedes","mercedes","pirelli",24.7
1086,2023,7,2,2,"2","11","sergio-perez","red-bull","honda-rbpt","pirelli",19.2
1086,2023,7,3,3,"3","63","george-russell","mercedes","mercedes","pirelli",11.3
1086,2023,7,4,4,"4","1","max-verstappen","red-bull","honda-rbpt","pirelli",10.6
1086,2023,7,5,5,"5","14","fernando-alonso","aston-martin","mercedes","pirelli",5.4
1087,2023,8,1,1,"1","23","alexander-albon","williams","mercedes","pirelli",28.7
1087,2023,8,2,2,"2","44","lewis-hamilton","mercedes","mercedes","pirelli",16.4
1087,2023,8,3,3,"3","14","fernando-alonso","aston-martin","mercedes","pirelli",16.3
1087,2023,8,4,4,"4","1","max-verstappen","red-bull","honda-rbpt","pirelli",7.4
1087,2023,8,5,5,"5","16","charles-leclerc","ferrari","ferrari","pirelli",7.3
1088,2023,9,1,1,"1","4","lando-norris","mclaren","mercedes","pirelli",26.1
1088,2023,9,2,2,"2","55","carlos-sainz-jr","ferrari","ferrari","pirelli",22.4
1088,2023,9,3,3,"3","11","sergio-perez","red-bull","honda-rbpt","pirelli",21.8
1088,2023,9,4,4,"4","16","charles-leclerc","ferrari","ferrari","pirelli",7.6
1088,2023,9,5,5,"5","1","max-verstappen","red-bull","honda-rbpt","pirelli",6.5
1089,2023,10,1,1,"1","4","lando-norris","mclaren","mercedes","pirelli",45.5
1089,2023,10,2,2,"2","44","lewis-hamilton","mercedes","mercedes","pirelli",12.1
1089,2023,10,3,3,"3","81","oscar-piastri","mclaren","mercedes","pirelli",10.8
1089,2023,10,4,4,"4","11","sergio-perez","red-bull","honda-rbpt","pirelli",8.1
1089,2023,10,5,5,"5","1","max-verstappen","red-bull","honda-rbpt","pirelli",5.1
1090,2023,11,1,1,"1","11","sergio-perez","red-bull","honda-rbpt","pirelli",20.7
1090,2023,11,2,2,"2","4","lando-norris","mclaren","mercedes","pirelli",20.4
1090,2023,11,3,3,"3","81","oscar-piastri","mclaren","mercedes","pirelli",13.7
1090,2023,11,4,4,"4","63","george-russell","mercedes","mercedes","pirelli",8.4
1090,2023,11,5,5,"5","1","max-verstappen","red-bull","honda-rbpt","pirelli",7.6
1091,2023,12,1,1,"1","1","max-verstappen","red-bull","honda-rbpt","pirelli",15.5
1091,2023,12,2,2,"2","16","charles-leclerc","ferrari","ferrari","pirelli",14.8
1091,2023,12,3,3,"3","22","yuki-tsunoda","alphatauri","honda-rbpt","pirelli",14.6
1091,2023,12,4,4,"4","4","lando-norris","mclaren","mercedes","pirelli",8
1091,2023,12,5,5,"5","11","sergio-perez","red-bull","honda-rbpt","pirelli",7.3
1092,2023,13,1,1,"1","14","fernando-alonso","aston-martin","mercedes","pirelli",20.9
1092,2023,13,2,2,"2","23","alexander-albon","williams","mercedes","pirelli",14
1092,2023,13,3,3,"3","1","max-verstappen","red-bull","honda-rbpt","pirelli",10.9
1092,2023,13,4,4,"4","10","pierre-gasly","alpine","renault","pirelli",9.1
1092,2023,13,5,5,"5","44","lewis-hamilton","mercedes","mercedes","pirelli",9
1093,2023,14,1,1,"1","55","carlos-sainz-jr","ferrari","ferrari","pirelli",31.5
1093,2023,14,2,2,"2","11","sergio-perez","red-bull","honda-rbpt","pirelli",14.8
1093,2023,14,3,3,"3","1","max-verstappen","red-bull","honda-rbpt","pirelli",13.3
1093,2023,14,4,4,"4","23","alexander-albon","williams","mercedes","pirelli",10.7
1093,2023,14,5,5,"5","16","charles-leclerc","ferrari","ferrari","pirelli",6
1094,2023,15,1,1,"1","55","carlos-sainz-jr","ferrari","ferrari","pirelli",21.2
1094,2023,15,2,2,"2","40","liam-lawson","alphatauri","honda-rbpt","pirelli",14.4
1094,2023,15,3,3,"3","4","lando-norris","mclaren","mercedes","pirelli",13.6
1094,2023,15,4,4,"4","63","george-russell","mercedes","mercedes","pirelli",9.8
1094,2023,15,5,5,"5","1","max-verstappen","red-bull","honda-rbpt","pirelli",7.6
1095,2023,16,1,1,"1","81","oscar-piastri","mclaren","mercedes","pirelli",28.2
1095,2023,16,2,2,"2","4","lando-norris","mclaren","mercedes","pirelli",15.8
1095,2023,16,3,3,"3","1","max-verstappen","red-bull","honda-rbpt","pirelli",14.4
1095,2023,16,4,4,"4","16","charles-leclerc","ferrari","ferrari","pirelli",7.5
1095,2023,16,5,5,"5","44","lewis-hamilton","mercedes","mercedes","pirelli",6.8
1096,2023,17,1,1,"1","81","oscar-piastri","mclaren","mercedes","pirelli",27.9
1096,2023,17,2,2,"2","63","george-russell","mercedes","mercedes","pirelli",17.3
1096,2023,17,3,3,"3","4","lando-norris","mclaren","mercedes","pirelli",16.4
1096,2023,17,4,4,"4","1","max-verstappen","red-bull","honda-rbpt","pirelli",11.4
1096,2023,17,5,5,"5","16","charles-leclerc","ferrari","ferrari","pirelli",4.6
1097,2023,18,1,1,"1","4","lando-norris","mclaren","mercedes","pirelli",26
1097,2023,18,2,2,"2","44","lewis-hamilton","mercedes","mercedes","pirelli",23.3
1097,2023,18,3,3,"3","1","max-verstappen","red-bull","honda-rbpt","pirelli",14.4
1097,2023,18,4,4,"4","11","sergio-perez","red-bull","honda-rbpt","pirelli",7.5
1097,2023,18,5,5,"5","14","fernando-alonso","aston-martin","mercedes","pirelli",6.8
1098,2023,19,1,1,"1","4","lando-norris","mclaren","mercedes","pirelli",29.5
1098,2023,19,2,2,"2","3","daniel-ricciardo","alphatauri","honda-rbpt","pirelli",21.6
1098,2023,19,3,3,"3","44","lewis-hamilton","mercedes","mercedes","pirelli",12.2
1098,2023,19,4,4,"4","11","sergio-perez","red-bull","honda-rbpt","pirelli",8.3
1098,2023,19,5,5,"5","1","max-verstappen","red-bull","honda-rbpt","pirelli",7.5
1099,2023,20,1,1,"1","4","lando-norris","mclaren","mercedes","pirelli",26.1
1099,2023,20,2,2,"2","14","fernando-alonso","aston-martin","mercedes","pirelli",24.7
1099,2023,20,3,3,"3","11","sergio-perez","red-bull","honda-rbpt","pirelli",15.8
1099,2023,20,4,4,"4","1","max-verstappen","red-bull","honda-rbpt","pirelli",6
1099,2023,20,5,5,"5","22","yuki-tsunoda","alphatauri","honda-rbpt","pirelli",4
1100,2023,21,1,1,"1","16","charles-leclerc","ferrari","ferrari","pirelli",21.6
1100,2023,21,2,2,"2","11","sergio-perez","red-bull","honda-rbpt","pirelli",19.1
1100,2023,21,3,3,"3","81","oscar-piastri","mclaren","mercedes","pirelli",13.4
1100,2023,21,4,4,"4","1","max-verstappen","red-bull","honda-rbpt","pirelli",13
1100,2023,21,5,5,"5","44","lewis-hamilton","mercedes","mercedes","pirelli",6.2
1101,2023,22,1,1,"1","22","yuki-tsunoda","alphatauri","honda-rbpt","pirelli",24.2
1101,2023,22,2,2,"2","16","charles-leclerc","ferrari","ferrari","pirelli",14.3
1101,2023,22,3,3,"3","11","sergio-perez","red-bull","honda-rbpt","pirelli",11.3
1101,2023,22,4,4,"4","4","lando-norris","mclaren","mercedes","pirelli",9.7
1101,2023,22,5,5,"5","1","max-verstappen","red-bull","honda-rbpt","pirelli",9
1102,2024,1,1,1,"1","55","carlos-sainz-jr","ferrari","ferrari","pirelli",31.4
1102,2024,1,2,2,"2","1","max-verstappen","red-bull","honda-rbpt","pirelli",13.3
1102,2024,1,3,3,"3","11","sergio-perez","red-bull","honda-rbpt","pirelli",11.4
1102,2024,1,4,4,"4","16","charles-leclerc","ferrari","ferrari","pirelli",8
1102,2024,1,5,5,"5","4","lando-norris","mclaren","mercedes","pirelli",5.2
1103,2024,2,1,1,"1","38","oliver-bearman","ferrari","ferrari","pirelli",48.3
1103,2024,2,2,2,"2","44","lewis-hamilton","mercedes","mercedes","pirelli",7.3
1103,2024,2,3,3,"3","20","kevin-magnussen","haas","ferrari","pirelli",6.7
1103,2024,2,4,4,"4","11","sergio-perez","red-bull","honda-rbpt","pirelli",5.9
1103,2024,2,5,5,"5","4","lando-norris","mclaren","mercedes","pirelli",5.2
1104,2024,3,1,1,"1","55","carlos-sainz-jr","ferrari","ferrari","pirelli",38.4
1104,2024,3,2,2,"2","4","lando-norris","mclaren","mercedes","pirelli",11.6
1104,2024,3,3,3,"3","81","oscar-piastri","mclaren","mercedes","pirelli",10.2
1104,2024,3,4,4,"4","16","charles-leclerc","ferrari","ferrari","pirelli",8.7
1104,2024,3,5,5,"5","1","max-verstappen","red-bull","honda-rbpt","pirelli",5.5
1105,2024,4,1,1,"1","16","charles-leclerc","ferrari","ferrari","pirelli",23.8
1105,2024,4,2,2,"2","22","yuki-tsunoda","rb","honda-rbpt","pirelli",17.7
1105,2024,4,3,3,"3","55","carlos-sainz-jr","ferrari","ferrari","pirelli",14.6
1105,2024,4,4,4,"4","11","sergio-perez","red-bull","honda-rbpt","pirelli",8.3
1105,2024,4,5,5,"5","4","lando-norris","mclaren","mercedes","pirelli",8
1106,2024,5,1,1,"1","4","lando-norris","mclaren","mercedes","pirelli",26.4
1106,2024,5,2,2,"2","44","lewis-hamilton","mercedes","mercedes","pirelli",13.9
1106,2024,5,3,3,"3","14","fernando-alonso","aston-martin","mercedes","pirelli",13.6
1106,2024,5,4,4,"4","16","charles-leclerc","ferrari","ferrari","pirelli",9
1106,2024,5,5,5,"5","1","max-verstappen","red-bull","honda-rbpt","pirelli",6.3
1107,2024,6,1,1,"1","4","lando-norris","mclaren","mercedes","pirelli",41.1
1107,2024,6,2,2,"2","77","valtteri-bottas","kick-sauber","ferrari","pirelli",14.6
1107,2024,6,3,3,"3","81","oscar-piastri","mclaren","mercedes","pirelli",8.5
1107,2024,6,4,4,"4","44","lewis-hamilton","mercedes","mercedes","pirelli",5.9
1107,2024,6,5,5,"5","16","charles-leclerc","ferrari","ferrari","pirelli",4.6
