"raceId","year","round","positionDisplayOrder","positionNumber","positionText","driverNumber","driverId","constructorId","engineManufacturerId","tyreManufacturerId","time","timeMillis","q1","q1Millis","q2","q2Millis","q3","q3Millis","gap","gapMillis","interval","intervalMillis","laps"
290,1977,10,1,1,"1","40","gilles-villeneuve","mclaren","ford","goodyear","1:19.480",79480,,,,,,,,,,,
290,1977,10,2,2,"2","23","patrick-tambay","ensign","ford","goodyear","1:19.550",79550,,,,,,,"+0.070",70,"+0.070",70,
290,1977,10,3,3,"3","34","jean-pierre-jarier","penske","ford","goodyear","1:19.630",79630,,,,,,,"+0.150",150,"+0.080",80,
290,1977,10,4,4,"4","30","brett-lunger","mclaren","ford","goodyear","1:19.720",79720,,,,,,,"+0.240",240,"+0.090",90,
290,1977,10,5,5,"5","38","brian-henton","march","ford","goodyear","1:19.820",79820,,,,,,,"+0.340",340,"+0.100",100,
290,1977,10,6,6,"6","37","arturo-merzario","march","ford","goodyear","1:19.860",79860,,,,,,,"+0.380",380,"+0.040",40,
290,1977,10,7,7,"7","27","patrick-neve","march","ford","goodyear","1:19.970",79970,,,,,,,"+0.490",490,"+0.110",110,
290,1977,10,8,8,"8","36","emilio-de-villota","mclaren","ford","goodyear","1:20.380",80380,,,,,,,"+0.900",900,"+0.410",410,
290,1977,10,9,9,"9","31","david-purley","lec","ford","goodyear","1:20.630",80630,,,,,,,"+1.150",1150,"+0.250",250,
290,1977,10,10,10,"10","33","andy-sutcliffe","march","ford","goodyear","1:21.930",81930,,,,,,,"+2.450",2450,"+1.300",1300,
290,1977,10,11,11,"11","35","guy-edwards","brm","brm","goodyear","1:22.620",82620,,,,,,,"+3.140",3140,"+0.690",690,
290,1977,10,12,12,"12","44","tony-trimmer","surtees","ford","goodyear","1:22.800",82800,,,,,,,"+3.320",3320,"+0.180",180,
290,1977,10,13,13,"13","45","brian-mcguire","mcguire","ford","goodyear","1:23.760",83760,,,,,,,"+4.280",4280,"+0.960",960,
290,1977,10,14,14,"14","32","mikko-kozarowitzky","march","ford","goodyear","1:25.160",85160,,,,,,,"+5.680",5680,"+1.400",1400,
301,1978,4,1,1,"1","36","rolf-stommelen","arrows","ford","goodyear","1:23.540",83540,,,,,,,,,,,
301,1978,4,2,2,"2","35","riccardo-patrese","arrows","ford","goodyear","1:23.840",83840,,,,,,,"+0.300",300,"+0.300",300,
301,1978,4,3,3,"3","37","arturo-merzario","merzario","ford","goodyear","1:24.729",84729,,,,,,,"+1.189",1189,"+0.889",889,
301,1978,4,4,4,"4","30","brett-lunger","mclaren","ford","goodyear","1:25.076",85076,,,,,,,"+1.536",1536,"+0.347",347,
301,1978,4,5,5,"5","32","keke-rosberg","theodore","ford","goodyear","1:25.785",85785,,,,,,,"+2.245",2245,"+0.709",709,
301,1978,4,6,6,"6","25","hector-rebaque","lotus","ford","goodyear","1:26.128",86128,,,,,,,"+2.588",2588,"+0.343",343,
301,1978,4,7,7,"7","39","danny-ongais","shadow","ford","goodyear","1:26.150",86150,,,,,,,"+2.610",2610,"+0.022",22,
301,1978,4,8,8,"8","24","derek-daly","hesketh","ford","goodyear","1:26.615",86615,,,,,,,"+3.075",3075,"+0.465",465,
302,1978,5,1,1,"1","35","riccardo-patrese","arrows","ford","goodyear","1:31.310",91310,,,,,,,,,,,
302,1978,5,2,2,"2","36","rolf-stommelen","arrows","ford","goodyear","1:31.880",91880,,,,,,,"+0.570",570,"+0.570",570,
302,1978,5,3,3,"3","32","keke-rosberg","theodore","ford","goodyear","1:33.070",93070,,,,,,,"+1.760",1760,"+1.190",1190,
302,1978,5,4,4,"4","24","derek-daly","hesketh","ford","goodyear","1:33.550",93550,,,,,,,"+2.240",2240,"+0.480",480,
302,1978,5,5,5,"5","31","rene-arnoux","martini","ford","goodyear","1:33.720",93720,,,,,,,"+2.410",2410,"+0.170",170,
302,1978,5,6,6,"6","25","hector-rebaque","lotus","ford","goodyear","1:34.590",94590,,,,,,,"+3.280",3280,"+0.870",870,
302,1978,5,7,7,"7","30","brett-lunger","mclaren","ford","goodyear","1:34.860",94860,,,,,,,"+3.550",3550,"+0.270",270,
302,1978,5,8,8,"8","37","arturo-merzario","merzario","ford","goodyear","1:49.430",109430,,,,,,,"+18.120",18120,"+14.570",14570,
303,1978,6,1,1,"1","36","rolf-stommelen","arrows","ford","goodyear","1:23.760",83760,,,,,,,,,,,
303,1978,6,2,2,"2","32","keke-rosberg","theodore","ford","goodyear","1:24.460",84460,,,,,,,"+0.700",700,"+0.700",700,
303,1978,6,3,3,"3","31","rene-arnoux","martini","ford","goodyear","1:24.580",84580,,,,,,,"+0.820",820,"+0.120",120,
303,1978,6,4,4,"4","33","bruno-giacomelli","mclaren","ford","goodyear","1:24.650",84650,,,,,,,"+0.890",890,"+0.070",70,
303,1978,6,5,5,"5","30","brett-lunger","mclaren","ford","goodyear","1:24.910",84910,,,,,,,"+1.150",1150,"+0.260",260,
303,1978,6,6,6,"6","25","hector-rebaque","lotus","ford","goodyear","1:25.100",85100,,,,,,,"+1.340",1340,"+0.190",190,
303,1978,6,7,7,"7","37","arturo-merzario","merzario","ford","goodyear","1:26.690",86690,,,,,,,"+2.930",2930,"+1.590",1590,
304,1978,7,1,1,"1","25","hector-rebaque","lotus","ford","goodyear","1:19.840",79840,,,,,,,,,,,
304,1978,7,2,2,"2","36","rolf-stommelen","arrows","ford","goodyear","1:19.970",79970,,,,,,,"+0.130",130,"+0.130",130,
304,1978,7,3,3,"3","37","arturo-merzario","merzario","ford","goodyear","1:20.030",80030,,,,,,,"+0.190",190,"+0.060",60,
304,1978,7,4,4,"4","30","brett-lunger","mclaren","ford","goodyear","1:20.190",80190,,,,,,,"+0.350",350,"+0.160",160,
304,1978,7,5,5,"5","32","keke-rosberg","theodore","ford","goodyear","1:21.250",81250,,,,,,,"+1.410",1410,"+1.060",1060,
308,1978,11,1,1,"1","32","keke-rosberg","wolf","ford","goodyear","2:10.130",130130,,,,,,,,,,,
308,1978,11,2,2,"2","37","arturo-merzario","merzario","ford","goodyear","2:10.820",130820,,,,,,,"+0.690",690,"+0.690",690,
308,1978,11,3,3,"3","25","hector-rebaque","lotus","ford","goodyear","2:11.800",131800,,,,,,,"+1.670",1670,"+0.980",980,
308,1978,11,4,4,"4","31","rene-arnoux","martini","ford","goodyear","2:12.250",132250,,,,,,,"+2.120",2120,"+0.450",450,
308,1978,11,5,5,"5","30","brett-lunger","mclaren","ford","goodyear","2:12.450",132450,,,,,,,"+2.320",2320,"+0.200",200,
310,1978,13,1,1,"1","33","bruno-giacomelli","mclaren","ford","goodyear","1:19.590",79590,,,,,,,,,,,
310,1978,13,2,2,"2","30","brett-lunger","mclaren","ford","goodyear","1:20.010",80010,,,,,,,"+0.420",420,"+0.420",420,
310,1978,13,3,3,"3","37","arturo-merzario","merzario","ford","goodyear","1:20.320",80320,,,,,,,"+0.730",730,"+0.310",310,
310,1978,13,4,4,"4","32","keke-rosberg","wolf","ford","goodyear","1:20.460",80460,,,,,,,"+0.870",870,"+0.140",140,
310,1978,13,5,5,"5","29","nelson-piquet","mclaren","ford","goodyear","1:20.520",80520,,,,,,,"+0.930",930,"+0.060",60,
310,1978,13,6,6,"6","31","rene-arnoux","martini","ford","goodyear","1:20.520",80520,,,,,,,"+0.930",930,"+0.000",0,
310,1978,13,7,7,"7","25","hector-rebaque","lotus","ford","goodyear","1:20.950",80950,,,,,,,"+1.360",1360,"+0.430",430,
310,1978,13,8,8,"8","23","harald-ertl","ensign","ford","goodyear","1:21.000",81000,,,,,,,"+1.410",1410,"+0.050",50,
310,1978,13,9,9,"9","39","danny-ongais","shadow","ford","goodyear","1:21.410",81410,,,,,,,"+1.820",1820,"+0.410",410,
310,1978,13,10,10,"10","36","rolf-stommelen","arrows","ford","goodyear","1:22.240",82240,,,,,,,"+2.650",2650,"+0.830",830,
311,1978,14,1,1,"1","25","hector-rebaque","lotus","ford","goodyear","1:39.880",99880,,,,,,,,,,,
311,1978,14,2,2,"2","29","nelson-piquet","mclaren","ford","goodyear","1:40.110",100110,,,,,,,"+0.230",230,"+0.230",230,
311,1978,14,3,3,"3","30","brett-lunger","mclaren","ford","goodyear","1:40.240",100240,,,,,,,"+0.360",360,"+0.130",130,
311,1978,14,4,4,"4","23","harald-ertl","ensign","ford","goodyear","1:40.270",100270,,,,,,,"+0.390",390,"+0.030",30,
311,1978,14,5,5,"5","32","keke-rosberg","wolf","ford","goodyear","1:40.750",100750,,,,,,,"+0.870",870,"+0.480",480,
311,1978,14,6,6,"6","36","rolf-stommelen","arrows","ford","goodyear","1:40.930",100930,,,,,,,"+1.050",1050,"+0.180",180,
311,1978,14,7,7,"7","38","alberto-colombo","merzario","ford","goodyear","1:42.240",102240,,,,,,,"+2.360",2360,"+1.310",1310,
320,1979,7,1,1,"1","9","hans-joachim-stuck","ats-wheels","ford","goodyear","1:33.190",93190,,,,,,,,,,,
320,1979,7,2,2,"2","30","jochen-mass","arrows","ford","goodyear","1:34.300",94300,,,,,,,"+1.110",1110,"+1.110",1110,
320,1979,7,3,3,"3","24","gianfranco-brancatelli","merzario","ford","goodyear","1:38.150",98150,,,,,,,"+4.960",4960,"+3.850",3850,
348,1981,6,1,1,"1","33","patrick-tambay","theodore","ford","michelin","1:30.492",90492,,,,,,,,,,,
348,1981,6,2,2,"2","14","marc-surer","ensign","ford","michelin","1:31.249",91249,,,,,,,"+0.757",757,"+0.757",757,
348,1981,6,3,3,"3","31","beppe-gabbiani","osella","ford","michelin","1:32.704",92704,,,,,,,"+2.212",2212,"+1.455",1455,
348,1981,6,4,4,"4","32","piercarlo-ghinzani","osella","ford","michelin","1:33.189",93189,,,,,,,"+2.697",2697,"+0.485",485,
348,1981,6,5,5,"5","10","slim-borgudd","ats-wheels","ford","michelin","1:33.285",93285,,,,,,,"+2.793",2793,"+0.096",96,
348,1981,6,6,6,"6","18","derek-daly","march","ford","michelin","1:33.800",93800,,,,,,,"+3.308",3308,"+0.515",515,
348,1981,6,7,7,"7","17","eliseo-salazar","march","ford","michelin","1:35.249",95249,,,,,,,"+4.757",4757,"+1.449",1449,
348,1981,6,8,8,"8","35","brian-henton","toleman","hart","pirelli","1:37.528",97528,,,,,,,"+7.036",7036,"+2.279",2279,
348,1981,6,9,9,"9","36","derek-warwick","toleman","hart","pirelli","1:41.966",101966,,,,,,,"+11.474",11474,"+4.438",4438,
363,1982,6,1,1,"1","31","jean-pierre-jarier","osella","ford","pirelli","1:29.479",89479,,,,,,,,,,,
363,1982,6,2,2,"2","17","jochen-mass","march","ford","avon","1:29.901",89901,,,,,,,"+0.422",422,"+0.422",422,
363,1982,6,3,3,"3","35","derek-warwick","toleman","hart","pirelli","1:30.352",90352,,,,,,,"+0.873",873,"+0.451",451,
363,1982,6,4,4,"4","36","teo-fabi","toleman","hart","pirelli","1:30.407",90407,,,,,,,"+0.928",928,"+0.055",55,
363,1982,6,5,5,"5","32","riccardo-paletti","osella","ford","pirelli","1:31.059",91059,,,,,,,"+1.580",1580,"+0.652",652,
363,1982,6,6,6,"6","18","raul-boesel","march","ford","avon","1:31.212",91212,,,,,,,"+1.733",1733,"+0.153",153,
363,1982,6,7,7,"7","20","chico-serra","fittipaldi","ford","pirelli","1:31.471",91471,,,,,,,"+1.992",1992,"+0.259",259,
363,1982,6,8,8,"8","19","emilio-de-villota","march","ford","avon","1:52.401",112401,,,,,,,"+22.922",22922,"+20.930",20930,
378,1983,5,1,1,"1","36","bruno-giacomelli","toleman","hart","pirelli","1:32.190",92190,,,,,,,,,,,
378,1983,5,2,2,"2","17","eliseo-salazar","ram","ford","pirelli","1:32.502",92502,,,,,,,"+0.312",312,"+0.312",312,
378,1983,5,3,3,"3","35","derek-warwick","toleman","hart","pirelli","1:33.453",93453,,,,,,,"+1.263",1263,"+0.951",951,
378,1983,5,4,4,"4","34","johnny-cecotto","theodore","ford","goodyear","1:33.817",93817,,,,,,,"+1.627",1627,"+0.364",364,
378,1983,5,5,5,"5","33","roberto-guerrero","theodore","ford","goodyear","1:33.889",93889,,,,,,,"+1.699",1699,"+0.072",72,
453,1988,1,1,1,"1","22","andrea-de-cesaris","rial","ford","goodyear","1:37.033",97033,,,,,,,,,,,
453,1988,1,2,2,"2","33","stefano-modena","eurobrun","ford","goodyear","1:37.886",97886,,,,,,,"+0.853",853,"+0.853",853,
453,1988,1,3,3,"3","32","oscar-larrauri","eurobrun","ford","goodyear","1:38.276",98276,,,,,,,"+1.243",1243,"+0.390",390,
453,1988,1,4,4,"4","31","gabriele-tarquini","coloni","ford","goodyear","1:43.869",103869,,,,,,,"+6.836",6836,"+5.593",5593,
453,1988,1,5,5,"5","36","alex-caffi","dallara","ford","goodyear","1:46.442",106442,,,,,,,"+9.409",9409,"+2.573",2573,
457,1988,5,1,1,"1","33","stefano-modena","eurobrun","ford","goodyear","1:27.274",87274,,,,,,,,,,,
457,1988,5,2,2,"2","22","andrea-de-cesaris","rial","ford","goodyear","1:27.426",87426,,,,,,,"+0.152",152,"+0.152",152,
457,1988,5,3,3,"3","32","oscar-larrauri","eurobrun","ford","goodyear","1:27.912",87912,,,,,,,"+0.638",638,"+0.486",486,
457,1988,5,4,4,"4","31","gabriele-tarquini","coloni","ford","goodyear","1:28.709",88709,,,,,,,"+1.435",1435,"+0.797",797,
457,1988,5,5,5,"5","36","alex-caffi","dallara","ford","goodyear","1:29.103",89103,,,,,,,"+1.829",1829,"+0.394",394,
458,1988,6,1,1,"1","36","alex-caffi","dallara","ford","goodyear","1:46.280",106280,,,,,,,,,,,
458,1988,6,2,2,"2","33","stefano-modena","eurobrun","ford","goodyear","1:46.522",106522,,,,,,,"+0.242",242,"+0.242",242,
458,1988,6,3,3,"3","32","oscar-larrauri","eurobrun","ford","goodyear","1:46.650",106650,,,,,,,"+0.370",370,"+0.128",128,
458,1988,6,4,4,"4","22","andrea-de-cesaris","rial","ford","goodyear","1:46.709",106709,,,,,,,"+0.429",429,"+0.059",59,
458,1988,6,5,5,"5","31","gabriele-tarquini","coloni","ford","goodyear","1:47.312",107312,,,,,,,"+1.032",1032,"+0.603",603,
459,1988,7,1,1,"1","33","stefano-modena","eurobrun","ford","goodyear","1:12.805",72805,,,,,,,,,,,
459,1988,7,2,2,"2","36","alex-caffi","dallara","ford","goodyear","1:12.891",72891,,,,,,,"+0.086",86,"+0.086",86,
459,1988,7,3,3,"3","22","andrea-de-cesaris","rial","ford","goodyear","1:12.898",72898,,,,,,,"+0.093",93,"+0.007",7,
459,1988,7,4,4,"4","32","oscar-larrauri","eurobrun","ford","goodyear","1:13.452",73452,,,,,,,"+0.647",647,"+0.554",554,
459,1988,7,5,5,"5","31","gabriele-tarquini","coloni","ford","goodyear","1:14.214",74214,,,,,,,"+1.409",1409,"+0.762",762,
460,1988,8,1,1,"1","22","andrea-de-cesaris","rial","ford","goodyear","1:14.123",74123,,,,,,,,,,,
460,1988,8,2,2,"2","36","alex-caffi","dallara","ford","goodyear","1:15.657",75657,,,,,,,"+1.534",1534,"+1.534",1534,
460,1988,8,3,3,"3","33","stefano-modena","eurobrun","ford","goodyear","1:15.802",75802,,,,,,,"+1.679",1679,"+0.145",145,
460,1988,8,4,4,"4","32","oscar-larrauri","eurobrun","ford","goodyear","1:15.836",75836,,,,,,,"+1.713",1713,"+0.034",34,
460,1988,8,5,5,"5","31","gabriele-tarquini","coloni","ford","goodyear","1:17.028",77028,,,,,,,"+2.905",2905,"+1.192",1192,
461,1988,9,1,1,"1","21","nicola-larini","osella","osella","goodyear","1:52.321",112321,,,,,,,,,,,
461,1988,9,2,2,"2","36","alex-caffi","dallara","ford","goodyear","1:53.031",113031,,,,,,,"+0.710",710,"+0.710",710,
461,1988,9,3,3,"3","32","oscar-larrauri","eurobrun","ford","goodyear","1:54.184",114184,,,,,,,"+1.863",1863,"+1.153",1153,
461,1988,9,4,4,"4","33","stefano-modena","eurobrun","ford","goodyear","1:54.317",114317,,,,,,,"+1.996",1996,"+0.133",133,
461,1988,9,5,5,"5","31","gabriele-tarquini","coloni","ford","goodyear","1:54.358",114358,,,,,,,"+2.037",2037,"+0.041",41,
462,1988,10,1,1,"1","36","alex-caffi","dallara","ford","goodyear","2:01.593",121593,,,,,,,,,,,
462,1988,10,2,2,"2","32","oscar-larrauri","eurobrun","ford","goodyear","2:03.343",123343,,,,,,,"+1.750",1750,"+1.750",1750,
462,1988,10,3,3,"3","31","gabriele-tarquini","coloni","ford","goodyear","2:03.371",123371,,,,,,,"+1.778",1778,"+0.028",28,
462,1988,10,4,4,"4","33","stefano-modena","eurobrun","ford","goodyear","2:04.168",124168,,,,,,,"+2.575",2575,"+0.797",797,
462,1988,10,5,5,"5","21","nicola-larini","osella","osella","goodyear","2:05.626",125626,,,,,,,"+4.033",4033,"+1.458",1458,
463,1988,11,1,1,"1","36","alex-caffi","dallara","ford","goodyear","2:01.068",121068,,,,,,,,,,,
463,1988,11,2,2,"2","31","gabriele-tarquini","coloni","ford","goodyear","2:02.101",122101,,,,,,,"+1.033",1033,"+1.033",1033,
463,1988,11,3,3,"3","21","nicola-larini","osella","osella","goodyear","2:02.347",122347,,,,,,,"+1.279",1279,"+0.246",246,
463,1988,11,4,4,"4","33","stefano-modena","eurobrun","ford","goodyear","2:02.933",122933,,,,,,,"+1.865",1865,"+0.586",586,
463,1988,11,5,5,"5","32","oscar-larrauri","eurobrun","ford","goodyear","2:04.208",124208,,,,,,,"+3.140",3140,"+1.275",1275,
464,1988,12,1,1,"1","36","alex-caffi","dallara","ford","goodyear","1:30.877",90877,,,,,,,,,,,
464,1988,12,2,2,"2","31","gabriele-tarquini","coloni","ford","goodyear","1:32.860",92860,,,,,,,"+1.983",1983,"+1.983",1983,
464,1988,12,3,3,"3","33","stefano-modena","eurobrun","ford","goodyear","1:33.292",93292,,,,,,,"+2.415",2415,"+0.432",432,
464,1988,12,4,4,"4","21","nicola-larini","osella","osella","goodyear","1:33.738",93738,,,,,,,"+2.861",2861,"+0.446",446,
464,1988,12,5,5,"5","32","oscar-larrauri","eurobrun","ford","goodyear","1:34.044",94044,,,,,,,"+3.167",3167,"+0.306",306,
465,1988,13,1,1,"1","36","alex-caffi","dallara","ford","goodyear","1:21.468",81468,,,,,,,,,,,
465,1988,13,2,2,"2","21","nicola-larini","osella","osella","goodyear","1:23.051",83051,,,,,,,"+1.583",1583,"+1.583",1583,
465,1988,13,3,3,"3","31","gabriele-tarquini","coloni","ford","goodyear","1:23.807",83807,,,,,,,"+2.339",2339,"+0.756",756,
465,1988,13,4,4,"4","33","stefano-modena","eurobrun","ford","goodyear","1:24.076",84076,,,,,,,"+2.608",2608,"+0.269",269,
465,1988,13,5,5,"5","32","oscar-larrauri","eurobrun","ford","goodyear","1:25.146",85146,,,,,,,"+3.678",3678,"+1.070",1070,
466,1988,14,1,1,"1","36","alex-caffi","dallara","ford","goodyear","1:28.378",88378,,,,,,,,,,,
466,1988,14,2,2,"2","21","nicola-larini","osella","osella","goodyear","1:29.293",89293,,,,,,,"+0.915",915,"+0.915",915,
466,1988,14,3,3,"3","32","oscar-larrauri","eurobrun","ford","goodyear","1:30.003",90003,,,,,,,"+1.625",1625,"+0.710",710,
466,1988,14,4,4,"4","33","stefano-modena","eurobrun","ford","goodyear","1:30.419",90419,,,,,,,"+2.041",2041,"+0.416",416,
466,1988,14,5,5,"5","31","gabriele-tarquini","coloni","ford","goodyear","1:30.459",90459,,,,,,,"+2.081",2081,"+0.040",40,
467,1988,15,1,1,"1","36","alex-caffi","dallara","ford","goodyear","1:49.099",109099,,,,,,,,,,,
467,1988,15,2,2,"2","21","nicola-larini","osella","osella","goodyear","1:50.288",110288,,,,,,,"+1.189",1189,"+1.189",1189,
467,1988,15,3,3,"3","32","oscar-larrauri","eurobrun","ford","goodyear","1:50.942",110942,,,,,,,"+1.843",1843,"+0.654",654,
467,1988,15,4,4,"4","33","stefano-modena","eurobrun","ford","goodyear","1:51.141",111141,,,,,,,"+2.042",2042,"+0.199",199,
467,1988,15,5,5,"5","31","gabriele-tarquini","coloni","ford","goodyear","1:52.234",112234,,,,,,,"+3.135",3135,"+1.093",1093,
468,1988,16,1,1,"1","36","alex-caffi","dallara","ford","goodyear","1:21.519",81519,,,,,,,,,,,
468,1988,16,2,2,"2","33","stefano-modena","eurobrun","ford","goodyear","1:21.901",81901,,,,,,,"+0.382",382,"+0.382",382,
468,1988,16,3,3,"3","31","gabriele-tarquini","coloni","ford","goodyear","1:22.022",82022,,,,,,,"+0.503",503,"+0.121",121,
468,1988,16,4,4,"4","32","oscar-larrauri","eurobrun","ford","goodyear","1:24.634",84634,,,,,,,"+3.115",3115,"+2.612",2612,
468,1988,16,5,5,"5","21","nicola-larini","osella","osella","goodyear","1:28.440",88440,,,,,,,"+6.921",6921,"+3.806",3806,
469,1989,1,1,1,"1","7","martin-brundle","brabham","judd","pirelli","1:27.764",87764,,,,,,,,,,,
469,1989,1,2,2,"2","8","stefano-modena","brabham","judd","pirelli","1:28.147",88147,,,,,,,"+0.383",383,"+0.383",383,
469,1989,1,3,3,"3","33","gregor-foitek","eurobrun","judd","pirelli","1:29.604",89604,,,,,,,"+1.840",1840,"+1.457",1457,
469,1989,1,4,4,"4","17","nicola-larini","osella","ford","pirelli","1:29.679",89679,,,,,,,"+1.915",1915,"+0.075",75,
469,1989,1,5,5,"5","34","bernd-schneider","zakspeed","yamaha","pirelli","1:30.417",90417,,,,,,,"+2.653",2653,"+0.738",738,
469,1989,1,6,6,"6","21","alex-caffi","dallara","ford","pirelli","1:30.747",90747,,,,,,,"+2.983",2983,"+0.330",330,
469,1989,1,7,7,"7","18","piercarlo-ghinzani","osella","ford","pirelli","1:31.150",91150,,,,,,,"+3.386",3386,"+0.403",403,
469,1989,1,8,8,"8","39","volker-weidler","rial","ford","goodyear","1:31.964",91964,,,,,,,"+4.200",4200,"+0.814",814,
469,1989,1,9,9,"9","32","pierre-henri-raphanel","coloni","ford","pirelli","1:32.019",92019,,,,,,,"+4.255",4255,"+0.055",55,
469,1989,1,10,10,"10","41","joachim-winkelhock","ags","ford","goodyear","1:32.982",92982,,,,,,,"+5.218",5218,"+0.963",963,
469,1989,1,11,11,"11","35","aguri-suzuki","zakspeed","yamaha","pirelli","1:33.079",93079,,,,,,,"+5.315",5315,"+0.097",97,
469,1989,1,12,12,"12","36","stefan-johansson","onyx","ford","goodyear","1:35.232",95232,,,,,,,"+7.468",7468,"+2.153",2153,
469,1989,1,13,13,"13","37","bertrand-gachot","onyx","ford","goodyear","1:37.932",97932,,,,,,,"+10.168",10168,"+2.700",2700,
470,1989,2,1,1,"1","8","stefano-modena","brabham","judd","pirelli","1:27.350",87350,,,,,,,,,,,
470,1989,2,2,2,"2","7","martin-brundle","brabham","judd","pirelli","1:28.197",88197,,,,,,,"+0.847",847,"+0.847",847,
470,1989,2,3,3,"3","21","alex-caffi","dallara","ford","pirelli","1:29.346",89346,,,,,,,"+1.996",1996,"+1.149",1149,
470,1989,2,4,4,"4","17","nicola-larini","osella","ford","pirelli","1:29.787",89787,,,,,,,"+2.437",2437,"+0.441",441,
470,1989,2,5,5,"5","37","bertrand-gachot","onyx","ford","goodyear","1:30.384",90384,,,,,,,"+3.034",3034,"+0.597",597,
470,1989,2,6,6,"6","33","gregor-foitek","eurobrun","judd","pirelli","1:30.620",90620,,,,,,,"+3.270",3270,"+0.236",236,
470,1989,2,7,7,"7","18","piercarlo-ghinzani","osella","ford","pirelli","1:30.631",90631,,,,,,,"+3.281",3281,"+0.011",11,
470,1989,2,8,8,"8","36","stefan-johansson","onyx","ford","goodyear","1:30.647",90647,,,,,,,"+3.297",3297,"+0.016",16,
470,1989,2,9,9,"9","41","joachim-winkelhock","ags","ford","goodyear","1:32.071",92071,,,,,,,"+4.721",4721,"+1.424",1424,
470,1989,2,10,10,"10","32","pierre-henri-raphanel","coloni","ford","pirelli","1:32.267",92267,,,,,,,"+4.917",4917,"+0.196",196,
470,1989,2,11,11,"11","35","aguri-suzuki","zakspeed","yamaha","pirelli","1:32.287",92287,,,,,,,"+4.937",4937,"+0.020",20,
470,1989,2,12,12,"12","34","bernd-schneider","zakspeed","yamaha","pirelli","1:32.855",92855,,,,,,,"+5.505",5505,"+0.568",568,
470,1989,2,13,13,"13","39","volker-weidler","rial","ford","goodyear","1:36.480",96480,,,,,,,"+9.130",9130,"+3.625",3625,
471,1989,3,1,1,"1","8","stefano-modena","brabham","judd","pirelli","1:26.957",86957,,,,,,,,,,,
471,1989,3,2,2,"2","21","alex-caffi","dallara","ford","pirelli","1:27.098",87098,,,,,,,"+0.141",141,"+0.141",141,
471,1989,3,3,3,"3","32","pierre-henri-raphanel","coloni","ford","pirelli","1:27.590",87590,,,,,,,"+0.633",633,"+0.492",492,
471,1989,3,4,4,"4","7","martin-brundle","brabham","judd","pirelli","1:27.774",87774,,,,,,,"+0.817",817,"+0.184",184,
471,1989,3,5,5,"5","18","piercarlo-ghinzani","osella","ford","pirelli","1:27.795",87795,,,,,,,"+0.838",838,"+0.021",21,
471,1989,3,6,6,"6","36","stefan-johansson","onyx","ford","goodyear","1:27.821",87821,,,,,,,"+0.864",864,"+0.026",26,
471,1989,3,7,7,"7","17","nicola-larini","osella","ford","pirelli","1:28.555",88555,,,,,,,"+1.598",1598,"+0.734",734,
471,1989,3,8,8,"8","34","bernd-schneider","zakspeed","yamaha","pirelli","1:28.610",88610,,,,,,,"+1.653",1653,"+0.055",55,
471,1989,3,9,9,"9","37","bertrand-gachot","onyx","ford","goodyear","1:28.897",88897,,,,,,,"+1.940",1940,"+0.287",287,
471,1989,3,10,10,"10","33","gregor-foitek","eurobrun","judd","pirelli","1:29.423",89423,,,,,,,"+2.466",2466,"+0.526",526,
471,1989,3,11,11,"11","39","volker-weidler","rial","ford","goodyear","1:29.498",89498,,,,,,,"+2.541",2541,"+0.075",75,
471,1989,3,12,12,"12","35","aguri-suzuki","zakspeed","yamaha","pirelli","1:30.528",90528,,,,,,,"+3.571",3571,"+1.030",1030,
471,1989,3,13,13,"13","41","joachim-winkelhock","ags","ford","goodyear","1:32.274",92274,,,,,,,"+5.317",5317,"+1.746",1746,
472,1989,4,1,1,"1","7","martin-brundle","brabham","judd","pirelli","1:21.770",81770,,,,,,,,,,,
472,1989,4,2,2,"2","8","stefano-modena","brabham","judd","pirelli","1:22.211",82211,,,,,,,"+0.441",441,"+0.441",441,
472,1989,4,3,3,"3","21","alex-caffi","dallara","ford","pirelli","1:22.876",82876,,,,,,,"+1.106",1106,"+0.665",665,
472,1989,4,4,4,"4","36","stefan-johansson","onyx","ford","goodyear","1:23.288",83288,,,,,,,"+1.518",1518,"+0.412",412,
472,1989,4,5,5,"5","37","bertrand-gachot","onyx","ford","goodyear","1:23.752",83752,,,,,,,"+1.982",1982,"+0.464",464,
472,1989,4,6,6,"6","33","gregor-foitek","eurobrun","judd","pirelli","1:24.351",84351,,,,,,,"+2.581",2581,"+0.599",599,
472,1989,4,7,7,"7","17","nicola-larini","osella","ford","pirelli","1:24.392",84392,,,,,,,"+2.622",2622,"+0.041",41,
472,1989,4,8,8,"8","39","volker-weidler","rial","ford","goodyear","1:24.966",84966,,,,,,,"+3.196",3196,"+0.574",574,
472,1989,4,9,9,"9","34","bernd-schneider","zakspeed","yamaha","pirelli","1:25.418",85418,,,,,,,"+3.648",3648,"+0.452",452,
472,1989,4,10,10,"10","35","aguri-suzuki","zakspeed","yamaha","pirelli","1:25.658",85658,,,,,,,"+3.888",3888,"+0.240",240,
472,1989,4,11,11,"11","18","piercarlo-ghinzani","osella","ford","pirelli","1:26.065",86065,,,,,,,"+4.295",4295,"+0.407",407,
472,1989,4,12,12,"12","41","joachim-winkelhock","ags","ford","goodyear","1:26.754",86754,,,,,,,"+4.984",4984,"+0.689",689,
472,1989,4,13,13,"13","32","pierre-henri-raphanel","coloni","ford","pirelli","1:34.357",94357,,,,,,,"+12.587",12587,"+7.603",7603,
473,1989,5,1,1,"1","7","martin-brundle","brabham","judd","pirelli","1:32.293",92293,,,,,,,,,,,
473,1989,5,2,2,"2","21","alex-caffi","dallara","ford","pirelli","1:32.992",92992,,,,,,,"+0.699",699,"+0.699",699,
473,1989,5,3,3,"3","36","stefan-johansson","onyx","ford","goodyear","1:33.768",93768,,,,,,,"+1.475",1475,"+0.776",776,
473,1989,5,4,4,"4","8","stefano-modena","brabham","judd","pirelli","1:33.924",93924,,,,,,,"+1.631",1631,"+0.156",156,
473,1989,5,5,5,"5","18","piercarlo-ghinzani","osella","ford","pirelli","1:34.281",94281,,,,,,,"+1.988",1988,"+0.357",357,
473,1989,5,6,6,"6","32","pierre-henri-raphanel","coloni","ford","pirelli","1:35.110",95110,,,,,,,"+2.817",2817,"+0.829",829,
473,1989,5,7,7,"7","33","gregor-foitek","eurobrun","judd","pirelli","1:35.805",95805,,,,,,,"+3.512",3512,"+0.695",695,
473,1989,5,8,8,"8","17","nicola-larini","osella","ford","pirelli","1:36.470",96470,,,,,,,"+4.177",4177,"+0.665",665,
473,1989,5,9,9,"9","41","joachim-winkelhock","ags","ford","goodyear","1:36.498",96498,,,,,,,"+4.205",4205,"+0.028",28,
473,1989,5,10,10,"10","39","volker-weidler","rial","ford","goodyear","1:36.583",96583,,,,,,,"+4.290",4290,"+0.085",85,
473,1989,5,11,11,"11","34","bernd-schneider","zakspeed","yamaha","pirelli","1:36.610",96610,,,,,,,"+4.317",4317,"+0.027",27,
473,1989,5,12,12,"12","35","aguri-suzuki","zakspeed","yamaha","pirelli","1:37.776",97776,,,,,,,"+5.483",5483,"+1.166",1166,
473,1989,5,13,13,"13","37","bertrand-gachot","onyx","ford","goodyear","1:45.530",105530,,,,,,,"+13.237",13237,"+7.754",7754,
474,1989,6,1,1,"1","8","stefano-modena","brabham","judd","pirelli","1:23.398",83398,,,,,,,,,,,
474,1989,6,2,2,"2","17","nicola-larini","osella","ford","pirelli","1:24.550",84550,,,,,,,"+1.152",1152,"+1.152",1152,
474,1989,6,3,3,"3","36","stefan-johansson","onyx","ford","goodyear","1:24.764",84764,,,,,,,"+1.366",1366,"+0.214",214,
474,1989,6,4,4,"4","21","alex-caffi","dallara","ford","pirelli","1:24.778",84778,,,,,,,"+1.380",1380,"+0.014",14,
474,1989,6,5,5,"5","7","martin-brundle","brabham","judd","pirelli","1:25.275",85275,,,,,,,"+1.877",1877,"+0.497",497,
474,1989,6,6,6,"6","37","bertrand-gachot","onyx","ford","goodyear","1:25.952",85952,,,,,,,"+2.554",2554,"+0.677",677,
474,1989,6,7,7,"7","33","gregor-foitek","eurobrun","judd","pirelli","1:26.365",86365,,,,,,,"+2.967",2967,"+0.413",413,
474,1989,6,8,8,"8","18","piercarlo-ghinzani","osella","ford","pirelli","1:26.807",86807,,,,,,,"+3.409",3409,"+0.442",442,
474,1989,6,9,9,"9","34","bernd-schneider","zakspeed","yamaha","pirelli","1:27.073",87073,,,,,,,"+3.675",3675,"+0.266",266,
474,1989,6,10,10,"10","41","joachim-winkelhock","ags","ford","goodyear","1:28.545",88545,,,,,,,"+5.147",5147,"+1.472",1472,
474,1989,6,11,11,"11","39","volker-weidler","rial","ford","goodyear","1:31.455",91455,,,,,,,"+8.057",8057,"+2.910",2910,
474,1989,6,12,12,"12","35","aguri-suzuki","zakspeed","yamaha","pirelli","1:53.327",113327,,,,,,,"+29.929",29929,"+21.872",21872,
474,1989,6,13,13,"13","32","pierre-henri-raphanel","coloni","ford","pirelli","1:59.693",119693,,,,,,,"+36.295",36295,"+6.366",6366,
475,1989,7,1,1,"1","37","bertrand-gachot","onyx","ford","goodyear","1:09.617",69617,,,,,,,,,,,
475,1989,7,2,2,"2","36","stefan-johansson","onyx","ford","goodyear","1:09.668",69668,,,,,,,"+0.051",51,"+0.051",51,
475,1989,7,3,3,"3","21","alex-caffi","dallara","ford","pirelli","1:09.726",69726,,,,,,,"+0.109",109,"+0.058",58,
475,1989,7,4,4,"4","8","stefano-modena","brabham","judd","pirelli","1:09.917",69917,,,,,,,"+0.300",300,"+0.191",191,
475,1989,7,5,5,"5","17","nicola-larini","osella","ford","pirelli","1:09.989",69989,,,,,,,"+0.372",372,"+0.072",72,
475,1989,7,6,6,"6","7","martin-brundle","brabham","judd","pirelli","1:10.181",70181,,,,,,,"+0.564",564,"+0.192",192,
475,1989,7,7,7,"7","39","volker-weidler","rial","ford","goodyear","1:11.059",71059,,,,,,,"+1.442",1442,"+0.878",878,
475,1989,7,8,8,"8","34","bernd-schneider","zakspeed","yamaha","pirelli","1:11.098",71098,,,,,,,"+1.481",1481,"+0.039",39,
475,1989,7,9,9,"9","18","piercarlo-ghinzani","osella","ford","pirelli","1:11.528",71528,,,,,,,"+1.911",1911,"+0.430",430,
475,1989,7,10,10,"10","32","pierre-henri-raphanel","coloni","ford","pirelli","1:11.953",71953,,,,,,,"+2.336",2336,"+0.425",425,
475,1989,7,11,11,"11","35","aguri-suzuki","zakspeed","yamaha","pirelli","1:12.031",72031,,,,,,,"+2.414",2414,"+0.078",78,
475,1989,7,12,12,"12","33","gregor-foitek","eurobrun","judd","pirelli","1:12.179",72179,,,,,,,"+2.562",2562,"+0.148",148,
475,1989,7,13,13,"13","41","joachim-winkelhock","ags","ford","goodyear","1:13.173",73173,,,,,,,"+3.556",3556,"+0.994",994,
476,1989,8,1,1,"1","37","bertrand-gachot","onyx","ford","goodyear","1:11.506",71506,,,,,,,,,,,
476,1989,8,2,2,"2","17","nicola-larini","osella","ford","pirelli","1:11.766",71766,,,,,,,"+0.260",260,"+0.260",260,
476,1989,8,3,3,"3","8","stefano-modena","brabham","judd","pirelli","1:11.809",71809,,,,,,,"+0.303",303,"+0.043",43,
476,1989,8,4,4,"4","7","martin-brundle","brabham","judd","pirelli","1:12.021",72021,,,,,,,"+0.515",515,"+0.212",212,
476,1989,8,5,5,"5","36","stefan-johansson","onyx","ford","goodyear","1:12.248",72248,,,,,,,"+0.742",742,"+0.227",227,
476,1989,8,6,6,"6","21","alex-caffi","dallara","ford","pirelli","1:12.501",72501,,,,,,,"+0.995",995,"+0.253",253,
476,1989,8,7,7,"7","33","gregor-foitek","eurobrun","judd","pirelli","1:13.128",73128,,,,,,,"+1.622",1622,"+0.627",627,
476,1989,8,8,8,"8","18","piercarlo-ghinzani","osella","ford","pirelli","1:13.429",73429,,,,,,,"+1.923",1923,"+0.301",301,
476,1989,8,9,9,"9","41","yannick-dalmas","ags","ford","goodyear","1:13.720",73720,,,,,,,"+2.214",2214,"+0.291",291,
476,1989,8,10,10,"10","34","bernd-schneider","zakspeed","yamaha","pirelli","1:14.124",74124,,,,,,,"+2.618",2618,"+0.404",404,
476,1989,8,11,11,"11","32","pierre-henri-raphanel","coloni","ford","pirelli","1:14.206",74206,,,,,,,"+2.700",2700,"+0.082",82,
476,1989,8,12,12,"12","35","aguri-suzuki","zakspeed","yamaha","pirelli","1:14.266",74266,,,,,,,"+2.760",2760,"+0.060",60,
476,1989,8,13,13,"13","39","volker-weidler","rial","ford","goodyear","1:15.096",75096,,,,,,,"+3.590",3590,"+0.830",830,
477,1989,9,1,1,"1","37","bertrand-gachot","onyx","ford","goodyear","1:47.283",107283,,,,,,,,,,,
477,1989,9,2,2,"2","36","stefan-johansson","onyx","ford","goodyear","1:47.700",107700,,,,,,,"+0.417",417,"+0.417",417,
477,1989,9,3,3,"3","30","philippe-alliot","lola","lamborghini","goodyear","1:47.746",107746,,,,,,,"+0.463",463,"+0.046",46,
477,1989,9,4,4,"4","29","michele-alboreto","lola","lamborghini","goodyear","1:47.919",107919,,,,,,,"+0.636",636,"+0.173",173,
477,1989,9,5,5,"5","41","yannick-dalmas","ags","ford","goodyear","1:47.920",107920,,,,,,,"+0.637",637,"+0.001",1,
477,1989,9,6,6,"6","17","nicola-larini","osella","ford","pirelli","1:48.301",108301,,,,,,,"+1.018",1018,"+0.381",381,
477,1989,9,7,7,"7","40","gabriele-tarquini","ags","ford","goodyear","1:48.558",108558,,,,,,,"+1.275",1275,"+0.257",257,
477,1989,9,8,8,"8","18","piercarlo-ghinzani","osella","ford","pirelli","1:48.564",108564,,,,,,,"+1.281",1281,"+0.006",6,
477,1989,9,9,9,"9","31","roberto-moreno","coloni","ford","pirelli","1:48.567",108567,,,,,,,"+1.284",1284,"+0.003",3,
477,1989,9,10,10,"10","32","pierre-henri-raphanel","coloni","ford","pirelli","1:48.780",108780,,,,,,,"+1.497",1497,"+0.213",213,
477,1989,9,11,11,"11","33","gregor-foitek","eurobrun","judd","pirelli","1:49.458",109458,,,,,,,"+2.175",2175,"+0.678",678,
477,1989,9,12,12,"12","35","aguri-suzuki","zakspeed","yamaha","pirelli","1:49.527",109527,,,,,,,"+2.244",2244,"+0.069",69,
477,1989,9,13,13,"13","34","bernd-schneider","zakspeed","yamaha","pirelli","1:50.455",110455,,,,,,,"+3.172",3172,"+0.928",928,
478,1989,10,1,1,"1","36","stefan-johansson","onyx","ford","goodyear","1:22.836",82836,,,,,,,,,,,
478,1989,10,2,2,"2","18","piercarlo-ghinzani","osella","ford","pirelli","1:24.086",84086,,,,,,,"+1.250",1250,"+1.250",1250,
478,1989,10,3,3,"3","29","michele-alboreto","lola","lamborghini","goodyear","1:24.323",84323,,,,,,,"+1.487",1487,"+0.237",237,
478,1989,10,4,4,"4","37","bertrand-gachot","onyx","ford","goodyear","1:24.412",84412,,,,,,,"+1.576",1576,"+0.089",89,
478,1989,10,5,5,"5","17","nicola-larini","osella","ford","pirelli","1:24.601",84601,,,,,,,"+1.765",1765,"+0.189",189,
478,1989,10,6,6,"6","30","philippe-alliot","lola","lamborghini","goodyear","1:24.928",84928,,,,,,,"+2.092",2092,"+0.327",327,
478,1989,10,7,7,"7","41","yannick-dalmas","ags","ford","goodyear","1:25.571",85571,,,,,,,"+2.735",2735,"+0.643",643,
478,1989,10,8,8,"8","34","bernd-schneider","zakspeed","yamaha","pirelli","1:25.613",85613,,,,,,,"+2.777",2777,"+0.042",42,
478,1989,10,9,9,"9","40","gabriele-tarquini","ags","ford","goodyear","1:25.685",85685,,,,,,,"+2.849",2849,"+0.072",72,
478,1989,10,10,10,"10","31","roberto-moreno","coloni","ford","pirelli","1:26.903",86903,,,,,,,"+4.067",4067,"+1.218",1218,
478,1989,10,11,11,"11","33","gregor-foitek","eurobrun","judd","pirelli","1:27.478",87478,,,,,,,"+4.642",4642,"+0.575",575,
478,1989,10,12,12,"12","35","aguri-suzuki","zakspeed","yamaha","pirelli","1:28.113",88113,,,,,,,"+5.277",5277,"+0.635",635,
478,1989,10,13,13,"13","32","pierre-henri-raphanel","coloni","ford","pirelli","1:45.971",105971,,,,,,,"+23.135",23135,"+17.858",17858,
479,1989,11,1,1,"1","36","stefan-johansson","onyx","ford","goodyear","1:56.279",116279,,,,,,,,,,,
479,1989,11,2,2,"2","29","michele-alboreto","lola","lamborghini","goodyear","1:57.509",117509,,,,,,,"+1.230",1230,"+1.230",1230,
479,1989,11,3,3,"3","37","bertrand-gachot","onyx","ford","goodyear","1:57.720",117720,,,,,,,"+1.441",1441,"+0.211",211,
479,1989,11,4,4,"4","30","philippe-alliot","lola","lamborghini","goodyear","1:57.748",117748,,,,,,,"+1.469",1469,"+0.028",28,
479,1989,11,5,5,"5","17","nicola-larini","osella","ford","pirelli","1:58.065",118065,,,,,,,"+1.786",1786,"+0.317",317,
479,1989,11,6,6,"6","18","piercarlo-ghinzani","osella","ford","pirelli","1:58.209",118209,,,,,,,"+1.930",1930,"+0.144",144,
479,1989,11,7,7,"7","31","roberto-moreno","coloni","ford","pirelli","1:58.650",118650,,,,,,,"+2.371",2371,"+0.441",441,
479,1989,11,8,8,"8","40","gabriele-tarquini","ags","ford","goodyear","1:59.432",119432,,,,,,,"+3.153",3153,"+0.782",782,
479,1989,11,9,9,"9","34","bernd-schneider","zakspeed","yamaha","pirelli","2:00.713",120713,,,,,,,"+4.434",4434,"+1.281",1281,
479,1989,11,10,10,"10","35","aguri-suzuki","zakspeed","yamaha","pirelli","2:00.757",120757,,,,,,,"+4.478",4478,"+0.044",44,
479,1989,11,11,11,"11","41","yannick-dalmas","ags","ford","goodyear","2:02.205",122205,,,,,,,"+5.926",5926,"+1.448",1448,
479,1989,11,12,12,"12","33","gregor-foitek","eurobrun","judd","pirelli","2:02.767",122767,,,,,,,"+6.488",6488,"+0.562",562,
479,1989,11,13,13,"13","32","enrico-bertaggia","coloni","ford","pirelli","2:21.709",141709,,,,,,,"+25.430",25430,"+18.942",18942,
480,1989,12,1,1,"1","30","philippe-alliot","lola","lamborghini","goodyear","1:26.623",86623,,,,,,,,,,,
480,1989,12,2,2,"2","29","michele-alboreto","lola","lamborghini","goodyear","1:27.829",87829,,,,,,,"+1.206",1206,"+1.206",1206,
480,1989,12,3,3,"3","17","nicola-larini","osella","ford","pirelli","1:27.980",87980,,,,,,,"+1.357",1357,"+0.151",151,
480,1989,12,4,4,"4","37","bertrand-gachot","onyx","ford","goodyear","1:28.344",88344,,,,,,,"+1.721",1721,"+0.364",364,
480,1989,12,5,5,"5","36","stefan-johansson","onyx","ford","goodyear","1:28.588",88588,,,,,,,"+1.965",1965,"+0.244",244,
480,1989,12,6,6,"6","40","gabriele-tarquini","ags","ford","goodyear","1:28.813",88813,,,,,,,"+2.190",2190,"+0.225",225,
480,1989,12,7,7,"7","31","roberto-moreno","coloni","ford","pirelli","1:28.864",88864,,,,,,,"+2.241",2241,"+0.051",51,
480,1989,12,8,8,"8","18","piercarlo-ghinzani","osella","ford","pirelli","1:28.884",88884,,,,,,,"+2.261",2261,"+0.020",20,
480,1989,12,9,9,"9","34","bernd-schneider","zakspeed","yamaha","pirelli","1:29.472",89472,,,,,,,"+2.849",2849,"+0.588",588,
480,1989,12,10,10,"10","35","aguri-suzuki","zakspeed","yamaha","pirelli","1:30.085",90085,,,,,,,"+3.462",3462,"+0.613",613,
480,1989,12,11,11,"11","33","oscar-larrauri","eurobrun","judd","pirelli","1:30.089",90089,,,,,,,"+3.466",3466,"+0.004",4,
480,1989,12,12,12,"12","41","yannick-dalmas","ags","ford","goodyear","1:30.382",90382,,,,,,,"+3.759",3759,"+0.293",293,
480,1989,12,13,13,"13","32","enrico-bertaggia","coloni","ford","pirelli","1:31.606",91606,,,,,,,"+4.983",4983,"+1.224",1224,
481,1989,13,1,1,"1","36","stefan-johansson","onyx","ford","goodyear","1:18.623",78623,,,,,,,,,,,
481,1989,13,2,2,"2","30","philippe-alliot","lola","lamborghini","goodyear","1:19.164",79164,,,,,,,"+0.541",541,"+0.541",541,
481,1989,13,3,3,"3","31","roberto-moreno","coloni","ford","pirelli","1:19.780",79780,,,,,,,"+1.157",1157,"+0.616",616,
481,1989,13,4,4,"4","29","michele-alboreto","lola","lamborghini","goodyear","1:19.869",79869,,,,,,,"+1.246",1246,"+0.089",89,
481,1989,13,5,5,"5","37","jj-lehto","onyx","ford","goodyear","1:20.880",80880,,,,,,,"+2.257",2257,"+1.011",1011,
481,1989,13,6,6,"6","18","piercarlo-ghinzani","osella","ford","pirelli","1:21.021",81021,,,,,,,"+2.398",2398,"+0.141",141,
481,1989,13,7,7,"7","33","oscar-larrauri","eurobrun","judd","pirelli","1:21.326",81326,,,,,,,"+2.703",2703,"+0.305",305,
481,1989,13,8,8,"8","40","gabriele-tarquini","ags","ford","goodyear","1:21.881",81881,,,,,,,"+3.258",3258,"+0.555",555,
481,1989,13,9,9,"9","35","aguri-suzuki","zakspeed","yamaha","pirelli","1:24.116",84116,,,,,,,"+5.493",5493,"+2.235",2235,
481,1989,13,10,10,"10","34","bernd-schneider","zakspeed","yamaha","pirelli","1:24.732",84732,,,,,,,"+6.109",6109,"+0.616",616,
481,1989,13,11,11,"11","32","enrico-bertaggia","coloni","ford","pirelli","1:28.526",88526,,,,,,,"+9.903",9903,"+3.794",3794,
481,1989,13,12,,"EX","41","yannick-dalmas","ags","ford","goodyear","1:19.320",79320,,,,,,,"+0.697",697,,,
481,1989,13,13,,"EX","17","nicola-larini","osella","ford","pirelli","1:22.688",82688,,,,,,,"+4.065",4065,,,
482,1989,14,1,1,"1","17","nicola-larini","osella","ford","pirelli","1:23.566",83566,,,,,,,,,,,
482,1989,14,2,2,"2","37","jj-lehto","onyx","ford","goodyear","1:23.958",83958,,,,,,,"+0.392",392,"+0.392",392,
482,1989,14,3,3,"3","18","piercarlo-ghinzani","osella","ford","pirelli","1:24.586",84586,,,,,,,"+1.020",1020,"+0.628",628,
482,1989,14,4,4,"4","30","philippe-alliot","lola","lamborghini","goodyear","1:24.610",84610,,,,,,,"+1.044",1044,"+0.024",24,
482,1989,14,5,5,"5","40","gabriele-tarquini","ags","ford","goodyear","1:24.847",84847,,,,,,,"+1.281",1281,"+0.237",237,
482,1989,14,6,6,"6","36","stefan-johansson","onyx","ford","goodyear","1:24.944",84944,,,,,,,"+1.378",1378,"+0.097",97,
482,1989,14,7,7,"7","31","roberto-moreno","coloni","ford","pirelli","1:25.074",85074,,,,,,,"+1.508",1508,"+0.130",130,
482,1989,14,8,8,"8","29","michele-alboreto","lola","lamborghini","goodyear","1:25.646",85646,,,,,,,"+2.080",2080,"+0.572",572,
482,1989,14,9,9,"9","34","bernd-schneider","zakspeed","yamaha","pirelli","1:25.673",85673,,,,,,,"+2.107",2107,"+0.027",27,
482,1989,14,10,10,"10","41","yannick-dalmas","ags","ford","goodyear","1:26.131",86131,,,,,,,"+2.565",2565,"+0.458",458,
482,1989,14,11,11,"11","35","aguri-suzuki","zakspeed","yamaha","pirelli","1:26.609",86609,,,,,,,"+3.043",3043,"+0.478",478,
482,1989,14,12,12,"12","33","oscar-larrauri","eurobrun","judd","pirelli","1:26.803",86803,,,,,,,"+3.237",3237,"+0.194",194,
482,1989,14,13,13,"13","32","enrico-bertaggia","coloni","ford","pirelli","1:27.236",87236,,,,,,,"+3.670",3670,"+0.433",433,
483,1989,15,1,1,"1","17","nicola-larini","osella","ford","pirelli","1:43.035",103035,,,,,,,,,,,
483,1989,15,2,2,"2","30","philippe-alliot","lola","lamborghini","goodyear","1:43.089",103089,,,,,,,"+0.054",54,"+0.054",54,
483,1989,15,3,3,"3","34","bernd-schneider","zakspeed","yamaha","pirelli","1:44.053",104053,,,,,,,"+1.018",1018,"+0.964",964,
483,1989,15,4,4,"4","29","michele-alboreto","lola","lamborghini","goodyear","1:44.075",104075,,,,,,,"+1.040",1040,"+0.022",22,
483,1989,15,5,5,"5","18","piercarlo-ghinzani","osella","ford","pirelli","1:44.313",104313,,,,,,,"+1.278",1278,"+0.238",238,
483,1989,15,6,6,"6","31","roberto-moreno","coloni","ford","pirelli","1:44.498",104498,,,,,,,"+1.463",1463,"+0.185",185,
483,1989,15,7,7,"7","36","stefan-johansson","onyx","ford","goodyear","1:44.582",104582,,,,,,,"+1.547",1547,"+0.084",84,
483,1989,15,8,8,"8","35","aguri-suzuki","zakspeed","yamaha","pirelli","1:44.780",104780,,,,,,,"+1.745",1745,"+0.198",198,
483,1989,15,9,9,"9","33","oscar-larrauri","eurobrun","judd","pirelli","1:45.446",105446,,,,,,,"+2.411",2411,"+0.666",666,
483,1989,15,10,10,"10","37","jj-lehto","onyx","ford","goodyear","1:45.787",105787,,,,,,,"+2.752",2752,"+0.341",341,
483,1989,15,11,11,"11","40","gabriele-tarquini","ags","ford","goodyear","1:46.705",106705,,,,,,,"+3.670",3670,"+0.918",918,
483,1989,15,12,12,"12","41","yannick-dalmas","ags","ford","goodyear","1:48.306",108306,,,,,,,"+5.271",5271,"+1.601",1601,
483,1989,15,13,13,"13","32","enrico-bertaggia","coloni","ford","pirelli",,,,,,,,,,,,,
484,1989,16,1,1,"1","17","nicola-larini","osella","ford","pirelli","1:18.379",78379,,,,,,,,,,,
484,1989,16,2,2,"2","30","philippe-alliot","lola","lamborghini","goodyear","1:18.523",78523,,,,,,,"+0.144",144,"+0.144",144,
484,1989,16,3,3,"3","18","piercarlo-ghinzani","osella","ford","pirelli","1:19.153",79153,,,,,,,"+0.774",774,"+0.630",630,
484,1989,16,4,4,"4","37","jj-lehto","onyx","ford","goodyear","1:19.442",79442,,,,,,,"+1.063",1063,"+0.289",289,
484,1989,16,5,5,"5","36","stefan-johansson","onyx","ford","goodyear","1:19.539",79539,,,,,,,"+1.160",1160,"+0.097",97,
484,1989,16,6,6,"6","29","michele-alboreto","lola","lamborghini","goodyear","1:20.129",80129,,,,,,,"+1.750",1750,"+0.590",590,
484,1989,16,7,7,"7","34","bernd-schneider","zakspeed","yamaha","pirelli","1:20.179",80179,,,,,,,"+1.800",1800,"+0.050",50,
484,1989,16,8,8,"8","31","roberto-moreno","coloni","ford","pirelli","1:20.183",80183,,,,,,,"+1.804",1804,"+0.004",4,
484,1989,16,9,9,"9","33","oscar-larrauri","eurobrun","judd","pirelli","1:20.750",80750,,,,,,,"+2.371",2371,"+0.567",567,
484,1989,16,10,10,"10","35","aguri-suzuki","zakspeed","yamaha","pirelli","1:21.012",81012,,,,,,,"+2.633",2633,"+0.262",262,
484,1989,16,11,11,"11","41","yannick-dalmas","ags","ford","goodyear","1:21.022",81022,,,,,,,"+2.643",2643,"+0.010",10,
484,1989,16,12,12,"12","40","gabriele-tarquini","ags","ford","goodyear","1:21.600",81600,,,,,,,"+3.221",3221,"+0.578",578,
484,1989,16,13,13,"13","32","enrico-bertaggia","coloni","ford","pirelli","1:24.081",84081,,,,,,,"+5.702",5702,"+2.481",2481,
485,1990,1,1,1,"1","33","roberto-moreno","eurobrun","judd","pirelli","1:32.292",92292,,,,,,,,,,,
485,1990,1,2,2,"2","29","eric-bernard","lola","lamborghini","goodyear","1:32.711",92711,,,,,,,"+0.419",419,"+0.419",419,
485,1990,1,3,3,"3","14","olivier-grouillard","osella","ford","pirelli","1:33.181",93181,,,,,,,"+0.889",889,"+0.470",470,
485,1990,1,4,4,"4","30","aguri-suzuki","lola","lamborghini","goodyear","1:33.331",93331,,,,,,,"+1.039",1039,"+0.150",150,
485,1990,1,5,5,"5","17","gabriele-tarquini","ags","ford","goodyear","1:35.420",95420,,,,,,,"+3.128",3128,"+2.089",2089,
485,1990,1,6,6,"6","18","yannick-dalmas","ags","ford","goodyear","1:35.481",95481,,,,,,,"+3.189",3189,"+0.061",61,
485,1990,1,7,7,"7","34","claudio-langes","eurobrun","judd","pirelli","1:37.399",97399,,,,,,,"+5.107",5107,"+1.918",1918,
485,1990,1,8,8,"8","39","gary-brabham","life","life","goodyear","2:07.147",127147,,,,,,,"+34.855",34855,"+29.748",29748,
485,1990,1,9,9,"9","31","bertrand-gachot","coloni","subaru","goodyear","5:15.010",315010,,,,,,,"+3:42.718",222718,"+3:07.863",187863,
486,1990,2,1,1,"1","29","eric-bernard","lola","lamborghini","goodyear","1:23.763",83763,,,,,,,,,,,
486,1990,2,2,2,"2","30","aguri-suzuki","lola","lamborghini","goodyear","1:23.982",83982,,,,,,,"+0.219",219,"+0.219",219,
486,1990,2,3,3,"3","14","olivier-grouillard","osella","ford","pirelli","1:23.987",83987,,,,,,,"+0.224",224,"+0.005",5,
486,1990,2,4,4,"4","18","yannick-dalmas","ags","ford","goodyear","1:24.015",84015,,,,,,,"+0.252",252,"+0.028",28,
486,1990,2,5,5,"5","17","gabriele-tarquini","ags","ford","goodyear","1:24.265",84265,,,,,,,"+0.502",502,"+0.250",250,
486,1990,2,6,6,"6","33","roberto-moreno","eurobrun","judd","pirelli","1:25.763",85763,,,,,,,"+2.000",2000,"+1.498",1498,
486,1990,2,7,7,"7","31","bertrand-gachot","coloni","subaru","goodyear","1:34.046",94046,,,,,,,"+10.283",10283,"+8.283",8283,
486,1990,2,8,8,"8","34","claudio-langes","eurobrun","judd","pirelli","1:39.188",99188,,,,,,,"+15.425",15425,"+5.142",5142,
486,1990,2,9,9,"9","39","gary-brabham","life","life","goodyear",,,,,,,,,,,,,
487,1990,3,1,1,"1","29","eric-bernard","lola","lamborghini","goodyear","1:26.475",86475,,,,,,,,,,,
487,1990,3,2,2,"2","30","aguri-suzuki","lola","lamborghini","goodyear","1:27.344",87344,,,,,,,"+0.869",869,"+0.869",869,
487,1990,3,3,3,"3","14","olivier-grouillard","osella","ford","pirelli","1:28.155",88155,,,,,,,"+1.680",1680,"+0.811",811,
487,1990,3,4,4,"4","33","roberto-moreno","eurobrun","judd","pirelli","1:28.178",88178,,,,,,,"+1.703",1703,"+0.023",23,
487,1990,3,5,5,"5","31","bertrand-gachot","coloni","subaru","goodyear","1:33.554",93554,,,,,,,"+7.079",7079,"+5.376",5376,
487,1990,3,6,6,"6","34","claudio-langes","eurobrun","judd","pirelli","1:34.272",94272,,,,,,,"+7.797",7797,"+0.718",718,
487,1990,3,7,7,"7","39","bruno-giacomelli","life","life","goodyear","7:16.212",436212,,,,,,,"+5:49.737",349737,"+5:41.940",341940,
487,1990,3,8,8,"8","17","gabriele-tarquini","ags","ford","goodyear",,,,,,,,,,,,,
487,1990,3,9,9,"9","18","yannick-dalmas","ags","ford","goodyear",,,,,,,,,,,,,
488,1990,4,1,1,"1","29","eric-bernard","lola","lamborghini","goodyear","1:27.134",87134,,,,,,,,,,,
488,1990,4,2,2,"2","30","aguri-suzuki","lola","lamborghini","goodyear","1:27.548",87548,,,,,,,"+0.414",414,"+0.414",414,
488,1990,4,3,3,"3","14","olivier-grouillard","osella","ford","pirelli","1:27.938",87938,,,,,,,"+0.804",804,"+0.390",390,
488,1990,4,4,4,"4","33","roberto-moreno","eurobrun","judd","pirelli","1:28.295",88295,,,,,,,"+1.161",1161,"+0.357",357,
488,1990,4,5,5,"5","17","gabriele-tarquini","ags","ford","goodyear","1:28.677",88677,,,,,,,"+1.543",1543,"+0.382",382,
488,1990,4,6,6,"6","18","yannick-dalmas","ags","ford","goodyear","1:30.511",90511,,,,,,,"+3.377",3377,"+1.834",1834,
488,1990,4,7,7,"7","34","claudio-langes","eurobrun","judd","pirelli","1:33.195",93195,,,,,,,"+6.061",6061,"+2.684",2684,
488,1990,4,8,8,"8","31","bertrand-gachot","coloni","subaru","goodyear","1:39.295",99295,,,,,,,"+12.161",12161,"+6.100",6100,
488,1990,4,9,9,"9","39","bruno-giacomelli","life","life","goodyear","1:41.187",101187,,,,,,,"+14.053",14053,"+1.892",1892,
489,1990,5,1,1,"1","33","roberto-moreno","eurobrun","judd","pirelli","1:28.268",88268,,,,,,,,,,,
489,1990,5,2,2,"2","14","olivier-grouillard","osella","ford","pirelli","1:28.589",88589,,,,,,,"+0.321",321,"+0.321",321,
489,1990,5,3,3,"3","30","aguri-suzuki","lola","lamborghini","goodyear","1:29.372",89372,,,,,,,"+1.104",1104,"+0.783",783,
489,1990,5,4,4,"4","29","eric-bernard","lola","lamborghini","goodyear","1:29.844",89844,,,,,,,"+1.576",1576,"+0.472",472,
489,1990,5,5,5,"5","17","gabriele-tarquini","ags","ford","goodyear","1:29.855",89855,,,,,,,"+1.587",1587,"+0.011",11,
489,1990,5,6,6,"6","18","yannick-dalmas","ags","ford","goodyear","1:30.460",90460,,,,,,,"+2.192",2192,"+0.605",605,
489,1990,5,7,7,"7","31","bertrand-gachot","coloni","subaru","goodyear","1:44.185",104185,,,,,,,"+15.917",15917,"+13.725",13725,
489,1990,5,8,8,"8","34","claudio-langes","eurobrun","judd","pirelli","1:47.118",107118,,,,,,,"+18.850",18850,"+2.933",2933,
489,1990,5,9,9,"9","39","bruno-giacomelli","life","life","goodyear","1:50.253",110253,,,,,,,"+21.985",21985,"+3.135",3135,
490,1990,6,1,1,"1","14","olivier-grouillard","osella","ford","pirelli","1:25.281",85281,,,,,,,,,,,
490,1990,6,2,2,"2","29","eric-bernard","lola","lamborghini","goodyear","1:25.456",85456,,,,,,,"+0.175",175,"+0.175",175,
490,1990,6,3,3,"3","33","roberto-moreno","eurobrun","judd","pirelli","1:26.724",86724,,,,,,,"+1.443",1443,"+1.268",1268,
490,1990,6,4,4,"4","30","aguri-suzuki","lola","lamborghini","goodyear","1:27.511",87511,,,,,,,"+2.230",2230,"+0.787",787,
490,1990,6,5,5,"5","18","yannick-dalmas","ags","ford","goodyear","1:27.830",87830,,,,,,,"+2.549",2549,"+0.319",319,
490,1990,6,6,6,"6","17","gabriele-tarquini","ags","ford","goodyear","1:28.499",88499,,,,,,,"+3.218",3218,"+0.669",669,
490,1990,6,7,7,"7","31","bertrand-gachot","coloni","subaru","goodyear","1:28.805",88805,,,,,,,"+3.524",3524,"+0.306",306,
490,1990,6,8,8,"8","34","claudio-langes","eurobrun","judd","pirelli","1:40.414",100414,,,,,,,"+15.133",15133,"+11.609",11609,
490,1990,6,9,9,"9","39","bruno-giacomelli","life","life","goodyear","4:07.475",247475,,,,,,,"+2:42.194",162194,"+2:27.061",147061,
491,1990,7,1,1,"1","29","eric-bernard","lola","lamborghini","goodyear","1:05.165",65165,,,,,,,,,,,
491,1990,7,2,2,"2","30","aguri-suzuki","lola","lamborghini","goodyear","1:06.505",66505,,,,,,,"+1.340",1340,"+1.340",1340,
491,1990,7,3,3,"3","17","gabriele-tarquini","ags","ford","goodyear","1:07.232",67232,,,,,,,"+2.067",2067,"+0.727",727,
491,1990,7,4,4,"4","18","yannick-dalmas","ags","ford","goodyear","1:08.151",68151,,,,,,,"+2.986",2986,"+0.919",919,
491,1990,7,5,5,"5","14","olivier-grouillard","osella","ford","pirelli","1:08.219",68219,,,,,,,"+3.054",3054,"+0.068",68,
491,1990,7,6,6,"6","33","roberto-moreno","eurobrun","judd","pirelli","1:09.885",69885,,,,,,,"+4.720",4720,"+1.666",1666,
491,1990,7,7,7,"7","34","claudio-langes","eurobrun","judd","pirelli","1:10.368",70368,,,,,,,"+5.203",5203,"+0.483",483,
491,1990,7,8,8,"8","31","bertrand-gachot","coloni","subaru","goodyear","4:02.465",242465,,,,,,,"+2:57.300",177300,"+2:52.097",172097,
491,1990,7,9,9,"9","39","bruno-giacomelli","life","life","goodyear",,,,,,,,,,,,,
492,1990,8,1,1,"1","29","eric-bernard","lola","lamborghini","goodyear","1:10.254",70254,,,,,,,,,,,
492,1990,8,2,2,"2","30","aguri-suzuki","lola","lamborghini","goodyear","1:11.128",71128,,,,,,,"+0.874",874,"+0.874",874,
492,1990,8,3,3,"3","17","gabriele-tarquini","ags","ford","goodyear","1:11.516",71516,,,,,,,"+1.262",1262,"+0.388",388,
492,1990,8,4,4,"4","14","olivier-grouillard","osella","ford","pirelli","1:11.953",71953,,,,,,,"+1.699",1699,"+0.437",437,
492,1990,8,5,5,"5","33","roberto-moreno","eurobrun","judd","pirelli","1:12.554",72554,,,,,,,"+2.300",2300,"+0.601",601,
492,1990,8,6,6,"6","18","yannick-dalmas","ags","ford","goodyear","1:12.653",72653,,,,,,,"+2.399",2399,"+0.099",99,
492,1990,8,7,7,"7","34","claudio-langes","eurobrun","judd","pirelli","1:15.059",75059,,,,,,,"+4.805",4805,"+2.406",2406,
492,1990,8,8,8,"8","31","bertrand-gachot","coloni","subaru","goodyear","1:19.230",79230,,,,,,,"+8.976",8976,"+4.171",4171,
492,1990,8,9,9,"9","39","bruno-giacomelli","life","life","goodyear","1:25.947",85947,,,,,,,"+15.693",15693,"+6.717",6717,
493,1990,9,1,1,"1","26","philippe-alliot","ligier","ford","goodyear","1:45.513",105513,,,,,,,,,,,
493,1990,9,2,2,"2","25","nicola-larini","ligier","ford","goodyear","1:46.186",106186,,,,,,,"+0.673",673,"+0.673",673,
493,1990,9,3,3,"3","14","olivier-grouillard","osella","ford","pirelli","1:46.828",106828,,,,,,,"+1.315",1315,"+0.642",642,
493,1990,9,4,4,"4","18","yannick-dalmas","ags","ford","goodyear","1:47.125",107125,,,,,,,"+1.612",1612,"+0.297",297,
493,1990,9,5,5,"5","17","gabriele-tarquini","ags","ford","goodyear","1:48.127",108127,,,,,,,"+2.614",2614,"+1.002",1002,
493,1990,9,6,6,"6","33","roberto-moreno","eurobrun","judd","pirelli","1:48.983",108983,,,,,,,"+3.470",3470,"+0.856",856,
493,1990,9,7,7,"7","31","bertrand-gachot","coloni","ford","goodyear","1:50.460",110460,,,,,,,"+4.947",4947,"+1.477",1477,
493,1990,9,8,8,"8","34","claudio-langes","eurobrun","judd","pirelli","1:50.897",110897,,,,,,,"+5.384",5384,"+0.437",437,
493,1990,9,9,9,"9","39","bruno-giacomelli","life","life","goodyear","2:10.786",130786,,,,,,,"+25.273",25273,"+19.889",19889,
494,1990,10,1,1,"1","25","nicola-larini","ligier","ford","goodyear","1:21.518",81518,,,,,,,,,,,
494,1990,10,2,2,"2","26","philippe-alliot","ligier","ford","goodyear","1:21.710",81710,,,,,,,"+0.192",192,"+0.192",192,
494,1990,10,3,3,"3","18","yannick-dalmas","ags","ford","goodyear","1:23.227",83227,,,,,,,"+1.709",1709,"+1.517",1517,
494,1990,10,4,4,"4","17","gabriele-tarquini","ags","ford","goodyear","1:23.406",83406,,,,,,,"+1.888",1888,"+0.179",179,
494,1990,10,5,5,"5","14","olivier-grouillard","osella","ford","pirelli","1:23.582",83582,,,,,,,"+2.064",2064,"+0.176",176,
494,1990,10,6,6,"6","31","bertrand-gachot","coloni","ford","goodyear","1:23.670",83670,,,,,,,"+2.152",2152,"+0.088",88,
494,1990,10,7,7,"7","33","roberto-moreno","eurobrun","judd","pirelli","1:24.386",84386,,,,,,,"+2.868",2868,"+0.716",716,
494,1990,10,8,8,"8","34","claudio-langes","eurobrun","judd","pirelli","1:26.514",86514,,,,,,,"+4.996",4996,"+2.128",2128,
494,1990,10,9,9,"9","39","bruno-giacomelli","life","life","goodyear","1:41.431",101431,,,,,,,"+19.913",19913,"+14.917",14917,
495,1990,11,1,1,"1","14","olivier-grouillard","osella","ford","pirelli","1:57.941",117941,,,,,,,,,,,
495,1990,11,2,2,"2","18","yannick-dalmas","ags","ford","goodyear","1:58.339",118339,,,,,,,"+0.398",398,"+0.398",398,
495,1990,11,3,3,"3","31","bertrand-gachot","coloni","ford","goodyear","1:59.130",119130,,,,,,,"+1.189",1189,"+0.791",791,
495,1990,11,4,4,"4","17","gabriele-tarquini","ags","ford","goodyear","1:59.910",119910,,,,,,,"+1.969",1969,"+0.780",780,
495,1990,11,5,5,"5","33","roberto-moreno","eurobrun","judd","pirelli","2:00.270",120270,,,,,,,"+2.329",2329,"+0.360",360,
495,1990,11,6,6,"6","34","claudio-langes","eurobrun","judd","pirelli","2:01.405",121405,,,,,,,"+3.464",3464,"+1.135",1135,
495,1990,11,7,7,"7","39","bruno-giacomelli","life","life","goodyear","2:19.445",139445,,,,,,,"+21.504",21504,"+18.040",18040,
496,1990,12,1,1,"1","14","olivier-grouillard","osella","ford","pirelli","1:26.947",86947,,,,,,,,,,,
496,1990,12,2,2,"2","31","bertrand-gachot","coloni","ford","goodyear","1:27.594",87594,,,,,,,"+0.647",647,"+0.647",647,
496,1990,12,3,3,"3","17","gabriele-tarquini","ags","ford","goodyear","1:27.773",87773,,,,,,,"+0.826",826,"+0.179",179,
496,1990,12,4,4,"4","18","yannick-dalmas","ags","ford","goodyear","1:28.113",88113,,,,,,,"+1.166",1166,"+0.340",340,
496,1990,12,5,5,"5","33","roberto-moreno","eurobrun","judd","pirelli","1:28.703",88703,,,,,,,"+1.756",1756,"+0.590",590,
496,1990,12,6,6,"6","34","claudio-langes","eurobrun","judd","pirelli","1:35.061",95061,,,,,,,"+8.114",8114,"+6.358",6358,
496,1990,12,7,7,"7","39","bruno-giacomelli","life","life","goodyear","1:55.244",115244,,,,,,,"+28.297",28297,"+20.183",20183,
497,1990,13,1,1,"1","14","olivier-grouillard","osella","ford","pirelli","1:19.384",79384,,,,,,,,,,,
497,1990,13,2,2,"2","18","yannick-dalmas","ags","ford","goodyear","1:19.885",79885,,,,,,,"+0.501",501,"+0.501",501,
497,1990,13,3,3,"3","31","bertrand-gachot","coloni","ford","goodyear","1:20.000",80000,,,,,,,"+0.616",616,"+0.115",115,
497,1990,13,4,4,"4","17","gabriele-tarquini","ags","ford","goodyear","1:20.942",80942,,,,,,,"+1.558",1558,"+0.942",942,
497,1990,13,5,5,"5","33","roberto-moreno","eurobrun","judd","pirelli","1:21.188",81188,,,,,,,"+1.804",1804,"+0.246",246,
497,1990,13,6,6,"6","34","claudio-langes","eurobrun","judd","pirelli","1:23.447",83447,,,,,,,"+4.063",4063,"+2.259",2259,
497,1990,13,7,7,"7","39","bruno-giacomelli","life","judd","goodyear",,,,,,,,,,,,,
498,1990,14,1,1,"1","18","yannick-dalmas","ags","ford","goodyear","1:22.470",82470,,,,,,,,,,,
498,1990,14,2,2,"2","17","gabriele-tarquini","ags","ford","goodyear","1:22.592",82592,,,,,,,"+0.122",122,"+0.122",122,
498,1990,14,3,3,"3","14","olivier-grouillard","osella","ford","pirelli","1:22.708",82708,,,,,,,"+0.238",238,"+0.116",116,
498,1990,14,4,4,"4","31","bertrand-gachot","coloni","ford","goodyear","1:24.603",84603,,,,,,,"+2.133",2133,"+1.895",1895,
498,1990,14,5,5,"5","33","roberto-moreno","eurobrun","judd","pirelli","1:24.621",84621,,,,,,,"+2.151",2151,"+0.018",18,
498,1990,14,6,6,"6","34","claudio-langes","eurobrun","judd","pirelli","1:25.736",85736,,,,,,,"+3.266",3266,"+1.115",1115,
498,1990,14,7,7,"7","39","bruno-giacomelli","life","judd","goodyear","1:42.699",102699,,,,,,,"+20.229",20229,"+16.963",16963,
501,1991,1,1,1,"1","21","emanuele-pirro","dallara","judd","pirelli","1:28.288",88288,,,,,,,,,,,
501,1991,1,2,2,"2","22","jj-lehto","dallara","judd","pirelli","1:28.792",88792,,,,,,,"+0.504",504,"+0.504",504,
501,1991,1,3,3,"3","34","nicola-larini","modena","lamborghini","goodyear","1:30.244",90244,,,,,,,"+1.956",1956,"+1.452",1452,
501,1991,1,4,4,"4","32","bertrand-gachot","jordan","ford","goodyear","1:30.304",90304,,,,,,,"+2.016",2016,"+0.060",60,
501,1991,1,5,5,"5","33","andrea-de-cesaris","jordan","ford","goodyear","1:30.937",90937,,,,,,,"+2.649",2649,"+0.633",633,
501,1991,1,6,6,"6","31","pedro-chaves","coloni","ford","goodyear","1:31.113",91113,,,,,,,"+2.825",2825,"+0.176",176,
501,1991,1,7,7,"7","14","olivier-grouillard","fondmetal","ford","goodyear","1:32.126",92126,,,,,,,"+3.838",3838,"+1.013",1013,
501,1991,1,8,8,"8","35","eric-van-de-poele","modena","lamborghini","goodyear","1:37.046",97046,,,,,,,"+8.758",8758,"+4.920",4920,
502,1991,2,1,1,"1","22","jj-lehto","dallara","judd","pirelli","1:19.540",79540,,,,,,,,,,,
502,1991,2,2,2,"2","33","andrea-de-cesaris","jordan","ford","goodyear","1:20.150",80150,,,,,,,"+0.610",610,"+0.610",610,
502,1991,2,3,3,"3","32","bertrand-gachot","jordan","ford","goodyear","1:20.184",80184,,,,,,,"+0.644",644,"+0.034",34,
502,1991,2,4,4,"4","21","emanuele-pirro","dallara","judd","pirelli","1:20.567",80567,,,,,,,"+1.027",1027,"+0.383",383,
502,1991,2,5,5,"5","35","eric-van-de-poele","modena","lamborghini","goodyear","1:21.919",81919,,,,,,,"+2.379",2379,"+1.352",1352,
502,1991,2,6,6,"6","34","nicola-larini","modena","lamborghini","goodyear","1:22.944",82944,,,,,,,"+3.404",3404,"+1.025",1025,
502,1991,2,7,7,"7","31","pedro-chaves","coloni","ford","goodyear","1:23.231",83231,,,,,,,"+3.691",3691,"+0.287",287,
502,1991,2,8,8,"8","14","olivier-grouillard","fondmetal","ford","goodyear","1:23.951",83951,,,,,,,"+4.411",4411,"+0.720",720,
503,1991,3,1,1,"1","33","andrea-de-cesaris","jordan","ford","goodyear","1:25.535",85535,,,,,,,,,,,
503,1991,3,2,2,"2","22","jj-lehto","dallara","judd","pirelli","1:25.923",85923,,,,,,,"+0.388",388,"+0.388",388,
503,1991,3,3,3,"3","32","bertrand-gachot","jordan","ford","goodyear","1:25.980",85980,,,,,,,"+0.445",445,"+0.057",57,
503,1991,3,4,4,"4","35","eric-van-de-poele","modena","lamborghini","goodyear","1:26.117",86117,,,,,,,"+0.582",582,"+0.137",137,
503,1991,3,5,5,"5","21","emanuele-pirro","dallara","judd","pirelli","1:26.305",86305,,,,,,,"+0.770",770,"+0.188",188,
503,1991,3,6,6,"6","14","olivier-grouillard","fondmetal","ford","goodyear","1:26.789",86789,,,,,,,"+1.254",1254,"+0.484",484,
503,1991,3,7,7,"7","34","nicola-larini","modena","lamborghini","goodyear","1:26.886",86886,,,,,,,"+1.351",1351,"+0.097",97,
503,1991,3,8,8,"8","31","pedro-chaves","coloni","ford","goodyear","1:31.239",91239,,,,,,,"+5.704",5704,"+4.353",4353,
504,1991,4,1,1,"1","22","jj-lehto","dallara","judd","pirelli","1:23.260",83260,,,,,,,,,,,
504,1991,4,2,2,"2","33","andrea-de-cesaris","jordan","ford","goodyear","1:23.538",83538,,,,,,,"+0.278",278,"+0.278",278,
504,1991,4,3,3,"3","21","emanuele-pirro","dallara","judd","pirelli","1:24.421",84421,,,,,,,"+1.161",1161,"+0.883",883,
504,1991,4,4,4,"4","32","bertrand-gachot","jordan","ford","goodyear","1:24.802",84802,,,,,,,"+1.542",1542,"+0.381",381,
504,1991,4,5,5,"5","34","nicola-larini","modena","lamborghini","goodyear","1:25.893",85893,,,,,,,"+2.633",2633,"+1.091",1091,
504,1991,4,6,6,"6","35","eric-van-de-poele","modena","lamborghini","goodyear","1:26.282",86282,,,,,,,"+3.022",3022,"+0.389",389,
504,1991,4,7,7,"7","31","pedro-chaves","coloni","ford","goodyear","1:27.389",87389,,,,,,,"+4.129",4129,"+1.107",1107,
504,1991,4,8,8,"8","14","olivier-grouillard","fondmetal","ford","goodyear","1:27.759",87759,,,,,,,"+4.499",4499,"+0.370",370,
505,1991,5,1,1,"1","21","emanuele-pirro","dallara","judd","pirelli","1:23.244",83244,,,,,,,,,,,
505,1991,5,2,2,"2","22","jj-lehto","dallara","judd","pirelli","1:23.480",83480,,,,,,,"+0.236",236,"+0.236",236,
505,1991,5,3,3,"3","33","andrea-de-cesaris","jordan","ford","goodyear","1:23.672",83672,,,,,,,"+0.428",428,"+0.192",192,
505,1991,5,4,4,"4","32","bertrand-gachot","jordan","ford","goodyear","1:23.719",83719,,,,,,,"+0.475",475,"+0.047",47,
505,1991,5,5,5,"5","14","olivier-grouillard","fondmetal","ford","goodyear","1:24.795",84795,,,,,,,"+1.551",1551,"+1.076",1076,
505,1991,5,6,6,"6","34","nicola-larini","modena","lamborghini","goodyear","1:25.736",85736,,,,,,,"+2.492",2492,"+0.941",941,
505,1991,5,7,7,"7","35","eric-van-de-poele","modena","lamborghini","goodyear","1:26.900",86900,,,,,,,"+3.656",3656,"+1.164",1164,
505,1991,5,8,8,"8","31","pedro-chaves","coloni","ford","goodyear","1:34.475",94475,,,,,,,"+11.231",11231,"+7.575",7575,
506,1991,6,1,1,"1","22","jj-lehto","dallara","judd","pirelli","1:28.381",88381,,,,,,,,,,,
506,1991,6,2,2,"2","14","olivier-grouillard","fondmetal","ford","goodyear","1:28.959",88959,,,,,,,"+0.578",578,"+0.578",578,
506,1991,6,3,3,"3","33","andrea-de-cesaris","jordan","ford","goodyear","1:29.545",89545,,,,,,,"+1.164",1164,"+0.586",586,
506,1991,6,4,4,"4","32","bertrand-gachot","jordan","ford","goodyear","1:30.599",90599,,,,,,,"+2.218",2218,"+1.054",1054,
506,1991,6,5,5,"5","35","eric-van-de-poele","modena","lamborghini","goodyear","1:30.655",90655,,,,,,,"+2.274",2274,"+0.056",56,
506,1991,6,6,6,"6","31","pedro-chaves","coloni","ford","goodyear","1:37.144",97144,,,,,,,"+8.763",8763,"+6.489",6489,
506,1991,6,7,7,"7","21","emanuele-pirro","dallara","judd","pirelli","1:40.164",100164,,,,,,,"+11.783",11783,"+3.020",3020,
506,1991,6,8,8,"8","34","nicola-larini","modena","lamborghini","goodyear",,,,,,,,,,,,,
507,1991,7,1,1,"1","33","andrea-de-cesaris","jordan","ford","goodyear","1:19.729",79729,,,,,,,,,,,
507,1991,7,2,2,"2","22","jj-lehto","dallara","judd","pirelli","1:20.172",80172,,,,,,,"+0.443",443,"+0.443",443,
507,1991,7,3,3,"3","14","olivier-grouillard","fondmetal","ford","goodyear","1:20.227",80227,,,,,,,"+0.498",498,"+0.055",55,
507,1991,7,4,4,"4","32","bertrand-gachot","jordan","ford","goodyear","1:20.309",80309,,,,,,,"+0.580",580,"+0.082",82,
507,1991,7,5,5,"5","21","emanuele-pirro","dallara","judd","pirelli","1:20.539",80539,,,,,,,"+0.810",810,"+0.230",230,
507,1991,7,6,6,"6","34","nicola-larini","modena","lamborghini","goodyear","1:20.628",80628,,,,,,,"+0.899",899,"+0.089",89,
507,1991,7,7,7,"7","35","eric-van-de-poele","modena","lamborghini","goodyear","1:21.304",81304,,,,,,,"+1.575",1575,"+0.676",676,
507,1991,7,8,8,"8","31","pedro-chaves","coloni","ford","goodyear","1:22.229",82229,,,,,,,"+2.500",2500,"+0.925",925,
508,1991,8,1,1,"1","22","jj-lehto","dallara","judd","pirelli","1:24.825",84825,,,,,,,,,,,
508,1991,8,2,2,"2","33","andrea-de-cesaris","jordan","ford","goodyear","1:25.508",85508,,,,,,,"+0.683",683,"+0.683",683,
508,1991,8,3,3,"3","21","emanuele-pirro","dallara","judd","pirelli","1:25.726",85726,,,,,,,"+0.901",901,"+0.218",218,
508,1991,8,4,4,"4","32","bertrand-gachot","jordan","ford","goodyear","1:25.931",85931,,,,,,,"+1.106",1106,"+0.205",205,
508,1991,8,5,5,"5","14","olivier-grouillard","fondmetal","ford","goodyear","1:26.299",86299,,,,,,,"+1.474",1474,"+0.368",368,
508,1991,8,6,6,"6","34","nicola-larini","modena","lamborghini","goodyear","1:28.042",88042,,,,,,,"+3.217",3217,"+1.743",1743,
508,1991,8,7,7,"7","35","eric-van-de-poele","modena","lamborghini","goodyear","1:28.827",88827,,,,,,,"+4.002",4002,"+0.785",785,
508,1991,8,8,8,"8","31","pedro-chaves","coloni","ford","goodyear","1:29.735",89735,,,,,,,"+4.910",4910,"+0.908",908,
509,1991,9,1,1,"1","7","martin-brundle","brabham","yamaha","pirelli","1:42.810",102810,,,,,,,,,,,
509,1991,9,2,2,"2","17","gabriele-tarquini","ags","ford","goodyear","1:43.939",103939,,,,,,,"+1.129",1129,"+1.129",1129,
509,1991,9,3,3,"3","9","michele-alboreto","footwork","ford","goodyear","1:44.034",104034,,,,,,,"+1.224",1224,"+0.095",95,
509,1991,9,4,4,"4","8","mark-blundell","brabham","yamaha","pirelli","1:44.257",104257,,,,,,,"+1.447",1447,"+0.223",223,
509,1991,9,5,5,"5","14","olivier-grouillard","fondmetal","ford","goodyear","1:44.645",104645,,,,,,,"+1.835",1835,"+0.388",388,
509,1991,9,6,6,"6","10","alex-caffi","footwork","ford","goodyear","1:45.282",105282,,,,,,,"+2.472",2472,"+0.637",637,
509,1991,9,7,7,"7","18","fabrizio-barbazza","ags","ford","goodyear","1:46.604",106604,,,,,,,"+3.794",3794,"+1.322",1322,
509,1991,9,8,8,"8","31","pedro-chaves","coloni","ford","goodyear","1:47.546",107546,,,,,,,"+4.736",4736,"+0.942",942,
510,1991,10,1,1,"1","8","mark-blundell","brabham","yamaha","pirelli","1:22.290",82290,,,,,,,,,,,
510,1991,10,2,2,"2","7","martin-brundle","brabham","yamaha","pirelli","1:23.716",83716,,,,,,,"+1.426",1426,"+1.426",1426,
510,1991,10,3,3,"3","14","olivier-grouillard","fondmetal","ford","goodyear","1:24.816",84816,,,,,,,"+2.526",2526,"+1.100",1100,
510,1991,10,4,4,"4","9","michele-alboreto","footwork","ford","goodyear","1:25.045",85045,,,,,,,"+2.755",2755,"+0.229",229,
510,1991,10,5,5,"5","17","gabriele-tarquini","ags","ford","goodyear","1:25.230",85230,,,,,,,"+2.940",2940,"+0.185",185,
510,1991,10,6,6,"6","10","alex-caffi","footwork","ford","goodyear","1:26.637",86637,,,,,,,"+4.347",4347,"+1.407",1407,
510,1991,10,7,7,"7","18","fabrizio-barbazza","ags","ford","goodyear","1:26.740",86740,,,,,,,"+4.450",4450,"+0.103",103,
510,1991,10,8,8,"8","31","pedro-chaves","coloni","ford","goodyear","1:26.945",86945,,,,,,,"+4.655",4655,"+0.205",205,
511,1991,11,1,1,"1","7","martin-brundle","brabham","yamaha","pirelli","1:54.929",114929,,,,,,,,,,,
511,1991,11,2,2,"2","8","mark-blundell","brabham","yamaha","pirelli","1:56.446",116446,,,,,,,"+1.517",1517,"+1.517",1517,
511,1991,11,3,3,"3","14","olivier-grouillard","fondmetal","ford","goodyear","1:58.447",118447,,,,,,,"+3.518",3518,"+2.001",2001,
511,1991,11,4,4,"4","10","alex-caffi","footwork","ford","goodyear","1:59.460",119460,,,,,,,"+4.531",4531,"+1.013",1013,
511,1991,11,5,5,"5","9","michele-alboreto","footwork","ford","goodyear","1:59.910",119910,,,,,,,"+4.981",4981,"+0.450",450,
511,1991,11,6,6,"6","17","gabriele-tarquini","ags","ford","goodyear","1:59.972",119972,,,,,,,"+5.043",5043,"+0.062",62,
511,1991,11,7,7,"7","31","pedro-chaves","coloni","ford","goodyear","2:01.921",121921,,,,,,,"+6.992",6992,"+1.949",1949,
511,1991,11,8,8,"8","18","fabrizio-barbazza","ags","ford","goodyear","2:03.766",123766,,,,,,,"+8.837",8837,"+1.845",1845,
512,1991,12,1,1,"1","8","mark-blundell","brabham","yamaha","pirelli","1:24.271",84271,,,,,,,,,,,
512,1991,12,2,2,"2","7","martin-brundle","brabham","yamaha","pirelli","1:25.117",85117,,,,,,,"+0.846",846,"+0.846",846,
512,1991,12,3,3,"3","14","olivier-grouillard","fondmetal","ford","goodyear","1:25.556",85556,,,,,,,"+1.285",1285,"+0.439",439,
512,1991,12,4,4,"4","9","michele-alboreto","footwork","ford","goodyear","1:25.771",85771,,,,,,,"+1.500",1500,"+0.215",215,
512,1991,12,5,5,"5","18","fabrizio-barbazza","ags","ford","goodyear","1:27.392",87392,,,,,,,"+3.121",3121,"+1.621",1621,
512,1991,12,6,6,"6","17","gabriele-tarquini","ags","ford","goodyear","1:27.401",87401,,,,,,,"+3.130",3130,"+0.009",9,
512,1991,12,7,7,"7","10","alex-caffi","footwork","ford","goodyear","1:27.608",87608,,,,,,,"+3.337",3337,"+0.207",207,
512,1991,12,8,8,"8","31","pedro-chaves","coloni","ford","goodyear",,,,,,,,,,,,,
513,1991,13,1,1,"1","7","martin-brundle","brabham","yamaha","pirelli","1:17.739",77739,,,,,,,,,,,
513,1991,13,2,2,"2","8","mark-blundell","brabham","yamaha","pirelli","1:17.788",77788,,,,,,,"+0.049",49,"+0.049",49,
513,1991,13,3,3,"3","17","gabriele-tarquini","ags","ford","goodyear","1:18.020",78020,,,,,,,"+0.281",281,"+0.232",232,
513,1991,13,4,4,"4","9","michele-alboreto","footwork","ford","goodyear","1:18.371",78371,,,,,,,"+0.632",632,"+0.351",351,
513,1991,13,5,5,"5","18","fabrizio-barbazza","ags","ford","goodyear","1:19.292",79292,,,,,,,"+1.553",1553,"+0.921",921,
513,1991,13,6,6,"6","14","olivier-grouillard","fondmetal","ford","goodyear","1:19.500",79500,,,,,,,"+1.761",1761,"+0.208",208,
513,1991,13,7,7,"7","10","alex-caffi","footwork","ford","goodyear","1:19.521",79521,,,,,,,"+1.782",1782,"+0.021",21,
513,1991,13,8,8,"8","31","pedro-chaves","coloni","ford","goodyear","1:23.858",83858,,,,,,,"+6.119",6119,"+4.337",4337,
514,1991,14,1,1,"1","7","martin-brundle","brabham","yamaha","pirelli","1:21.504",81504,,,,,,,,,,,
514,1991,14,2,2,"2","8","mark-blundell","brabham","yamaha","pirelli","1:21.727",81727,,,,,,,"+0.223",223,"+0.223",223,
514,1991,14,3,3,"3","9","michele-alboreto","footwork","ford","goodyear","1:23.744",83744,,,,,,,"+2.240",2240,"+2.017",2017,
514,1991,14,4,4,"4","14","gabriele-tarquini","fondmetal","ford","goodyear","1:23.994",83994,,,,,,,"+2.490",2490,"+0.250",250,
514,1991,14,5,5,"5","10","alex-caffi","footwork","ford","goodyear","1:24.056",84056,,,,,,,"+2.552",2552,"+0.062",62,
514,1991,14,6,6,"6","18","fabrizio-barbazza","ags","ford","goodyear","1:24.744",84744,,,,,,,"+3.240",3240,"+0.688",688,
514,1991,14,7,7,"7","17","olivier-grouillard","ags","ford","goodyear","1:25.305",85305,,,,,,,"+3.801",3801,"+0.561",561,
515,1991,15,1,1,"1","7","martin-brundle","brabham","yamaha","pirelli","1:41.289",101289,,,,,,,,,,,
515,1991,15,2,2,"2","10","alex-caffi","footwork","ford","goodyear","1:42.382",102382,,,,,,,"+1.093",1093,"+1.093",1093,
515,1991,15,3,3,"3","9","michele-alboreto","footwork","ford","goodyear","1:42.479",102479,,,,,,,"+1.190",1190,"+0.097",97,
515,1991,15,4,4,"4","14","gabriele-tarquini","fondmetal","ford","goodyear","1:43.025",103025,,,,,,,"+1.736",1736,"+0.546",546,
515,1991,15,5,5,"5","8","mark-blundell","brabham","yamaha","pirelli","1:44.004",104004,,,,,,,"+2.715",2715,"+0.979",979,
515,1991,15,6,6,"6","31","naoki-hattori","coloni","ford","goodyear","2:00.035",120035,,,,,,,"+18.746",18746,"+16.031",16031,
516,1991,16,1,1,"1","7","martin-brundle","brabham","yamaha","pirelli","1:17.707",77707,,,,,,,,,,,
516,1991,16,2,2,"2","10","alex-caffi","footwork","ford","goodyear","1:18.007",78007,,,,,,,"+0.300",300,"+0.300",300,
516,1991,16,3,3,"3","8","mark-blundell","brabham","yamaha","pirelli","1:18.049",78049,,,,,,,"+0.342",342,"+0.042",42,
516,1991,16,4,4,"4","9","michele-alboreto","footwork","ford","goodyear","1:18.051",78051,,,,,,,"+0.344",344,"+0.002",2,
516,1991,16,5,5,"5","14","gabriele-tarquini","fondmetal","ford","goodyear","1:18.184",78184,,,,,,,"+0.477",477,"+0.133",133,
516,1991,16,6,6,"6","31","naoki-hattori","coloni","ford","goodyear","1:22.852",82852,,,,,,,"+5.145",5145,"+4.668",4668,
519,1992,3,1,1,"1","29","bertrand-gachot","venturi","lamborghini","goodyear","1:22.161",82161,,,,,,,,,,,
519,1992,3,2,2,"2","9","michele-alboreto","footwork","mugen-honda","goodyear","1:22.346",82346,,,,,,,"+0.185",185,"+0.185",185,
519,1992,3,3,3,"3","14","andrea-chiesa","fondmetal","ford","goodyear","1:22.860",82860,,,,,,,"+0.699",699,"+0.514",514,
519,1992,3,4,4,"4","30","ukyo-katayama","venturi","lamborghini","goodyear","1:23.272",83272,,,,,,,"+1.111",1111,"+0.412",412,
519,1992,3,5,5,"5","34","roberto-moreno","andrea-moda","judd","goodyear","1:38.569",98569,,,,,,,"+16.408",16408,"+15.297",15297,
520,1992,4,1,1,"1","29","bertrand-gachot","venturi","lamborghini","goodyear","1:26.032",86032,,,,,,,,,,,
520,1992,4,2,2,"2","9","michele-alboreto","footwork","mugen-honda","goodyear","1:26.120",86120,,,,,,,"+0.088",88,"+0.088",88,
520,1992,4,3,3,"3","30","ukyo-katayama","venturi","lamborghini","goodyear","1:26.484",86484,,,,,,,"+0.452",452,"+0.364",364,
520,1992,4,4,4,"4","14","andrea-chiesa","fondmetal","ford","goodyear","1:27.902",87902,,,,,,,"+1.870",1870,"+1.418",1418,
520,1992,4,5,5,"5","34","roberto-moreno","andrea-moda","judd","goodyear","1:37.155",97155,,,,,,,"+11.123",11123,"+9.253",9253,
520,1992,4,6,6,"6","35","perry-mccarthy","andrea-moda","judd","goodyear",,,,,,,,,,,,,
521,1992,5,1,1,"1","9","michele-alboreto","footwork","mugen-honda","goodyear","1:26.865",86865,,,,,,,,,,,
521,1992,5,2,2,"2","29","bertrand-gachot","venturi","lamborghini","goodyear","1:27.407",87407,,,,,,,"+0.542",542,"+0.542",542,
521,1992,5,3,3,"3","30","ukyo-katayama","venturi","lamborghini","goodyear","1:27.601",87601,,,,,,,"+0.736",736,"+0.194",194,
521,1992,5,4,4,"4","14","andrea-chiesa","fondmetal","ford","goodyear","1:27.902",87902,,,,,,,"+1.037",1037,"+0.301",301,
521,1992,5,5,5,"5","34","roberto-moreno","andrea-moda","judd","goodyear","1:28.943",88943,,,,,,,"+2.078",2078,"+1.041",1041,
521,1992,5,6,6,"6","35","perry-mccarthy","andrea-moda","judd","goodyear","1:37.537",97537,,,,,,,"+10.672",10672,"+8.594",8594,
522,1992,6,1,1,"1","9","michele-alboreto","footwork","mugen-honda","goodyear","1:25.413",85413,,,,,,,,,,,
522,1992,6,2,2,"2","29","bertrand-gachot","venturi","lamborghini","goodyear","1:25.980",85980,,,,,,,"+0.567",567,"+0.567",567,
522,1992,6,3,3,"3","34","roberto-moreno","andrea-moda","judd","goodyear","1:27.186",87186,,,,,,,"+1.773",1773,"+1.206",1206,
522,1992,6,4,4,"4","14","andrea-chiesa","fondmetal","ford","goodyear","1:27.756",87756,,,,,,,"+2.343",2343,"+0.570",570,
522,1992,6,5,5,"5","30","ukyo-katayama","venturi","lamborghini","goodyear","1:28.310",88310,,,,,,,"+2.897",2897,"+0.554",554,
522,1992,6,6,6,"6","35","perry-mccarthy","andrea-moda","judd","goodyear","7:05.924",425924,,,,,,,"+5:40.511",340511,"+5:37.614",337614,
523,1992,7,1,1,"1","9","michele-alboreto","footwork","mugen-honda","goodyear","1:25.068",85068,,,,,,,,,,,
523,1992,7,2,2,"2","29","bertrand-gachot","venturi","lamborghini","goodyear","1:25.358",85358,,,,,,,"+0.290",290,"+0.290",290,
523,1992,7,3,3,"3","30","ukyo-katayama","venturi","lamborghini","goodyear","1:27.309",87309,,,,,,,"+2.241",2241,"+1.951",1951,
523,1992,7,4,4,"4","14","andrea-chiesa","fondmetal","ford","goodyear","1:29.562",89562,,,,,,,"+4.494",4494,"+2.253",2253,
523,1992,7,5,5,"5","34","roberto-moreno","andrea-moda","judd","goodyear","1:43.557",103557,,,,,,,"+18.489",18489,"+13.995",13995,
525,1992,9,1,1,"1","29","bertrand-gachot","venturi","lamborghini","goodyear","1:24.650",84650,,,,,,,,,,,
525,1992,9,2,2,"2","15","gabriele-tarquini","fondmetal","ford","goodyear","1:27.378",87378,,,,,,,"+2.728",2728,"+2.728",2728,
525,1992,9,3,3,"3","30","ukyo-katayama","venturi","lamborghini","goodyear","1:27.560",87560,,,,,,,"+2.910",2910,"+0.182",182,
525,1992,9,4,4,"4","14","andrea-chiesa","fondmetal","ford","goodyear","1:28.965",88965,,,,,,,"+4.315",4315,"+1.405",1405,
525,1992,9,5,5,"5","34","roberto-moreno","andrea-moda","judd","goodyear","1:30.592",90592,,,,,,,"+5.942",5942,"+1.627",1627,
525,1992,9,6,6,"6","35","perry-mccarthy","andrea-moda","judd","goodyear","1:46.719",106719,,,,,,,"+22.069",22069,"+16.127",16127,
526,1992,10,1,1,"1","15","gabriele-tarquini","fondmetal","ford","goodyear","1:45.518",105518,,,,,,,,,,,
526,1992,10,2,2,"2","29","bertrand-gachot","venturi","lamborghini","goodyear","1:45.766",105766,,,,,,,"+0.248",248,"+0.248",248,
526,1992,10,3,3,"3","30","ukyo-katayama","venturi","lamborghini","goodyear","1:46.599",106599,,,,,,,"+1.081",1081,"+0.833",833,
526,1992,10,4,4,"4","14","andrea-chiesa","fondmetal","ford","goodyear","1:48.502",108502,,,,,,,"+2.984",2984,"+1.903",1903,
526,1992,10,5,5,"5","34","roberto-moreno","andrea-moda","judd","goodyear","1:48.878",108878,,,,,,,"+3.360",3360,"+0.376",376,
526,1992,10,6,6,"6","35","perry-mccarthy","andrea-moda","judd","goodyear",,,,,,,,,,,,,
527,1992,11,1,1,"1","15","gabriele-tarquini","fondmetal","ford","goodyear","1:22.412",82412,,,,,,,,,,,
527,1992,11,2,2,"2","14","eric-van-de-poele","fondmetal","ford","goodyear","1:23.398",83398,,,,,,,"+0.986",986,"+0.986",986,
527,1992,11,3,3,"3","30","ukyo-katayama","venturi","lamborghini","goodyear","1:24.421",84421,,,,,,,"+2.009",2009,"+1.023",1023,
527,1992,11,4,5,"5","35","perry-mccarthy","andrea-moda","judd","goodyear",,,,,,,,,,,,,
