"raceId","year","round","positionDisplayOrder","positionNumber","positionText","driverNumber","driverId","constructorId","engineManufacturerId","tyreManufacturerId","sharedCar","laps","time","timeMillis","timePenalty","timePenaltyMillis","gap","gapMillis","gapLaps","interval","intervalMillis","reasonRetired","points","gridPositionNumber","gridPositionText","positionsGained","fastestLap","pitStops","driverOfTheDay","grandSlam"
1045,2021,10,1,1,"1","33","max-verstappen","red-bull","honda","pirelli",false,17,"25:38.426",1538426,,,,,,,,,3,2,"2",1,false,,false,false
1045,2021,10,2,2,"2","44","lewis-hamilton","mercedes","mercedes","pirelli",false,17,"25:39.856",1539856,,,"+1.430",1430,,"+1.430",1430,,2,1,"1",-1,false,,false,false
1045,2021,10,3,3,"3","77","valtteri-bottas","mercedes","mercedes","pirelli",false,17,"25:45.928",1545928,,,"+7.502",7502,,"+6.072",6072,,1,3,"3",0,false,,false,false
1045,2021,10,4,4,"4","16","charles-leclerc","ferrari","ferrari","pirelli",false,17,"25:49.704",1549704,,,"+11.278",11278,,"+3.776",3776,,,4,"4",0,false,,false,false
1045,2021,10,5,5,"5","4","lando-norris","mclaren","mercedes","pirelli",false,17,"26:02.537",1562537,,,"+24.111",24111,,"+12.833",12833,,,6,"6",1,false,,false,false
1045,2021,10,6,6,"6","3","daniel-ricciardo","mclaren","mercedes","pirelli",false,17,"26:09.385",1569385,,,"+30.959",30959,,"+6.848",6848,,,7,"7",1,false,,false,false
1045,2021,10,7,7,"7","14","fernando-alonso","alpine","renault","pirelli",false,17,"26:21.953",1581953,,,"+43.527",43527,,"+12.568",12568,,,11,"11",4,false,,false,false
1045,2021,10,8,8,"8","5","sebastian-vettel","aston-martin","mercedes","pirelli",false,17,"26:22.865",1582865,,,"+44.439",44439,,"+0.912",912,,,10,"10",2,false,,false,false
1045,2021,10,9,9,"9","63","george-russell","williams","mercedes","pirelli",false,17,"26:25.078",1585078,,,"+46.652",46652,,"+2.213",2213,,,8,"8",-1,false,,false,false
1045,2021,10,10,10,"10","31","esteban-ocon","alpine","renault","pirelli",false,17,"26:25.821",1585821,,,"+47.395",47395,,"+0.743",743,,,13,"13",3,false,,false,false
1045,2021,10,11,11,"11","55","carlos-sainz-jr","ferrari","ferrari","pirelli",false,17,"26:26.224",1586224,,,"+47.798",47798,,"+0.403",403,,,9,"9",-2,false,,false,false
1045,2021,10,12,12,"12","10","pierre-gasly","alphatauri","honda","pirelli",false,17,"26:27.189",1587189,,,"+48.763",48763,,"+0.965",965,,,12,"12",0,false,,false,false
1045,2021,10,13,13,"13","7","kimi-raikkonen","alfa-romeo","ferrari","pirelli",false,17,"26:29.103",1589103,,,"+50.677",50677,,"+1.914",1914,,,17,"17",4,false,,false,false
1045,2021,10,14,14,"14","18","lance-stroll","aston-martin","mercedes","pirelli",false,17,"26:30.605",1590605,,,"+52.179",52179,,"+1.502",1502,,,15,"15",1,false,,false,false
1045,2021,10,15,15,"15","99","antonio-giovinazzi","alfa-romeo","ferrari","pirelli",false,17,"26:31.651",1591651,,,"+53.225",53225,,"+1.046",1046,,,14,"14",-1,false,,false,false
1045,2021,10,16,16,"16","22","yuki-tsunoda","alphatauri","honda","pirelli",false,17,"26:31.993",1591993,,,"+53.567",53567,,"+0.342",342,,,16,"16",0,false,,false,false
1045,2021,10,17,17,"17","6","nicholas-latifi","williams","mercedes","pirelli",false,17,"26:33.588",1593588,,,"+55.162",55162,,"+1.595",1595,,,18,"18",1,false,,false,false
1045,2021,10,18,18,"18","47","mick-schumacher","haas","ferrari","pirelli",false,17,"26:46.639",1606639,,,"+1:08.213",68213,,"+13.051",13051,,,19,"19",1,false,,false,false
1045,2021,10,19,19,"19","9","nikita-mazepin","haas","ferrari","pirelli",false,17,"26:56.074",1616074,,,"+1:17.648",77648,,"+9.435",9435,,,20,"20",1,false,,false,false
1045,2021,10,20,20,"20","11","sergio-perez","red-bull","honda","pirelli",false,16,,,,,,,,,,"Vibration",,5,"5",-15,false,,false,false
1049,2021,14,1,1,"1","77","valtteri-bottas","mercedes","mercedes","pirelli",false,18,"27:54.078",1674078,,,,,,,,,3,1,"1",0,false,,false,false
1049,2021,14,2,2,"2","33","max-verstappen","red-bull","honda","pirelli",false,18,"27:56.403",1676403,,,"+2.325",2325,,"+2.325",2325,,2,3,"3",1,false,,false,false
1049,2021,14,3,3,"3","3","daniel-ricciardo","mclaren","mercedes","pirelli",false,18,"28:08.612",1688612,,,"+14.534",14534,,"+12.209",12209,,1,5,"5",2,false,,false,false
1049,2021,14,4,4,"4","4","lando-norris","mclaren","mercedes","pirelli",false,18,"28:12.913",1692913,,,"+18.835",18835,,"+4.301",4301,,,4,"4",0,false,,false,false
1049,2021,14,5,5,"5","44","lewis-hamilton","mercedes","mercedes","pirelli",false,18,"28:14.089",1694089,,,"+20.011",20011,,"+1.176",1176,,,2,"2",-3,false,,false,false
1049,2021,14,6,6,"6","16","charles-leclerc","ferrari","ferrari","pirelli",false,18,"28:17.520",1697520,,,"+23.442",23442,,"+3.431",3431,,,8,"8",2,false,,false,false
1049,2021,14,7,7,"7","55","carlos-sainz-jr","ferrari","ferrari","pirelli",false,18,"28:22.030",1702030,,,"+27.952",27952,,"+4.510",4510,,,7,"7",0,false,,false,false
1049,2021,14,8,8,"8","99","antonio-giovinazzi","alfa-romeo","ferrari","pirelli",false,18,"28:25.167",1705167,,,"+31.089",31089,,"+3.137",3137,,,10,"10",2,false,,false,false
1049,2021,14,9,9,"9","11","sergio-perez","red-bull","honda","pirelli",false,18,"28:25.758",1705758,,,"+31.680",31680,,"+0.591",591,,,9,"9",0,false,,false,false
1049,2021,14,10,10,"10","18","lance-stroll","aston-martin","mercedes","pirelli",false,18,"28:32.749",1712749,,,"+38.671",38671,,"+6.991",6991,,,12,"12",2,false,,false,false
1049,2021,14,11,11,"11","14","fernando-alonso","alpine","renault","pirelli",false,18,"28:33.873",1713873,,,"+39.795",39795,,"+1.124",1124,,,13,"13",2,false,,false,false
1049,2021,14,12,12,"12","5","sebastian-vettel","aston-martin","mercedes","pirelli",false,18,"28:35.255",1715255,,,"+41.177",41177,,"+1.382",1382,,,11,"11",-1,false,,false,false
1049,2021,14,13,13,"13","31","esteban-ocon","alpine","renault","pirelli",false,18,"28:37.451",1717451,,,"+43.373",43373,,"+2.196",2196,,,14,"14",1,false,,false,false
1049,2021,14,14,14,"14","6","nicholas-latifi","williams","mercedes","pirelli",false,18,"28:40.055",1720055,,,"+45.977",45977,,"+2.604",2604,,,16,"16",2,false,,false,false
1049,2021,14,15,15,"15","63","george-russell","williams","mercedes","pirelli",false,18,"28:40.899",1720899,,,"+46.821",46821,,"+0.844",844,,,15,"15",0,false,,false,false
1049,2021,14,16,16,"16","22","yuki-tsunoda","alphatauri","honda","pirelli",false,18,"28:44.055",1724055,,,"+49.977",49977,,"+3.156",3156,,,17,"17",1,false,,false,false
1049,2021,14,17,17,"17","9","nikita-mazepin","haas","ferrari","pirelli",false,18,"28:56.677",1736677,,,"+1:02.599",62599,,"+12.622",12622,,,20,"20",3,false,,false,false
1049,2021,14,18,18,"18","88","robert-kubica","alfa-romeo","ferrari","pirelli",false,18,"28:59.174",1739174,,,"+1:05.096",65096,,"+2.497",2497,,,19,"19",1,false,,false,false
1049,2021,14,19,19,"19","47","mick-schumacher","haas","ferrari","pirelli",false,18,"29:00.232",1740232,,,"+1:06.154",66154,,"+1.058",1058,,,18,"18",-1,false,,false,false
1049,2021,14,20,,"DNF","10","pierre-gasly","alphatauri","honda","pirelli",false,0,,,,,,,,,,"Accident",,6,"6",,false,,false,false
1054,2021,19,1,1,"1","77","valtteri-bottas","mercedes","mercedes","pirelli",false,24,"29:09.559",1749559,,,,,,,,,3,2,"2",1,false,,false,false
1054,2021,19,2,2,"2","33","max-verstappen","red-bull","honda","pirelli",false,24,"29:10.729",1750729,,,"+1.170",1170,,"+1.170",1170,,2,1,"1",-1,false,,false,false
1054,2021,19,3,3,"3","55","carlos-sainz-jr","ferrari","ferrari","pirelli",false,24,"29:28.282",1768282,,,"+18.723",18723,,"+17.553",17553,,1,5,"5",2,false,,false,false
1054,2021,19,4,4,"4","11","sergio-perez","red-bull","honda","pirelli",false,24,"29:29.346",1769346,,,"+19.787",19787,,"+1.064",1064,,,3,"3",-1,false,,false,false
1054,2021,19,5,5,"5","44","lewis-hamilton","mercedes","mercedes","pirelli",false,24,"29:30.431",1770431,,,"+20.872",20872,,"+1.085",1085,,,20,"20",15,false,,false,false
1054,2021,19,6,6,"6","4","lando-norris","mclaren","mercedes","pirelli",false,24,"29:32.117",1772117,,,"+22.558",22558,,"+1.686",1686,,,7,"7",1,false,,false,false
1054,2021,19,7,7,"7","16","charles-leclerc","ferrari","ferrari","pirelli",false,24,"29:34.615",1774615,,,"+25.056",25056,,"+2.498",2498,,,6,"6",-1,false,,false,false
1054,2021,19,8,8,"8","10","pierre-gasly","alphatauri","honda","pirelli",false,24,"29:43.717",1783717,,,"+34.158",34158,,"+9.102",9102,,,4,"4",-4,false,,false,false
1054,2021,19,9,9,"9","31","esteban-ocon","alpine","renault","pirelli",false,24,"29:44.191",1784191,,,"+34.632",34632,,"+0.474",474,,,10,"10",1,false,,false,false
1054,2021,19,10,10,"10","5","sebastian-vettel","aston-martin","mercedes","pirelli",false,24,"29:44.426",1784426,,,"+34.867",34867,,"+0.235",235,,,11,"11",1,false,,false,false
1054,2021,19,11,11,"11","3","daniel-ricciardo","mclaren","mercedes","pirelli",false,24,"29:45.428",1785428,,,"+35.869",35869,,"+1.002",1002,,,8,"8",-3,false,,false,false
1054,2021,19,12,12,"12","14","fernando-alonso","alpine","renault","pirelli",false,24,"29:46.137",1786137,,,"+36.578",36578,,"+0.709",709,,,9,"9",-3,false,,false,false
1054,2021,19,13,13,"13","99","antonio-giovinazzi","alfa-romeo","ferrari","pirelli",false,24,"29:51.439",1791439,,,"+41.880",41880,,"+5.302",5302,,,14,"14",1,false,,false,false
1054,2021,19,14,14,"14","18","lance-stroll","aston-martin","mercedes","pirelli",false,24,"29:53.596",1793596,,,"+44.037",44037,,"+2.157",2157,,,15,"15",1,false,,false,false
1054,2021,19,15,15,"15","22","yuki-tsunoda","alphatauri","honda","pirelli",false,24,"29:55.709",1795709,,,"+46.150",46150,,"+2.113",2113,,,12,"12",-3,false,,false,false
1054,2021,19,16,16,"16","6","nicholas-latifi","williams","mercedes","pirelli",false,24,"29:56.319",1796319,,,"+46.760",46760,,"+0.610",610,,,16,"16",0,false,,false,false
1054,2021,19,17,17,"17","63","george-russell","williams","mercedes","pirelli",false,24,"29:57.298",1797298,,,"+47.739",47739,,"+0.979",979,,,17,"17",0,false,,false,false
1054,2021,19,18,18,"18","7","kimi-raikkonen","alfa-romeo","ferrari","pirelli",false,24,"29:59.573",1799573,,,"+50.014",50014,,"+2.275",2275,,,13,"13",-5,false,,false,false
1054,2021,19,19,19,"19","47","mick-schumacher","haas","ferrari","pirelli",false,24,"30:11.239",1811239,,,"+1:01.680",61680,,"+11.666",11666,,,18,"18",-1,false,,false,false
1054,2021,19,20,20,"20","9","nikita-mazepin","haas","ferrari","pirelli",false,24,"30:17.033",1817033,,,"+1:07.474",67474,,"+5.794",5794,,,19,"19",-1,false,,false,false
1061,2022,4,1,1,"1","1","max-verstappen","red-bull","rbpt","pirelli",false,21,"30:39.567",1839567,,,,,,,,,8,1,"1",0,false,,false,false
1061,2022,4,2,2,"2","16","charles-leclerc","ferrari","ferrari","pirelli",false,21,"30:42.542",1842542,,,"+2.975",2975,,"+2.975",2975,,7,2,"2",0,false,,false,false
1061,2022,4,3,3,"3","11","sergio-perez","red-bull","rbpt","pirelli",false,21,"30:44.288",1844288,,,"+4.721",4721,,"+1.746",1746,,6,7,"7",4,false,,false,false
1061,2022,4,4,4,"4","55","carlos-sainz-jr","ferrari","ferrari","pirelli",false,21,"30:57.145",1857145,,,"+17.578",17578,,"+12.857",12857,,5,10,"10",6,false,,false,false
1061,2022,4,5,5,"5","4","lando-norris","mclaren","mercedes","pirelli",false,21,"31:04.128",1864128,,,"+24.561",24561,,"+6.983",6983,,4,3,"3",-2,false,,false,false
1061,2022,4,6,6,"6","3","daniel-ricciardo","mclaren","mercedes","pirelli",false,21,"31:07.307",1867307,,,"+27.740",27740,,"+3.179",3179,,3,6,"6",0,false,,false,false
1061,2022,4,7,7,"7","77","valtteri-bottas","alfa-romeo","ferrari","pirelli",false,21,"31:07.700",1867700,,,"+28.133",28133,,"+0.393",393,,2,8,"8",1,false,,false,false
1061,2022,4,8,8,"8","20","kevin-magnussen","haas","ferrari","pirelli",false,21,"31:10.279",1870279,,,"+30.712",30712,,"+2.579",2579,,1,4,"4",-4,false,,false,false
1061,2022,4,9,9,"9","14","fernando-alonso","alpine","renault","pirelli",false,21,"31:11.845",1871845,,,"+32.278",32278,,"+1.566",1566,,,5,"5",-4,false,,false,false
1061,2022,4,10,10,"10","47","mick-schumacher","haas","ferrari","pirelli",false,21,"31:13.340",1873340,,,"+33.773",33773,,"+1.495",1495,,,12,"12",2,false,,false,false
1061,2022,4,11,11,"11","63","george-russell","mercedes","mercedes","pirelli",false,21,"31:15.851",1875851,,,"+36.284",36284,,"+2.511",2511,,,11,"11",0,false,,false,false
1061,2022,4,12,12,"12","22","yuki-tsunoda","alphatauri","rbpt","pirelli",false,21,"31:17.865",1877865,,,"+38.298",38298,,"+2.014",2014,,,16,"16",4,false,,false,false
1061,2022,4,13,13,"13","5","sebastian-vettel","aston-martin","mercedes","pirelli",false,21,"31:19.744",1879744,,,"+40.177",40177,,"+1.879",1879,,,9,"9",-4,false,,false,false
1061,2022,4,14,14,"14","44","lewis-hamilton","mercedes","mercedes","pirelli",false,21,"31:21.026",1881026,,,"+41.459",41459,,"+1.282",1282,,,13,"13",-1,false,,false,false
1061,2022,4,15,15,"15","18","lance-stroll","aston-martin","mercedes","pirelli",false,21,"31:22.477",1882477,,,"+42.910",42910,,"+1.451",1451,,,15,"15",0,false,,false,false
1061,2022,4,16,16,"16","31","esteban-ocon","alpine","renault","pirelli",false,21,"31:23.084",1883084,,,"+43.517",43517,,"+0.607",607,,,19,"19",3,false,,false,false
1061,2022,4,17,17,"17","10","pierre-gasly","alphatauri","rbpt","pirelli",false,21,"31:23.361",1883361,,,"+43.794",43794,,"+0.277",277,,,17,"17",0,false,,false,false
1061,2022,4,18,18,"18","23","alexander-albon","williams","mercedes","pirelli",false,21,"31:28.438",1888438,,,"+48.871",48871,,"+5.077",5077,,,,"PL",2,false,,false,false
1061,2022,4,19,19,"19","6","nicholas-latifi","williams","mercedes","pirelli",false,21,"31:31.584",1891584,,,"+52.017",52017,,"+3.146",3146,,,18,"18",-1,false,,false,false
1061,2022,4,20,,"DNF","24","guanyu-zhou","alfa-romeo","ferrari","pirelli",false,0,,,,,,,,,,,,14,"14",,false,,false,false
1068,2022,11,1,1,"1","1","max-verstappen","red-bull","rbpt","pirelli",false,23,"26:30.059",1590059,,,,,,,,,8,1,"1",0,false,,false,false
1068,2022,11,2,2,"2","16","charles-leclerc","ferrari","ferrari","pirelli",false,23,"26:31.734",1591734,,,"+1.675",1675,,"+1.675",1675,,7,2,"2",0,false,,false,false
1068,2022,11,3,3,"3","55","carlos-sainz-jr","ferrari","ferrari","pirelli",false,23,"26:35.703",1595703,,,"+5.644",5644,,"+3.969",3969,,6,3,"3",0,false,,false,false
1068,2022,11,4,4,"4","63","george-russell","mercedes","mercedes","pirelli",false,23,"26:43.488",1603488,,,"+13.429",13429,,"+7.785",7785,,5,4,"4",0,false,,false,false
1068,2022,11,5,5,"5","11","sergio-perez","red-bull","rbpt","pirelli",false,23,"26:48.361",1608361,,,"+18.302",18302,,"+4.873",4873,,4,13,"13",8,false,,false,false
1068,2022,11,6,6,"6","31","esteban-ocon","alpine","renault","pirelli",false,23,"27:01.091",1621091,,,"+31.032",31032,,"+12.730",12730,,3,5,"5",-1,false,,false,false
1068,2022,11,7,7,"7","20","kevin-magnussen","haas","ferrari","pirelli",false,23,"27:04.598",1624598,,,"+34.539",34539,,"+3.507",3507,,2,6,"6",-1,false,,false,false
1068,2022,11,8,8,"8","44","lewis-hamilton","mercedes","mercedes","pirelli",false,23,"27:05.506",1625506,,,"+35.447",35447,,"+0.908",908,,1,9,"9",1,false,,false,false
1068,2022,11,9,9,"9","47","mick-schumacher","haas","ferrari","pirelli",false,23,"27:07.222",1627222,,,"+37.163",37163,,"+1.716",1716,,,7,"7",-2,false,,false,false
1068,2022,11,10,10,"10","77","valtteri-bottas","alfa-romeo","ferrari","pirelli",false,23,"27:07.616",1627616,,,"+37.557",37557,,"+0.394",394,,,12,"12",2,false,,false,false
1068,2022,11,11,11,"11","4","lando-norris","mclaren","mercedes","pirelli",false,23,"27:08.639",1628639,,,"+38.580",38580,,"+1.023",1023,,,15,"15",4,false,,false,false
1068,2022,11,12,12,"12","3","daniel-ricciardo","mclaren","mercedes","pirelli",false,23,"27:09.797",1629797,,,"+39.738",39738,,"+1.158",1158,,,16,"16",4,false,,false,false
1068,2022,11,13,13,"13","18","lance-stroll","aston-martin","mercedes","pirelli",false,23,"27:18.300",1638300,,,"+48.241",48241,,"+8.503",8503,,,17,"17",4,false,,false,false
1068,2022,11,14,14,"14","24","guanyu-zhou","alfa-romeo","ferrari","pirelli",false,23,"27:20.812",1640812,,,"+50.753",50753,,"+2.512",2512,,,,"PL",4,false,,false,false
1068,2022,11,15,15,"15","10","pierre-gasly","alphatauri","rbpt","pirelli",false,23,"27:22.184",1642184,,,"+52.125",52125,,"+1.372",1372,,,10,"10",-5,false,,false,false
1068,2022,11,16,16,"16","23","alexander-albon","williams","mercedes","pirelli",false,23,"27:22.471",1642471,"5.000",5000,"+52.412",52412,,"+0.287",287,,,11,"11",-5,false,,false,false
1068,2022,11,17,17,"17","22","yuki-tsunoda","alphatauri","rbpt","pirelli",false,23,"27:24.615",1644615,,,"+54.556",54556,,"+2.144",2144,,,14,"14",-3,false,,false,false
1068,2022,11,18,18,"18","6","nicholas-latifi","williams","mercedes","pirelli",false,23,"27:38.753",1658753,,,"+1:08.694",68694,,"+14.138",14138,,,19,"19",1,false,,false,false
1068,2022,11,19,19,"19","5","sebastian-vettel","aston-martin","mercedes","pirelli",false,21,,,,,,,,,,"Collision damage",,20,"20",1,false,,false,false
1068,2022,11,20,,"DNS","14","fernando-alonso","alpine","renault","pirelli",false,,,,,,,,,,,"Electrical",,,,,false,,false,false
1078,2022,21,1,1,"1","63","george-russell","mercedes","mercedes","pirelli",false,24,"30:11.307",1811307,,,,,,,,,8,3,"3",2,false,,false,false
1078,2022,21,2,2,"2","55","carlos-sainz-jr","ferrari","ferrari","pirelli",false,24,"30:15.302",1815302,,,"+3.995",3995,,"+3.995",3995,,7,5,"5",3,false,,false,false
1078,2022,21,3,3,"3","44","lewis-hamilton","mercedes","mercedes","pirelli",false,24,"30:15.799",1815799,,,"+4.492",4492,,"+0.497",497,,6,8,"8",5,false,,false,false
1078,2022,21,4,4,"4","1","max-verstappen","red-bull","rbpt","pirelli",false,24,"30:21.801",1821801,,,"+10.494",10494,,"+6.002",6002,,5,2,"2",-2,false,,false,false
1078,2022,21,5,5,"5","11","sergio-perez","red-bull","rbpt","pirelli",false,24,"30:23.162",1823162,,,"+11.855",11855,,"+1.361",1361,,4,9,"9",4,false,,false,false
1078,2022,21,6,6,"6","16","charles-leclerc","ferrari","ferrari","pirelli",false,24,"30:24.440",1824440,,,"+13.133",13133,,"+1.278",1278,,3,10,"10",4,false,,false,false
1078,2022,21,7,7,"7","4","lando-norris","mclaren","mercedes","pirelli",false,24,"30:36.931",1836931,,,"+25.624",25624,,"+12.491",12491,,2,4,"4",-3,false,,false,false
1078,2022,21,8,8,"8","20","kevin-magnussen","haas","ferrari","pirelli",false,24,"30:40.075",1840075,,,"+28.768",28768,,"+3.144",3144,,1,1,"1",-7,false,,false,false
1078,2022,21,9,9,"9","5","sebastian-vettel","aston-martin","mercedes","pirelli",false,24,"30:41.525",1841525,,,"+30.218",30218,,"+1.450",1450,,,13,"13",4,false,,false,false
1078,2022,21,10,10,"10","10","pierre-gasly","alphatauri","rbpt","pirelli",false,24,"30:45.477",1845477,,,"+34.170",34170,,"+3.952",3952,,,12,"12",2,false,,false,false
1078,2022,21,11,11,"11","3","daniel-ricciardo","mclaren","mercedes","pirelli",false,24,"30:50.702",1850702,,,"+39.395",39395,,"+5.225",5225,,,14,"14",3,false,,false,false
1078,2022,21,12,12,"12","47","mick-schumacher","haas","ferrari","pirelli",false,24,"30:52.466",1852466,,,"+41.159",41159,,"+1.764",1764,,,20,"20",8,false,,false,false
1078,2022,21,13,13,"13","24","guanyu-zhou","alfa-romeo","ferrari","pirelli",false,24,"30:53.070",1853070,,,"+41.763",41763,,"+0.604",604,,,17,"17",4,false,,false,false
1078,2022,21,14,14,"14","77","valtteri-bottas","alfa-romeo","ferrari","pirelli",false,24,"30:53.645",1853645,,,"+42.338",42338,,"+0.575",575,,,18,"18",4,false,,false,false
1078,2022,21,15,15,"15","22","yuki-tsunoda","alphatauri","rbpt","pirelli",false,24,"31:01.613",1861613,,,"+50.306",50306,,"+7.968",7968,,,19,"19",4,false,,false,false
1078,2022,21,16,16,"16","18","lance-stroll","aston-martin","mercedes","pirelli",false,24,"31:02.007",1862007,"10.000",10000,"+50.700",50700,,"+0.394",394,,,15,"15",-1,false,,false,false
1078,2022,21,17,17,"17","31","esteban-ocon","alpine","renault","pirelli",false,24,"31:03.063",1863063,,,"+51.756",51756,,"+1.056",1056,,,6,"6",-11,false,,false,false
1078,2022,21,18,18,"18","14","fernando-alonso","alpine","renault","pirelli",false,24,"31:05.292",1865292,"5.000",5000,"+53.985",53985,,"+2.229",2229,,,7,"7",-11,false,,false,false
1078,2022,21,19,19,"19","6","nicholas-latifi","williams","mercedes","pirelli",false,24,"31:28.157",1888157,,,"+1:16.850",76850,,"+22.865",22865,,,16,"16",-3,false,,false,false
1078,2022,21,20,,"DNF","23","alexander-albon","williams","mercedes","pirelli",false,12,,,,,,,,,,,,11,"11",,false,,false,false
1083,2023,4,1,1,"1","11","sergio-perez","red-bull","honda-rbpt","pirelli",false,17,"33:17.667",1997667,,,,,,,,,8,2,"2",1,false,,false,false
1083,2023,4,2,2,"2","16","charles-leclerc","ferrari","ferrari","pirelli",false,17,"33:22.130",2002130,,,"+4.463",4463,,"+4.463",4463,,7,1,"1",-1,false,,false,false
1083,2023,4,3,3,"3","1","max-verstappen","red-bull","honda-rbpt","pirelli",false,17,"33:22.732",2002732,,,"+5.065",5065,,"+0.602",602,,6,3,"3",0,false,,false,false
1083,2023,4,4,4,"4","63","george-russell","mercedes","mercedes","pirelli",false,17,"33:26.199",2006199,,,"+8.532",8532,,"+3.467",3467,,5,4,"4",0,false,,false,false
1083,2023,4,5,5,"5","55","carlos-sainz-jr","ferrari","ferrari","pirelli",false,17,"33:28.055",2008055,,,"+10.388",10388,,"+1.856",1856,,4,5,"5",0,false,,false,false
1083,2023,4,6,6,"6","14","fernando-alonso","aston-martin","mercedes","pirelli",false,17,"33:29.280",2009280,,,"+11.613",11613,,"+1.225",1225,,3,8,"8",2,false,,false,false
1083,2023,4,7,7,"7","44","lewis-hamilton","mercedes","mercedes","pirelli",false,17,"33:34.170",2014170,,,"+16.503",16503,,"+4.890",4890,,2,6,"6",-1,false,,false,false
1083,2023,4,8,8,"8","18","lance-stroll","aston-martin","mercedes","pirelli",false,17,"33:36.084",2016084,,,"+18.417",18417,,"+1.914",1914,,1,9,"9",1,false,,false,false
1083,2023,4,9,9,"9","23","alexander-albon","williams","mercedes","pirelli",false,17,"33:39.424",2019424,,,"+21.757",21757,,"+3.340",3340,,,7,"7",-2,false,,false,false
1083,2023,4,10,10,"10","81","oscar-piastri","mclaren","mercedes","pirelli",false,17,"33:40.518",2020518,,,"+22.851",22851,,"+1.094",1094,,,11,"11",1,false,,false,false
1083,2023,4,11,11,"11","20","kevin-magnussen","haas","ferrari","pirelli",false,17,"33:45.657",2025657,,,"+27.990",27990,,"+5.139",5139,,,13,"13",2,false,,false,false
1083,2023,4,12,12,"12","24","guanyu-zhou","alfa-romeo","ferrari","pirelli",false,17,"33:52.269",2032269,,,"+34.602",34602,,"+6.612",6612,,,14,"14",2,false,,false,false
1083,2023,4,13,13,"13","10","pierre-gasly","alpine","renault","pirelli",false,17,"33:54.585",2034585,,,"+36.918",36918,,"+2.316",2316,,,17,"17",4,false,,false,false
1083,2023,4,14,14,"14","21","nyck-de-vries","alphatauri","honda-rbpt","pirelli",false,17,"33:59.293",2039293,,,"+41.626",41626,,"+4.708",4708,,,18,"18",4,false,,false,false
1083,2023,4,15,15,"15","27","nico-hulkenberg","haas","ferrari","pirelli",false,17,"34:06.254",2046254,,,"+48.587",48587,,"+6.961",6961,,,12,"12",-3,false,,false,false
1083,2023,4,16,16,"16","77","valtteri-bottas","alfa-romeo","ferrari","pirelli",false,17,"34:07.584",2047584,,,"+49.917",49917,,"+1.330",1330,,,15,"15",-1,false,,false,false
1083,2023,4,17,17,"17","4","lando-norris","mclaren","mercedes","pirelli",false,17,"34:08.771",2048771,,,"+51.104",51104,,"+1.187",1187,,,10,"10",-7,false,,false,false
1083,2023,4,18,18,"18","31","esteban-ocon","alpine","renault","pirelli",false,17,"34:18.288",2058288,,,"+1:00.621",60621,,"+9.517",9517,,,,,1,false,,false,false
1083,2023,4,19,,"DNF","22","yuki-tsunoda","alphatauri","honda-rbpt","pirelli",false,2,,,,,,,,,,"Collision damage",,16,"16",,false,,false,false
1083,2023,4,20,,"DNS","2","logan-sargeant","williams","mercedes","pirelli",false,,,,,,,,,,,"Car damaged in qualifying",,,,,false,,false,false
1088,2023,9,1,1,"1","1","max-verstappen","red-bull","honda-rbpt","pirelli",false,24,"30:26.730",1826730,,,,,,,,,8,1,"1",0,false,,false,false
1088,2023,9,2,2,"2","11","sergio-perez","red-bull","honda-rbpt","pirelli",false,24,"30:47.778",1847778,,,"+21.048",21048,,"+21.048",21048,,7,2,"2",0,false,,false,false
1088,2023,9,3,3,"3","55","carlos-sainz-jr","ferrari","ferrari","pirelli",false,24,"30:49.818",1849818,,,"+23.088",23088,,"+2.040",2040,,6,5,"5",2,false,,false,false
1088,2023,9,4,4,"4","18","lance-stroll","aston-martin","mercedes","pirelli",false,24,"30:56.433",1856433,,,"+29.703",29703,,"+6.615",6615,,5,7,"7",3,false,,false,false
1088,2023,9,5,5,"5","14","fernando-alonso","aston-martin","mercedes","pirelli",false,24,"30:56.839",1856839,,,"+30.109",30109,,"+0.406",406,,4,6,"6",1,false,,false,false
1088,2023,9,6,6,"6","27","nico-hulkenberg","haas","ferrari","pirelli",false,24,"30:58.027",1858027,,,"+31.297",31297,,"+1.188",1188,,3,4,"4",-2,false,,false,false
1088,2023,9,7,7,"7","31","esteban-ocon","alpine","renault","pirelli",false,24,"31:03.332",1863332,,,"+36.602",36602,,"+5.305",5305,,2,8,"8",1,false,,false,false
1088,2023,9,8,8,"8","63","george-russell","mercedes","mercedes","pirelli",false,24,"31:03.341",1863341,,,"+36.611",36611,,"+0.009",9,,1,15,"15",7,false,,false,false
1088,2023,9,9,9,"9","4","lando-norris","mclaren","mercedes","pirelli",false,24,"31:05.338",1865338,,,"+38.608",38608,,"+1.997",1997,,,3,"3",-6,false,,false,false
1088,2023,9,10,10,"10","44","lewis-hamilton","mercedes","mercedes","pirelli",false,24,"31:13.105",1873105,,,"+46.375",46375,,"+7.767",7767,,,18,"18",8,false,,false,false
1088,2023,9,11,11,"11","81","oscar-piastri","mclaren","mercedes","pirelli",false,24,"31:16.537",1876537,,,"+49.807",49807,,"+3.432",3432,,,17,"17",6,false,,false,false
1088,2023,9,12,12,"12","16","charles-leclerc","ferrari","ferrari","pirelli",false,24,"31:17.519",1877519,,,"+50.789",50789,,"+0.982",982,,,9,"9",-3,false,,false,false
1088,2023,9,13,13,"13","23","alexander-albon","williams","mercedes","pirelli",false,24,"31:19.578",1879578,,,"+52.848",52848,,"+2.059",2059,,,11,"11",-2,false,,false,false
1088,2023,9,14,14,"14","20","kevin-magnussen","haas","ferrari","pirelli",false,24,"31:23.323",1883323,,,"+56.593",56593,,"+3.745",3745,,,10,"10",-4,false,,false,false
1088,2023,9,15,15,"15","10","pierre-gasly","alpine","renault","pirelli",false,24,"31:24.382",1884382,,,"+57.652",57652,,"+1.059",1059,,,12,"12",-3,false,,false,false
1088,2023,9,16,16,"16","22","yuki-tsunoda","alphatauri","honda-rbpt","pirelli",false,24,"31:31.552",1891552,,,"+1:04.822",64822,,"+7.170",7170,,,13,"13",-3,false,,false,false
1088,2023,9,17,17,"17","21","nyck-de-vries","alphatauri","honda-rbpt","pirelli",false,24,"31:32.347",1892347,,,"+1:05.617",65617,,"+0.795",795,,,14,"14",-3,false,,false,false
1088,2023,9,18,18,"18","2","logan-sargeant","williams","mercedes","pirelli",false,24,"31:32.789",1892789,,,"+1:06.059",66059,,"+0.442",442,,,20,"20",2,false,,false,false
1088,2023,9,19,19,"19","24","guanyu-zhou","alfa-romeo","ferrari","pirelli",false,24,"31:37.555",1897555,,,"+1:10.825",70825,,"+4.766",4766,,,16,"16",-3,false,,false,false
1088,2023,9,20,20,"20","77","valtteri-bottas","alfa-romeo","ferrari","pirelli",false,24,"31:43.165",1903165,,,"+1:16.435",76435,,"+5.610",5610,,,19,"19",-1,false,,false,false
1091,2023,12,1,1,"1","1","max-verstappen","red-bull","honda-rbpt","pirelli",false,11,"24:58.433",1498433,,,,,,,,,8,1,"1",0,false,,false,false
1091,2023,12,2,2,"2","81","oscar-piastri","mclaren","mercedes","pirelli",false,11,"25:05.110",1505110,,,"+6.677",6677,,"+6.677",6677,,7,2,"2",0,false,,false,false
1091,2023,12,3,3,"3","10","pierre-gasly","alpine","renault","pirelli",false,11,"25:09.166",1509166,,,"+10.733",10733,,"+4.056",4056,,6,6,"6",3,false,,false,false
1091,2023,12,4,4,"4","55","carlos-sainz-jr","ferrari","ferrari","pirelli",false,11,"25:11.081",1511081,,,"+12.648",12648,,"+1.915",1915,,5,3,"3",-1,false,,false,false
1091,2023,12,5,5,"5","16","charles-leclerc","ferrari","ferrari","pirelli",false,11,"25:13.449",1513449,,,"+15.016",15016,,"+2.368",2368,,4,4,"4",-1,false,,false,false
1091,2023,12,6,6,"6","4","lando-norris","mclaren","mercedes","pirelli",false,11,"25:14.485",1514485,,,"+16.052",16052,,"+1.036",1036,,3,5,"5",-1,false,,false,false
1091,2023,12,7,7,"7","44","lewis-hamilton","mercedes","mercedes","pirelli",false,11,"25:15.190",1515190,"5.000",5000,"+16.757",16757,,"+0.705",705,,2,7,"7",0,false,,false,false
1091,2023,12,8,8,"8","63","george-russell","mercedes","mercedes","pirelli",false,11,"25:15.255",1515255,,,"+16.822",16822,,"+0.065",65,,1,10,"10",2,false,,false,false
1091,2023,12,9,9,"9","31","esteban-ocon","alpine","renault","pirelli",false,11,"25:20.843",1520843,,,"+22.410",22410,,"+5.588",5588,,,9,"9",0,false,,false,false
1091,2023,12,10,10,"10","3","daniel-ricciardo","alphatauri","honda-rbpt","pirelli",false,11,"25:21.239",1521239,,,"+22.806",22806,,"+0.396",396,,,11,"11",1,false,,false,false
1091,2023,12,11,11,"11","18","lance-stroll","aston-martin","mercedes","pirelli",false,11,"25:23.440",1523440,,,"+25.007",25007,,"+2.201",2201,,,14,"14",3,false,,false,false
1091,2023,12,12,12,"12","23","alexander-albon","williams","mercedes","pirelli",false,11,"25:24.736",1524736,,,"+26.303",26303,,"+1.296",1296,,,12,"12",0,false,,false,false
1091,2023,12,13,13,"13","77","valtteri-bottas","alfa-romeo","ferrari","pirelli",false,11,"25:25.439",1525439,,,"+27.006",27006,,"+0.703",703,,,17,"17",4,false,,false,false
1091,2023,12,14,14,"14","20","kevin-magnussen","haas","ferrari","pirelli",false,11,"25:31.419",1531419,,,"+32.986",32986,,"+5.980",5980,,,18,"18",4,false,,false,false
1091,2023,12,15,15,"15","24","guanyu-zhou","alfa-romeo","ferrari","pirelli",false,11,"25:34.775",1534775,,,"+36.342",36342,,"+3.356",3356,,,19,"19",4,false,,false,false
1091,2023,12,16,16,"16","2","logan-sargeant","williams","mercedes","pirelli",false,11,"25:36.004",1536004,"5.000",5000,"+37.571",37571,,"+1.229",1229,,,13,"13",-3,false,,false,false
1091,2023,12,17,17,"17","27","nico-hulkenberg","haas","ferrari","pirelli",false,11,"25:36.260",1536260,,,"+37.827",37827,,"+0.256",256,,,20,"20",3,false,,false,false
1091,2023,12,18,18,"18","22","yuki-tsunoda","alphatauri","honda-rbpt","pirelli",false,11,"25:37.700",1537700,,,"+39.267",39267,,"+1.440",1440,,,16,"16",-2,false,,false,false
1091,2023,12,19,,"DNF","11","sergio-perez","red-bull","honda-rbpt","pirelli",false,8,,,,,,,,,,,,8,"8",,false,,false,false
1091,2023,12,20,,"DNF","14","fernando-alonso","aston-martin","mercedes","pirelli",false,2,,,,,,,,,,,,15,"15",,false,,false,false
1096,2023,17,1,1,"1","81","oscar-piastri","mclaren","mercedes","pirelli",false,19,"35:01.297",2101297,,,,,,,,,8,1,"1",0,false,,false,false
1096,2023,17,2,2,"2","1","max-verstappen","red-bull","honda-rbpt","pirelli",false,19,"35:03.168",2103168,,,"+1.871",1871,,"+1.871",1871,,7,3,"3",1,false,,false,false
1096,2023,17,3,3,"3","4","lando-norris","mclaren","mercedes","pirelli",false,19,"35:09.794",2109794,,,"+8.497",8497,,"+6.626",6626,,6,2,"2",-1,false,,false,false
1096,2023,17,4,4,"4","63","george-russell","mercedes","mercedes","pirelli",false,19,"35:12.333",2112333,,,"+11.036",11036,,"+2.539",2539,,5,4,"4",0,false,,false,false
1096,2023,17,5,5,"5","44","lewis-hamilton","mercedes","mercedes","pirelli",false,19,"35:18.611",2118611,,,"+17.314",17314,,"+6.278",6278,,4,12,"12",7,false,,false,false
1096,2023,17,6,6,"6","55","carlos-sainz-jr","ferrari","ferrari","pirelli",false,19,"35:20.103",2120103,,,"+18.806",18806,,"+1.492",1492,,3,5,"5",-1,false,,false,false
1096,2023,17,7,7,"7","23","alexander-albon","williams","mercedes","pirelli",false,19,"35:21.161",2121161,,,"+19.864",19864,,"+1.058",1058,,2,17,"17",10,false,,false,false
1096,2023,17,8,8,"8","14","fernando-alonso","aston-martin","mercedes","pirelli",false,19,"35:22.477",2122477,,,"+21.180",21180,,"+1.316",1316,,1,9,"9",1,false,,false,false
1096,2023,17,9,9,"9","10","pierre-gasly","alpine","renault","pirelli",false,19,"35:23.039",2123039,,,"+21.742",21742,,"+0.562",562,,,11,"11",2,false,,false,false
1096,2023,17,10,10,"10","77","valtteri-bottas","alfa-romeo","ferrari","pirelli",false,19,"35:23.505",2123505,,,"+22.208",22208,,"+0.466",466,,,13,"13",3,false,,false,false
1096,2023,17,11,11,"11","22","yuki-tsunoda","alphatauri","honda-rbpt","pirelli",false,19,"35:24.160",2124160,,,"+22.863",22863,,"+0.655",655,,,18,"18",7,false,,false,false
1096,2023,17,12,12,"12","16","charles-leclerc","ferrari","ferrari","pirelli",false,19,"35:26.157",2126157,"5.000",5000,"+24.860",24860,,"+1.997",1997,,,6,"6",-6,false,,false,false
1096,2023,17,13,13,"13","20","kevin-magnussen","haas","ferrari","pirelli",false,19,"35:26.267",2126267,,,"+24.970",24970,,"+0.110",110,,,19,"19",6,false,,false,false
1096,2023,17,14,14,"14","24","guanyu-zhou","alfa-romeo","ferrari","pirelli",false,19,"35:28.165",2128165,,,"+26.868",26868,,"+1.898",1898,,,15,"15",1,false,,false,false
1096,2023,17,15,15,"15","18","lance-stroll","aston-martin","mercedes","pirelli",false,19,"35:30.820",2130820,"5.000",5000,"+29.523",29523,,"+2.655",2655,,,16,"16",1,false,,false,false
1096,2023,17,16,,"DNF","27","nico-hulkenberg","haas","ferrari","pirelli",false,11,,,,,,,,,,,,7,"7",,false,,false,false
1096,2023,17,17,,"DNF","31","esteban-ocon","alpine","renault","pirelli",false,10,,,,,,,,,,,,10,"10",,false,,false,false
1096,2023,17,18,,"DNF","11","sergio-perez","red-bull","honda-rbpt","pirelli",false,10,,,,,,,,,,,,8,"8",,false,,false,false
1096,2023,17,19,,"DNF","2","logan-sargeant","williams","mercedes","pirelli",false,2,,,,,,,,,,,,20,"20",,false,,false,false
1096,2023,17,20,,"DNF","40","liam-lawson","alphatauri","honda-rbpt","pirelli",false,0,,,,,,,,,,,,14,"14",,false,,false,false
1097,2023,18,1,1,"1","1","max-verstappen","red-bull","honda-rbpt","pirelli",false,19,"31:30.849",1890849,,,,,,,,,8,1,"1",0,false,,false,false
1097,2023,18,2,2,"2","44","lewis-hamilton","mercedes","mercedes","pirelli",false,19,"31:40.314",1900314,,,"+9.465",9465,,"+9.465",9465,,7,3,"3",1,false,,false,false
1097,2023,18,3,3,"3","16","charles-leclerc","ferrari","ferrari","pirelli",false,19,"31:48.836",1908836,,,"+17.987",17987,,"+8.522",8522,,6,2,"2",-1,false,,false,false
1097,2023,18,4,4,"4","4","lando-norris","mclaren","mercedes","pirelli",false,19,"31:49.712",1909712,,,"+18.863",18863,,"+0.876",876,,5,4,"4",0,false,,false,false
1097,2023,18,5,5,"5","11","sergio-perez","red-bull","honda-rbpt","pirelli",false,19,"31:53.777",1913777,,,"+22.928",22928,,"+4.065",4065,,4,7,"7",2,false,,false,false
1097,2023,18,6,6,"6","55","carlos-sainz-jr","ferrari","ferrari","pirelli",false,19,"31:59.156",1919156,,,"+28.307",28307,,"+5.379",5379,,3,6,"6",0,false,,false,false
1097,2023,18,7,7,"7","10","pierre-gasly","alpine","renault","pirelli",false,19,"32:03.252",1923252,,,"+32.403",32403,,"+4.096",4096,,2,9,"9",2,false,,false,false
1097,2023,18,8,8,"8","63","george-russell","mercedes","mercedes","pirelli",false,19,"32:05.099",1925099,"5.000",5000,"+34.250",34250,,"+1.847",1847,,1,11,"11",3,false,,false,false
1097,2023,18,9,9,"9","23","alexander-albon","williams","mercedes","pirelli",false,19,"32:05.416",1925416,,,"+34.567",34567,,"+0.317",317,,,8,"8",-1,false,,false,false
1097,2023,18,10,10,"10","81","oscar-piastri","mclaren","mercedes","pirelli",false,19,"32:13.252",1933252,,,"+42.403",42403,,"+7.836",7836,,,5,"5",-5,false,,false,false
1097,2023,18,11,11,"11","31","esteban-ocon","alpine","renault","pirelli",false,19,"32:15.835",1935835,,,"+44.986",44986,,"+2.583",2583,,,13,"13",2,false,,false,false
1097,2023,18,12,12,"12","3","daniel-ricciardo","alphatauri","honda-rbpt","pirelli",false,19,"32:16.358",1936358,,,"+45.509",45509,,"+0.523",523,,,10,"10",-2,false,,false,false
1097,2023,18,13,13,"13","14","fernando-alonso","aston-martin","mercedes","pirelli",false,19,"32:19.935",1939935,,,"+49.086",49086,,"+3.577",3577,,,12,"12",-1,false,,false,false
1097,2023,18,14,14,"14","22","yuki-tsunoda","alphatauri","honda-rbpt","pirelli",false,19,"32:20.582",1940582,,,"+49.733",49733,,"+0.647",647,,,19,"19",5,false,,false,false
1097,2023,18,15,15,"15","27","nico-hulkenberg","haas","ferrari","pirelli",false,19,"32:27.499",1947499,,,"+56.650",56650,,"+6.917",6917,,,16,"16",1,false,,false,false
1097,2023,18,16,16,"16","77","valtteri-bottas","alfa-romeo","ferrari","pirelli",false,19,"32:35.250",1955250,,,"+1:04.401",64401,,"+7.751",7751,,,18,"18",2,false,,false,false
1097,2023,18,17,17,"17","24","guanyu-zhou","alfa-romeo","ferrari","pirelli",false,19,"32:38.821",1958821,"5.000",5000,"+1:07.972",67972,,"+3.571",3571,,,15,"15",-2,false,,false,false
1097,2023,18,18,18,"18","20","kevin-magnussen","haas","ferrari","pirelli",false,19,"32:41.971",1961971,,,"+1:11.122",71122,,"+3.150",3150,,,17,"17",-1,false,,false,false
1097,2023,18,19,19,"19","2","logan-sargeant","williams","mercedes","pirelli",false,19,"32:42.298",1962298,,,"+1:11.449",71449,,"+0.327",327,,,20,"20",1,false,,false,false
1097,2023,18,20,,"DNF","18","lance-stroll","aston-martin","mercedes","pirelli",false,16,,,,,,,,,,"Brakes",,14,"14",,false,,false,false
1099,2023,20,1,1,"1","1","max-verstappen","red-bull","honda-rbpt","pirelli",false,24,"30:07.209",1807209,,,,,,,,,8,2,"2",1,false,,false,false
1099,2023,20,2,2,"2","4","lando-norris","mclaren","mercedes","pirelli",false,24,"30:11.496",1811496,,,"+4.287",4287,,"+4.287",4287,,7,1,"1",-1,false,,false,false
1099,2023,20,3,3,"3","11","sergio-perez","red-bull","honda-rbpt","pirelli",false,24,"30:20.826",1820826,,,"+13.617",13617,,"+9.330",9330,,6,3,"3",0,false,,false,false
1099,2023,20,4,4,"4","63","george-russell","mercedes","mercedes","pirelli",false,24,"30:33.088",1833088,,,"+25.879",25879,,"+12.262",12262,,5,4,"4",0,false,,false,false
1099,2023,20,5,5,"5","16","charles-leclerc","ferrari","ferrari","pirelli",false,24,"30:35.769",1835769,,,"+28.560",28560,,"+2.681",2681,,4,7,"7",2,false,,false,false
1099,2023,20,6,6,"6","22","yuki-tsunoda","alphatauri","honda-rbpt","pirelli",false,24,"30:36.419",1836419,,,"+29.210",29210,,"+0.650",650,,3,6,"6",0,false,,false,false
1099,2023,20,7,7,"7","44","lewis-hamilton","mercedes","mercedes","pirelli",false,24,"30:41.935",1841935,,,"+34.726",34726,,"+5.516",5516,,2,5,"5",-2,false,,false,false
1099,2023,20,8,8,"8","55","carlos-sainz-jr","ferrari","ferrari","pirelli",false,24,"30:42.315",1842315,,,"+35.106",35106,,"+0.380",380,,1,9,"9",1,false,,false,false
1099,2023,20,9,9,"9","3","daniel-ricciardo","alphatauri","honda-rbpt","pirelli",false,24,"30:42.512",1842512,,,"+35.303",35303,,"+0.197",197,,,8,"8",-1,false,,false,false
1099,2023,20,10,10,"10","81","oscar-piastri","mclaren","mercedes","pirelli",false,24,"30:45.428",1845428,,,"+38.219",38219,,"+2.916",2916,,,10,"10",0,false,,false,false
1099,2023,20,11,11,"11","14","fernando-alonso","aston-martin","mercedes","pirelli",false,24,"30:46.270",1846270,,,"+39.061",39061,,"+0.842",842,,,15,"15",4,false,,false,false
1099,2023,20,12,12,"12","18","lance-stroll","aston-martin","mercedes","pirelli",false,24,"30:46.687",1846687,,,"+39.478",39478,,"+0.417",417,,,17,"17",5,false,,false,false
1099,2023,20,13,13,"13","10","pierre-gasly","alpine","renault","pirelli",false,24,"30:47.830",1847830,,,"+40.621",40621,,"+1.143",1143,,,13,"13",0,false,,false,false
1099,2023,20,14,14,"14","31","esteban-ocon","alpine","renault","pirelli",false,24,"30:50.057",1850057,,,"+42.848",42848,,"+2.227",2227,,,16,"16",2,false,,false,false
1099,2023,20,15,15,"15","23","alexander-albon","williams","mercedes","pirelli",false,24,"30:50.603",1850603,,,"+43.394",43394,,"+0.546",546,,,19,"19",4,false,,false,false
1099,2023,20,16,16,"16","20","kevin-magnussen","haas","ferrari","pirelli",false,24,"31:03.716",1863716,,,"+56.507",56507,,"+13.113",13113,,,11,"11",-5,false,,false,false
1099,2023,20,17,17,"17","24","guanyu-zhou","alfa-romeo","ferrari","pirelli",false,24,"31:05.932",1865932,,,"+58.723",58723,,"+2.216",2216,,,18,"18",1,false,,false,false
1099,2023,20,18,18,"18","27","nico-hulkenberg","haas","ferrari","pirelli",false,24,"31:07.539",1867539,,,"+1:00.330",60330,,"+1.607",1607,,,12,"12",-6,false,,false,false
1099,2023,20,19,19,"19","77","valtteri-bottas","alfa-romeo","ferrari","pirelli",false,24,"31:07.958",1867958,,,"+1:00.749",60749,,"+0.419",419,,,14,"14",-5,false,,false,false
1099,2023,20,20,20,"20","2","logan-sargeant","williams","mercedes","pirelli",false,24,"31:08.154",1868154,,,"+1:00.945",60945,,"+0.196",196,,,20,"20",0,false,,false,false
1106,2024,5,1,1,"1","1","max-verstappen","red-bull","honda-rbpt","pirelli",false,19,"32:04.660",1924660,,,,,,,,,8,4,"4",3,false,,false,false
1106,2024,5,2,2,"2","44","lewis-hamilton","mercedes","mercedes","pirelli",false,19,"32:17.703",1937703,,,"+13.043",13043,,"+13.043",13043,,7,2,"2",0,false,,false,false
1106,2024,5,3,3,"3","11","sergio-perez","red-bull","honda-rbpt","pirelli",false,19,"32:19.918",1939918,,,"+15.258",15258,,"+2.215",2215,,6,6,"6",3,false,,false,false
1106,2024,5,4,4,"4","16","charles-leclerc","ferrari","ferrari","pirelli",false,19,"32:22.146",1942146,,,"+17.486",17486,,"+2.228",2228,,5,7,"7",3,false,,false,false
1106,2024,5,5,5,"5","55","carlos-sainz-jr","ferrari","ferrari","pirelli",false,19,"32:25.356",1945356,,,"+20.696",20696,,"+3.210",3210,,4,5,"5",0,false,,false,false
1106,2024,5,6,6,"6","4","lando-norris","mclaren","mercedes","pirelli",false,19,"32:26.748",1946748,,,"+22.088",22088,,"+1.392",1392,,3,1,"1",-5,false,,false,false
1106,2024,5,7,7,"7","81","oscar-piastri","mclaren","mercedes","pirelli",false,19,"32:29.373",1949373,,,"+24.713",24713,,"+2.625",2625,,2,8,"8",1,false,,false,false
1106,2024,5,8,8,"8","63","george-russell","mercedes","mercedes","pirelli",false,19,"32:30.356",1950356,,,"+25.696",25696,,"+0.983",983,,1,11,"11",3,false,,false,false
1106,2024,5,9,9,"9","24","guanyu-zhou","kick-sauber","ferrari","pirelli",false,19,"32:36.611",1956611,,,"+31.951",31951,,"+6.255",6255,,,10,"10",1,false,,false,false
1106,2024,5,10,10,"10","20","kevin-magnussen","haas","ferrari","pirelli",false,19,"32:42.058",1962058,,,"+37.398",37398,,"+5.447",5447,,,12,"12",2,false,,false,false
1106,2024,5,11,11,"11","3","daniel-ricciardo","rb","honda-rbpt","pirelli",false,19,"32:42.500",1962500,,,"+37.840",37840,,"+0.442",442,,,14,"14",3,false,,false,false
1106,2024,5,12,12,"12","77","valtteri-bottas","kick-sauber","ferrari","pirelli",false,19,"32:42.955",1962955,,,"+38.295",38295,,"+0.455",455,,,9,"9",-3,false,,false,false
1106,2024,5,13,13,"13","31","esteban-ocon","alpine","renault","pirelli",false,19,"32:44.501",1964501,,,"+39.841",39841,,"+1.546",1546,,,17,"17",4,false,,false,false
1106,2024,5,14,14,"14","18","lance-stroll","aston-martin","mercedes","pirelli",false,19,"32:44.959",1964959,,,"+40.299",40299,,"+0.458",458,,,15,"15",1,false,,false,false
1106,2024,5,15,15,"15","10","pierre-gasly","alpine","renault","pirelli",false,19,"32:45.498",1965498,,,"+40.838",40838,,"+0.539",539,,,16,"16",1,false,,false,false
1106,2024,5,16,16,"16","22","yuki-tsunoda","rb","honda-rbpt","pirelli",false,19,"32:46.530",1966530,,,"+41.870",41870,,"+1.032",1032,,,19,"19",3,false,,false,false
1106,2024,5,17,17,"17","23","alexander-albon","williams","mercedes","pirelli",false,19,"32:47.658",1967658,,,"+42.998",42998,,"+1.128",1128,,,18,"18",1,false,,false,false
1106,2024,5,18,18,"18","2","logan-sargeant","williams","mercedes","pirelli",false,19,"32:51.012",1971012,,,"+46.352",46352,,"+3.354",3354,,,20,"20",2,false,,false,false
1106,2024,5,19,19,"19","27","nico-hulkenberg","haas","ferrari","pirelli",false,19,"32:54.290",1974290,,,"+49.630",49630,,"+3.278",3278,,,13,"13",-6,false,,false,false
1106,2024,5,20,20,"20","14","fernando-alonso","aston-martin","mercedes","pirelli",false,17,,,"10.000",10000,,,,,,"Collision damage",,3,"3",-17,false,,false,false
1107,2024,6,1,1,"1","1","max-verstappen","red-bull","honda-rbpt","pirelli",false,19,"31:31.383",1891383,,,,,,,,,8,1,"1",0,false,,false,false
1107,2024,6,2,2,"2","16","charles-leclerc","ferrari","ferrari","pirelli",false,19,"31:34.754",1894754,,,"+3.371",3371,,"+3.371",3371,,7,2,"2",0,false,,false,false
1107,2024,6,3,3,"3","11","sergio-perez","red-bull","honda-rbpt","pirelli",false,19,"31:36.478",1896478,,,"+5.095",5095,,"+1.724",1724,,6,3,"3",0,false,,false,false
1107,2024,6,4,4,"4","3","daniel-ricciardo","rb","honda-rbpt","pirelli",false,19,"31:46.354",1906354,,,"+14.971",14971,,"+9.876",9876,,5,4,"4",0,false,,false,false
1107,2024,6,5,5,"5","55","carlos-sainz-jr","ferrari","ferrari","pirelli",false,19,"31:46.605",1906605,,,"+15.222",15222,,"+0.251",251,,4,5,"5",0,false,,false,false
1107,2024,6,6,6,"6","81","oscar-piastri","mclaren","mercedes","pirelli",false,19,"31:47.133",1907133,,,"+15.750",15750,,"+0.528",528,,3,6,"6",0,false,,false,false
1107,2024,6,7,7,"7","27","nico-hulkenberg","haas","ferrari","pirelli",false,19,"31:53.437",1913437,,,"+22.054",22054,,"+6.304",6304,,2,10,"10",3,false,,false,false
1107,2024,6,8,8,"8","22","yuki-tsunoda","rb","honda-rbpt","pirelli",false,19,"32:01.199",1921199,,,"+29.816",29816,,"+7.762",7762,,1,15,"15",7,false,,false,false
1107,2024,6,9,9,"9","10","pierre-gasly","alpine","renault","pirelli",false,19,"32:03.263",1923263,,,"+31.880",31880,,"+2.064",2064,,,16,"16",7,false,,false,false
1107,2024,6,10,10,"10","2","logan-sargeant","williams","mercedes","pirelli",false,19,"32:05.738",1925738,,,"+34.355",34355,,"+2.475",2475,,,18,"18",8,false,,false,false
1107,2024,6,11,11,"11","24","guanyu-zhou","kick-sauber","ferrari","pirelli",false,19,"32:06.461",1926461,,,"+35.078",35078,,"+0.723",723,,,17,"17",6,false,,false,false
1107,2024,6,12,12,"12","63","george-russell","mercedes","mercedes","pirelli",false,19,"32:07.138",1927138,,,"+35.755",35755,,"+0.677",677,,,11,"11",-1,false,,false,false
1107,2024,6,13,13,"13","23","alexander-albon","williams","mercedes","pirelli",false,19,"32:07.469",1927469,,,"+36.086",36086,,"+0.331",331,,,,"PL",7,false,,false,false
1107,2024,6,14,14,"14","77","valtteri-bottas","kick-sauber","ferrari","pirelli",false,19,"32:08.275",1928275,,,"+36.892",36892,,"+0.806",806,,,19,"19",5,false,,false,false
1107,2024,6,15,15,"15","31","esteban-ocon","alpine","renault","pirelli",false,19,"32:09.123",1929123,,,"+37.740",37740,,"+0.848",848,,,13,"13",-2,false,,false,false
1107,2024,6,16,16,"16","44","lewis-hamilton","mercedes","mercedes","pirelli",false,19,"32:20.730",1940730,"20.000",20000,"+49.347",49347,,"+11.607",11607,,,12,"12",-4,false,,false,false
1107,2024,6,17,17,"17","14","fernando-alonso","aston-martin","mercedes","pirelli",false,19,"32:30.792",1950792,,,"+59.409",59409,,"+10.062",10062,,,8,"8",-9,false,,false,false
1107,2024,6,18,18,"18","20","kevin-magnussen","haas","ferrari","pirelli",false,19,"32:37.686",1957686,"35.000",35000,"+1:06.303",66303,,"+6.894",6894,,,14,"14",-4,false,,false,false
1107,2024,6,19,,"NC","18","lance-stroll","aston-martin","mercedes","pirelli",false,1,,,,,"+0 lap",,0,,,,,7,"7",,false,,false,false
1107,2024,6,20,,"NC","4","lando-norris","mclaren","mercedes","pirelli",false,0,,,,,"+0 lap",,0,,,,,9,"9",,false,,false,false
