"raceId","year","round","positionDisplayOrder","positionNumber","positionText","driverNumber","driverId","constructorId","engineManufacturerId","tyreManufacturerId","time","timeMillis","gap","gapMillis","interval","intervalMillis","laps"
714,2004,1,1,1,"1","1","michael-schumacher","ferrari","ferrari","bridgestone","1:25.093",85093,,,,,13
714,2004,1,2,2,"2","3","juan-pablo-montoya","williams","bmw","michelin","1:25.255",85255,"+0.162",162,"+0.162",162,9
714,2004,1,3,3,"3","4","ralf-schumacher","williams","bmw","michelin","1:25.628",85628,"+0.535",535,"+0.373",373,9
714,2004,1,4,4,"4","2","rubens-barrichello","ferrari","ferrari","bridgestone","1:25.649",85649,"+0.556",556,"+0.021",21,12
714,2004,1,5,5,"5","8","fernando-alonso","renault","renault","michelin","1:25.908",85908,"+0.815",815,"+0.259",259,11
714,2004,1,6,6,"6","17","olivier-panis","toyota","toyota","michelin","1:25.916",85916,"+0.823",823,"+0.008",8,14
714,2004,1,7,7,"7","7","jarno-trulli","renault","renault","michelin","1:25.927",85927,"+0.834",834,"+0.011",11,9
714,2004,1,8,8,"8","14","mark-webber","jaguar","cosworth","michelin","1:26.066",86066,"+0.973",973,"+0.139",139,11
714,2004,1,9,9,"9","6","kimi-raikkonen","mclaren","mercedes","michelin","1:26.127",86127,"+1.034",1034,"+0.061",61,8
714,2004,1,10,10,"10","5","david-coulthard","mclaren","mercedes","michelin","1:26.133",86133,"+1.040",1040,"+0.006",6,11
714,2004,1,11,11,"11","9","jenson-button","bar","honda","michelin","1:26.403",86403,"+1.310",1310,"+0.270",270,14
714,2004,1,12,12,"12","16","cristiano-da-matta","toyota","toyota","michelin","1:26.597",86597,"+1.504",1504,"+0.194",194,17
714,2004,1,13,13,"13","15","christian-klien","jaguar","cosworth","michelin","1:27.088",87088,"+1.995",1995,"+0.491",491,14
714,2004,1,14,14,"14","12","felipe-massa","sauber","petronas","bridgestone","1:27.172",87172,"+2.079",2079,"+0.084",84,13
714,2004,1,15,15,"15","11","giancarlo-fisichella","sauber","petronas","bridgestone","1:27.195",87195,"+2.102",2102,"+0.023",23,12
714,2004,1,16,16,"16","10","takuma-sato","bar","honda","michelin","1:27.592",87592,"+2.499",2499,"+0.397",397,9
714,2004,1,17,17,"17","18","nick-heidfeld","jordan","ford","bridgestone","1:27.755",87755,"+2.662",2662,"+0.163",163,14
714,2004,1,18,18,"18","19","giorgio-pantano","jordan","ford","bridgestone","1:28.825",88825,"+3.732",3732,"+1.070",1070,12
714,2004,1,19,19,"19","20","gianmaria-bruni","minardi","cosworth","bridgestone","1:30.496",90496,"+5.403",5403,"+1.671",1671,16
714,2004,1,20,20,"20","21","zsolt-baumgartner","minardi","cosworth","bridgestone","1:31.763",91763,"+6.670",6670,"+1.267",1267,13
715,2004,2,1,1,"1","1","michael-schumacher","ferrari","ferrari","bridgestone","1:33.526",93526,,,,,11
715,2004,2,2,2,"2","3","juan-pablo-montoya","williams","bmw","michelin","1:33.563",93563,"+0.037",37,"+0.037",37,8
715,2004,2,3,3,"3","4","ralf-schumacher","williams","bmw","michelin","1:33.973",93973,"+0.447",447,"+0.410",410,8
715,2004,2,4,4,"4","7","jarno-trulli","renault","renault","michelin","1:34.041",94041,"+0.515",515,"+0.068",68,12
715,2004,2,5,5,"5","2","rubens-barrichello","ferrari","ferrari","bridgestone","1:34.061",94061,"+0.535",535,"+0.020",20,9
715,2004,2,6,6,"6","9","jenson-button","bar","honda","michelin","1:34.128",94128,"+0.602",602,"+0.067",67,13
715,2004,2,7,7,"7","6","kimi-raikkonen","mclaren","mercedes","michelin","1:34.163",94163,"+0.637",637,"+0.035",35,10
715,2004,2,8,8,"8","5","david-coulthard","mclaren","mercedes","michelin","1:34.181",94181,"+0.655",655,"+0.018",18,10
715,2004,2,9,9,"9","8","fernando-alonso","renault","renault","michelin","1:34.194",94194,"+0.668",668,"+0.013",13,10
715,2004,2,10,10,"10","14","mark-webber","jaguar","cosworth","michelin","1:34.381",94381,"+0.855",855,"+0.187",187,12
715,2004,2,11,11,"11","17","olivier-panis","toyota","toyota","michelin","1:34.929",94929,"+1.403",1403,"+0.548",548,16
715,2004,2,12,12,"12","12","felipe-massa","sauber","petronas","bridgestone","1:34.943",94943,"+1.417",1417,"+0.014",14,5
715,2004,2,13,13,"13","15","christian-klien","jaguar","cosworth","michelin","1:34.953",94953,"+1.427",1427,"+0.010",10,16
715,2004,2,14,14,"14","11","giancarlo-fisichella","sauber","petronas","bridgestone","1:35.036",95036,"+1.510",1510,"+0.083",83,10
715,2004,2,15,15,"15","10","takuma-sato","bar","honda","michelin","1:35.144",95144,"+1.618",1618,"+0.108",108,13
715,2004,2,16,16,"16","16","cristiano-da-matta","toyota","toyota","michelin","1:35.441",95441,"+1.915",1915,"+0.297",297,15
715,2004,2,17,17,"17","18","nick-heidfeld","jordan","ford","bridgestone","1:36.607",96607,"+3.081",3081,"+1.166",1166,11
715,2004,2,18,18,"18","19","giorgio-pantano","jordan","ford","bridgestone","1:38.059",98059,"+4.533",4533,"+1.452",1452,12
715,2004,2,19,19,"19","20","gianmaria-bruni","minardi","cosworth","bridgestone","1:38.554",98554,"+5.028",5028,"+0.495",495,13
715,2004,2,20,20,"20","21","zsolt-baumgartner","minardi","cosworth","bridgestone","1:39.893",99893,"+6.367",6367,"+1.339",1339,13
716,2004,3,1,1,"1","9","jenson-button","bar","honda","michelin","1:29.552",89552,,,,,14
716,2004,3,2,2,"2","4","ralf-schumacher","williams","bmw","michelin","1:29.690",89690,"+0.138",138,"+0.138",138,9
716,2004,3,3,3,"3","3","juan-pablo-montoya","williams","bmw","michelin","1:29.696",89696,"+0.144",144,"+0.006",6,13
716,2004,3,4,4,"4","10","takuma-sato","bar","honda","michelin","1:30.239",90239,"+0.687",687,"+0.543",543,19
716,2004,3,5,5,"5","1","michael-schumacher","ferrari","ferrari","bridgestone","1:30.407",90407,"+0.855",855,"+0.168",168,11
716,2004,3,6,6,"6","7","jarno-trulli","renault","renault","michelin","1:30.472",90472,"+0.920",920,"+0.065",65,10
716,2004,3,7,7,"7","16","cristiano-da-matta","toyota","toyota","michelin","1:30.499",90499,"+0.947",947,"+0.027",27,12
716,2004,3,8,8,"8","2","rubens-barrichello","ferrari","ferrari","bridgestone","1:30.513",90513,"+0.961",961,"+0.014",14,11
716,2004,3,9,9,"9","8","fernando-alonso","renault","renault","michelin","1:30.774",90774,"+1.222",1222,"+0.261",261,12
716,2004,3,10,10,"10","17","olivier-panis","toyota","toyota","michelin","1:30.934",90934,"+1.382",1382,"+0.160",160,13
716,2004,3,11,11,"11","6","kimi-raikkonen","mclaren","mercedes","michelin","1:31.320",91320,"+1.768",1768,"+0.386",386,9
716,2004,3,12,12,"12","15","christian-klien","jaguar","cosworth","michelin","1:31.331",91331,"+1.779",1779,"+0.011",11,12
716,2004,3,13,13,"13","14","mark-webber","jaguar","cosworth","michelin","1:31.384",91384,"+1.832",1832,"+0.053",53,12
716,2004,3,14,14,"14","11","giancarlo-fisichella","sauber","petronas","bridgestone","1:32.433",92433,"+2.881",2881,"+1.049",1049,11
716,2004,3,15,15,"15","12","felipe-massa","sauber","petronas","bridgestone","1:32.557",92557,"+3.005",3005,"+0.124",124,12
716,2004,3,16,16,"16","18","nick-heidfeld","jordan","ford","bridgestone","1:32.816",92816,"+3.264",3264,"+0.259",259,12
716,2004,3,17,17,"17","19","giorgio-pantano","jordan","ford","bridgestone","1:33.342",93342,"+3.790",3790,"+0.526",526,7
716,2004,3,18,18,"18","20","gianmaria-bruni","minardi","cosworth","bridgestone","1:34.590",94590,"+5.038",5038,"+1.248",1248,11
716,2004,3,19,19,"19","21","zsolt-baumgartner","minardi","cosworth","bridgestone","1:35.901",95901,"+6.349",6349,"+1.311",1311,7
716,2004,3,20,20,"20","5","david-coulthard","mclaren","mercedes","michelin",,,,,,,4
717,2004,4,1,1,"1","1","michael-schumacher","ferrari","ferrari","bridgestone","1:20.125",80125,,,,,7
717,2004,4,2,2,"2","9","jenson-button","bar","honda","michelin","1:20.150",80150,"+0.025",25,"+0.025",25,15
717,2004,4,3,3,"3","8","fernando-alonso","renault","renault","michelin","1:20.844",80844,"+0.719",719,"+0.694",694,13
717,2004,4,4,4,"4","5","david-coulthard","mclaren","mercedes","michelin","1:20.844",80844,"+0.719",719,"+0.000",0,10
717,2004,4,5,5,"5","3","juan-pablo-montoya","williams","bmw","michelin","1:20.975",80975,"+0.850",850,"+0.131",131,7
717,2004,4,6,6,"6","2","rubens-barrichello","ferrari","ferrari","bridgestone","1:20.996",80996,"+0.871",871,"+0.021",21,10
717,2004,4,7,7,"7","10","takuma-sato","bar","honda","michelin","1:21.159",81159,"+1.034",1034,"+0.163",163,14
717,2004,4,8,8,"8","7","jarno-trulli","renault","renault","michelin","1:21.198",81198,"+1.073",1073,"+0.039",39,12
717,2004,4,9,9,"9","6","kimi-raikkonen","mclaren","mercedes","michelin","1:21.199",81199,"+1.074",1074,"+0.001",1,14
717,2004,4,10,10,"10","16","cristiano-da-matta","toyota","toyota","michelin","1:21.257",81257,"+1.132",1132,"+0.058",58,13
717,2004,4,11,11,"11","4","ralf-schumacher","williams","bmw","michelin","1:21.271",81271,"+1.146",1146,"+0.014",14,10
717,2004,4,12,12,"12","17","olivier-panis","toyota","toyota","michelin","1:21.296",81296,"+1.171",1171,"+0.025",25,12
717,2004,4,13,13,"13","14","mark-webber","jaguar","cosworth","michelin","1:21.393",81393,"+1.268",1268,"+0.097",97,16
717,2004,4,14,14,"14","11","giancarlo-fisichella","sauber","petronas","bridgestone","1:22.022",82022,"+1.897",1897,"+0.629",629,10
717,2004,4,15,15,"15","12","felipe-massa","sauber","petronas","bridgestone","1:22.077",82077,"+1.952",1952,"+0.055",55,8
717,2004,4,16,16,"16","15","christian-klien","jaguar","cosworth","michelin","1:23.222",83222,"+3.097",3097,"+1.145",1145,8
717,2004,4,17,17,"17","18","nick-heidfeld","jordan","ford","bridgestone","1:23.551",83551,"+3.426",3426,"+0.329",329,13
717,2004,4,18,18,"18","19","giorgio-pantano","jordan","ford","bridgestone","1:24.736",84736,"+4.611",4611,"+1.185",1185,7
717,2004,4,19,19,"19","20","gianmaria-bruni","minardi","cosworth","bridgestone","1:26.199",86199,"+6.074",6074,"+1.463",1463,10
717,2004,4,20,20,"20","21","zsolt-baumgartner","minardi","cosworth","bridgestone","1:27.451",87451,"+7.326",7326,"+1.252",1252,13
718,2004,5,1,1,"1","10","takuma-sato","bar","honda","michelin","1:14.836",74836,,,,,13
718,2004,5,2,2,"2","1","michael-schumacher","ferrari","ferrari","bridgestone","1:15.025",75025,"+0.189",189,"+0.189",189,11
718,2004,5,3,3,"3","3","juan-pablo-montoya","williams","bmw","michelin","1:15.232",75232,"+0.396",396,"+0.207",207,13
718,2004,5,4,4,"4","7","jarno-trulli","renault","renault","michelin","1:15.457",75457,"+0.621",621,"+0.225",225,15
718,2004,5,5,5,"5","2","rubens-barrichello","ferrari","ferrari","bridgestone","1:15.540",75540,"+0.704",704,"+0.083",83,12
718,2004,5,6,6,"6","9","jenson-button","bar","honda","michelin","1:15.627",75627,"+0.791",791,"+0.087",87,11
718,2004,5,7,7,"7","5","david-coulthard","mclaren","mercedes","michelin","1:15.768",75768,"+0.932",932,"+0.141",141,13
718,2004,5,8,8,"8","8","fernando-alonso","renault","renault","michelin","1:15.874",75874,"+1.038",1038,"+0.106",106,12
718,2004,5,9,9,"9","14","mark-webber","jaguar","cosworth","michelin","1:15.895",75895,"+1.059",1059,"+0.021",21,24
718,2004,5,10,10,"10","16","cristiano-da-matta","toyota","toyota","michelin","1:15.895",75895,"+1.059",1059,"+0.000",0,18
718,2004,5,11,11,"11","6","kimi-raikkonen","mclaren","mercedes","michelin","1:15.983",75983,"+1.147",1147,"+0.088",88,7
718,2004,5,12,12,"12","4","ralf-schumacher","williams","bmw","michelin","1:16.308",76308,"+1.472",1472,"+0.325",325,17
718,2004,5,13,13,"13","15","christian-klien","jaguar","cosworth","michelin","1:16.648",76648,"+1.812",1812,"+0.340",340,24
718,2004,5,14,14,"14","18","nick-heidfeld","jordan","ford","bridgestone","1:16.746",76746,"+1.910",1910,"+0.098",98,12
718,2004,5,15,15,"15","11","giancarlo-fisichella","sauber","petronas","bridgestone","1:17.145",77145,"+2.309",2309,"+0.399",399,12
718,2004,5,16,16,"16","12","felipe-massa","sauber","petronas","bridgestone","1:17.282",77282,"+2.446",2446,"+0.137",137,6
718,2004,5,17,17,"17","19","giorgio-pantano","jordan","ford","bridgestone","1:17.665",77665,"+2.829",2829,"+0.383",383,14
718,2004,5,18,18,"18","17","olivier-panis","toyota","toyota","michelin","1:18.392",78392,"+3.556",3556,"+0.727",727,5
718,2004,5,19,19,"19","21","zsolt-baumgartner","minardi","cosworth","bridgestone","1:20.449",80449,"+5.613",5613,"+2.057",2057,10
718,2004,5,20,20,"20","20","gianmaria-bruni","minardi","cosworth","bridgestone","1:21.005",81005,"+6.169",6169,"+0.556",556,6
719,2004,6,1,1,"1","1","michael-schumacher","ferrari","ferrari","bridgestone","1:14.014",74014,,,,,16
719,2004,6,2,2,"2","7","jarno-trulli","renault","renault","michelin","1:14.016",74016,"+0.002",2,"+0.002",2,19
719,2004,6,3,3,"3","10","takuma-sato","bar","honda","michelin","1:14.020",74020,"+0.006",6,"+0.004",4,22
719,2004,6,4,4,"4","8","fernando-alonso","renault","renault","michelin","1:14.138",74138,"+0.124",124,"+0.118",118,16
719,2004,6,5,5,"5","3","juan-pablo-montoya","williams","bmw","michelin","1:14.212",74212,"+0.198",198,"+0.074",74,12
719,2004,6,6,6,"6","9","jenson-button","bar","honda","michelin","1:14.646",74646,"+0.632",632,"+0.434",434,15
719,2004,6,7,7,"7","5","david-coulthard","mclaren","mercedes","michelin","1:14.670",74670,"+0.656",656,"+0.024",24,13
719,2004,6,8,8,"8","4","ralf-schumacher","williams","bmw","michelin","1:14.752",74752,"+0.738",738,"+0.082",82,15
719,2004,6,9,9,"9","6","kimi-raikkonen","mclaren","mercedes","michelin","1:15.034",75034,"+1.020",1020,"+0.282",282,18
719,2004,6,10,10,"10","2","rubens-barrichello","ferrari","ferrari","bridgestone","1:15.174",75174,"+1.160",1160,"+0.140",140,17
719,2004,6,11,11,"11","11","giancarlo-fisichella","sauber","petronas","bridgestone","1:15.709",75709,"+1.695",1695,"+0.535",535,14
719,2004,6,12,12,"12","16","cristiano-da-matta","toyota","toyota","michelin","1:15.861",75861,"+1.847",1847,"+0.152",152,25
719,2004,6,13,13,"13","15","christian-klien","jaguar","cosworth","michelin","1:16.101",76101,"+2.087",2087,"+0.240",240,22
719,2004,6,14,14,"14","12","felipe-massa","sauber","petronas","bridgestone","1:16.332",76332,"+2.318",2318,"+0.231",231,19
719,2004,6,15,15,"15","18","nick-heidfeld","jordan","ford","bridgestone","1:16.385",76385,"+2.371",2371,"+0.053",53,15
719,2004,6,16,16,"16","17","olivier-panis","toyota","toyota","michelin","1:16.431",76431,"+2.417",2417,"+0.046",46,15
719,2004,6,17,17,"17","19","giorgio-pantano","jordan","ford","bridgestone","1:16.700",76700,"+2.686",2686,"+0.269",269,19
719,2004,6,18,18,"18","14","mark-webber","jaguar","cosworth","michelin","1:17.173",77173,"+3.159",3159,"+0.473",473,4
719,2004,6,19,19,"19","21","zsolt-baumgartner","minardi","cosworth","bridgestone","1:19.467",79467,"+5.453",5453,"+2.294",2294,12
720,2004,7,1,1,"1","9","jenson-button","bar","honda","michelin","1:28.827",88827,,,,,13
720,2004,7,2,2,"2","1","michael-schumacher","ferrari","ferrari","bridgestone","1:29.064",89064,"+0.237",237,"+0.237",237,15
720,2004,7,3,3,"3","10","takuma-sato","bar","honda","michelin","1:29.127",89127,"+0.300",300,"+0.063",63,15
720,2004,7,4,4,"4","6","kimi-raikkonen","mclaren","mercedes","michelin","1:29.354",89354,"+0.527",527,"+0.227",227,12
720,2004,7,5,5,"5","2","rubens-barrichello","ferrari","ferrari","bridgestone","1:29.545",89545,"+0.718",718,"+0.191",191,13
720,2004,7,6,6,"6","8","fernando-alonso","renault","renault","michelin","1:29.555",89555,"+0.728",728,"+0.010",10,13
720,2004,7,7,7,"7","5","david-coulthard","mclaren","mercedes","michelin","1:29.955",89955,"+1.128",1128,"+0.400",400,14
720,2004,7,8,8,"8","4","ralf-schumacher","williams","bmw","michelin","1:30.176",90176,"+1.349",1349,"+0.221",221,9
720,2004,7,9,9,"9","17","olivier-panis","toyota","toyota","michelin","1:30.277",90277,"+1.450",1450,"+0.101",101,14
720,2004,7,10,10,"10","16","cristiano-da-matta","toyota","toyota","michelin","1:30.316",90316,"+1.489",1489,"+0.039",39,16
720,2004,7,11,11,"11","11","giancarlo-fisichella","sauber","petronas","bridgestone","1:30.519",90519,"+1.692",1692,"+0.203",203,13
720,2004,7,12,12,"12","14","mark-webber","jaguar","cosworth","michelin","1:30.867",90867,"+2.040",2040,"+0.348",348,18
720,2004,7,13,13,"13","7","jarno-trulli","renault","renault","michelin","1:30.986",90986,"+2.159",2159,"+0.119",119,11
720,2004,7,14,14,"14","15","christian-klien","jaguar","cosworth","michelin","1:31.061",91061,"+2.234",2234,"+0.075",75,15
720,2004,7,15,15,"15","12","felipe-massa","sauber","petronas","bridgestone","1:31.504",91504,"+2.677",2677,"+0.443",443,11
720,2004,7,16,16,"16","18","nick-heidfeld","jordan","ford","bridgestone","1:31.956",91956,"+3.129",3129,"+0.452",452,12
720,2004,7,17,17,"17","21","zsolt-baumgartner","minardi","cosworth","bridgestone","1:32.753",92753,"+3.926",3926,"+0.797",797,15
720,2004,7,18,18,"18","20","gianmaria-bruni","minardi","cosworth","bridgestone","1:32.894",92894,"+4.067",4067,"+0.141",141,15
720,2004,7,19,19,"19","19","giorgio-pantano","jordan","ford","bridgestone","1:33.383",93383,"+4.556",4556,"+0.489",489,13
720,2004,7,20,20,"20","3","juan-pablo-montoya","williams","bmw","michelin",,,,,,,10
721,2004,8,1,1,"1","7","jarno-trulli","renault","renault","michelin","1:12.629",72629,,,,,13
721,2004,8,2,2,"2","8","fernando-alonso","renault","renault","michelin","1:12.901",72901,"+0.272",272,"+0.272",272,14
721,2004,8,3,3,"3","9","jenson-button","bar","honda","michelin","1:13.026",73026,"+0.397",397,"+0.125",125,14
721,2004,8,4,4,"4","10","takuma-sato","bar","honda","michelin","1:13.235",73235,"+0.606",606,"+0.209",209,11
721,2004,8,5,5,"5","3","juan-pablo-montoya","williams","bmw","michelin","1:13.320",73320,"+0.691",691,"+0.085",85,14
721,2004,8,6,6,"6","1","michael-schumacher","ferrari","ferrari","bridgestone","1:13.420",73420,"+0.791",791,"+0.100",100,14
721,2004,8,7,7,"7","6","kimi-raikkonen","mclaren","mercedes","michelin","1:13.566",73566,"+0.937",937,"+0.146",146,14
721,2004,8,8,8,"8","5","david-coulthard","mclaren","mercedes","michelin","1:13.686",73686,"+1.057",1057,"+0.120",120,13
721,2004,8,9,9,"9","2","rubens-barrichello","ferrari","ferrari","bridgestone","1:13.904",73904,"+1.275",1275,"+0.218",218,10
721,2004,8,10,10,"10","15","christian-klien","jaguar","cosworth","michelin","1:14.340",74340,"+1.711",1711,"+0.436",436,20
721,2004,8,11,11,"11","16","cristiano-da-matta","toyota","toyota","michelin","1:14.521",74521,"+1.892",1892,"+0.181",181,24
721,2004,8,12,12,"12","4","ralf-schumacher","williams","bmw","michelin","1:14.697",74697,"+2.068",2068,"+0.176",176,16
721,2004,8,13,13,"13","14","mark-webber","jaguar","cosworth","michelin","1:14.835",74835,"+2.206",2206,"+0.138",138,29
721,2004,8,14,14,"14","11","giancarlo-fisichella","sauber","petronas","bridgestone","1:14.902",74902,"+2.273",2273,"+0.067",67,10
721,2004,8,15,15,"15","17","olivier-panis","toyota","toyota","michelin","1:14.916",74916,"+2.287",2287,"+0.014",14,16
721,2004,8,16,16,"16","12","felipe-massa","sauber","petronas","bridgestone","1:15.332",75332,"+2.703",2703,"+0.416",416,12
721,2004,8,17,17,"17","18","nick-heidfeld","jordan","ford","bridgestone","1:15.987",75987,"+3.358",3358,"+0.655",655,14
721,2004,8,18,18,"18","19","timo-glock","jordan","ford","bridgestone","1:16.417",76417,"+3.788",3788,"+0.430",430,17
721,2004,8,19,19,"19","21","zsolt-baumgartner","minardi","cosworth","bridgestone","1:16.579",76579,"+3.950",3950,"+0.162",162,17
721,2004,8,20,20,"20","20","gianmaria-bruni","minardi","cosworth","bridgestone","1:16.825",76825,"+4.196",4196,"+0.246",246,17
722,2004,9,1,1,"1","9","jenson-button","bar","honda","michelin","1:10.056",70056,,,,,17
722,2004,9,2,2,"2","1","michael-schumacher","ferrari","ferrari","bridgestone","1:10.199",70199,"+0.143",143,"+0.143",143,16
722,2004,9,3,3,"3","10","takuma-sato","bar","honda","michelin","1:10.251",70251,"+0.195",195,"+0.052",52,23
722,2004,9,4,4,"4","2","rubens-barrichello","ferrari","ferrari","bridgestone","1:10.351",70351,"+0.295",295,"+0.100",100,16
722,2004,9,5,5,"5","3","juan-pablo-montoya","williams","bmw","michelin","1:10.708",70708,"+0.652",652,"+0.357",357,13
722,2004,9,6,6,"6","8","fernando-alonso","renault","renault","michelin","1:10.749",70749,"+0.693",693,"+0.041",41,13
722,2004,9,7,7,"7","16","cristiano-da-matta","toyota","toyota","michelin","1:10.802",70802,"+0.746",746,"+0.053",53,19
722,2004,9,8,8,"8","4","ralf-schumacher","williams","bmw","michelin","1:10.820",70820,"+0.764",764,"+0.018",18,9
722,2004,9,9,9,"9","7","jarno-trulli","renault","renault","michelin","1:10.848",70848,"+0.792",792,"+0.028",28,13
722,2004,9,10,10,"10","6","kimi-raikkonen","mclaren","mercedes","michelin","1:11.222",71222,"+1.166",1166,"+0.374",374,14
722,2004,9,11,11,"11","17","olivier-panis","toyota","toyota","michelin","1:11.242",71242,"+1.186",1186,"+0.020",20,20
722,2004,9,12,12,"12","5","david-coulthard","mclaren","mercedes","michelin","1:11.395",71395,"+1.339",1339,"+0.153",153,13
722,2004,9,13,13,"13","15","christian-klien","jaguar","cosworth","michelin","1:11.992",71992,"+1.936",1936,"+0.597",597,20
722,2004,9,14,14,"14","18","nick-heidfeld","jordan","ford","bridgestone","1:12.524",72524,"+2.468",2468,"+0.532",532,16
722,2004,9,15,15,"15","14","mark-webber","jaguar","cosworth","michelin","1:12.590",72590,"+2.534",2534,"+0.066",66,14
722,2004,9,16,16,"16","19","giorgio-pantano","jordan","ford","bridgestone","1:12.603",72603,"+2.547",2547,"+0.013",13,9
722,2004,9,17,17,"17","11","giancarlo-fisichella","sauber","petronas","bridgestone","1:12.686",72686,"+2.630",2630,"+0.083",83,10
722,2004,9,18,18,"18","12","felipe-massa","sauber","petronas","bridgestone","1:12.861",72861,"+2.805",2805,"+0.175",175,9
722,2004,9,19,19,"19","21","zsolt-baumgartner","minardi","cosworth","bridgestone","1:13.869",73869,"+3.813",3813,"+1.008",1008,13
722,2004,9,20,20,"20","20","gianmaria-bruni","minardi","cosworth","bridgestone","1:13.915",73915,"+3.859",3859,"+0.046",46,14
723,2004,10,1,1,"1","6","kimi-raikkonen","mclaren","mercedes","michelin","1:14.513",74513,,,,,18
723,2004,10,2,2,"2","9","jenson-button","bar","honda","michelin","1:14.568",74568,"+0.055",55,"+0.055",55,14
723,2004,10,3,3,"3","1","michael-schumacher","ferrari","ferrari","bridgestone","1:14.571",74571,"+0.058",58,"+0.003",3,14
723,2004,10,4,4,"4","10","takuma-sato","bar","honda","michelin","1:14.711",74711,"+0.198",198,"+0.140",140,18
723,2004,10,5,5,"5","2","rubens-barrichello","ferrari","ferrari","bridgestone","1:14.817",74817,"+0.304",304,"+0.106",106,12
723,2004,10,6,6,"6","17","olivier-panis","toyota","toyota","michelin","1:14.833",74833,"+0.320",320,"+0.016",16,23
723,2004,10,7,7,"7","16","cristiano-da-matta","toyota","toyota","michelin","1:14.885",74885,"+0.372",372,"+0.052",52,22
723,2004,10,8,8,"8","5","david-coulthard","mclaren","mercedes","michelin","1:14.977",74977,"+0.464",464,"+0.092",92,7
723,2004,10,9,9,"9","7","jarno-trulli","renault","renault","michelin","1:15.033",75033,"+0.520",520,"+0.056",56,12
723,2004,10,10,10,"10","8","fernando-alonso","renault","renault","michelin","1:15.096",75096,"+0.583",583,"+0.063",63,15
723,2004,10,11,11,"11","4","marc-gene","williams","bmw","michelin","1:15.179",75179,"+0.666",666,"+0.083",83,10
723,2004,10,12,12,"12","14","mark-webber","jaguar","cosworth","michelin","1:15.350",75350,"+0.837",837,"+0.171",171,24
723,2004,10,13,13,"13","15","christian-klien","jaguar","cosworth","michelin","1:15.449",75449,"+0.936",936,"+0.099",99,22
723,2004,10,14,14,"14","12","felipe-massa","sauber","petronas","bridgestone","1:16.062",76062,"+1.549",1549,"+0.613",613,19
723,2004,10,15,15,"15","11","giancarlo-fisichella","sauber","petronas","bridgestone","1:16.161",76161,"+1.648",1648,"+0.099",99,9
723,2004,10,16,16,"16","21","zsolt-baumgartner","minardi","cosworth","bridgestone","1:16.861",76861,"+2.348",2348,"+0.700",700,15
723,2004,10,17,17,"17","19","giorgio-pantano","jordan","ford","bridgestone","1:17.104",77104,"+2.591",2591,"+0.243",243,12
723,2004,10,18,18,"18","18","nick-heidfeld","jordan","ford","bridgestone","1:17.162",77162,"+2.649",2649,"+0.058",58,15
723,2004,10,19,19,"19","20","gianmaria-bruni","minardi","cosworth","bridgestone","1:19.401",79401,"+4.888",4888,"+2.239",2239,8
723,2004,10,20,20,"20","3","juan-pablo-montoya","williams","bmw","michelin","1:21.458",81458,"+6.945",6945,"+2.057",2057,8
724,2004,11,1,1,"1","6","kimi-raikkonen","mclaren","mercedes","michelin","1:18.280",78280,,,,,14
724,2004,11,2,2,"2","9","jenson-button","bar","honda","michelin","1:18.414",78414,"+0.134",134,"+0.134",134,12
724,2004,11,3,3,"3","2","rubens-barrichello","ferrari","ferrari","bridgestone","1:18.623",78623,"+0.343",343,"+0.209",209,13
724,2004,11,4,4,"4","7","jarno-trulli","renault","renault","michelin","1:18.694",78694,"+0.414",414,"+0.071",71,14
724,2004,11,5,5,"5","4","marc-gene","williams","bmw","michelin","1:18.832",78832,"+0.552",552,"+0.138",138,10
724,2004,11,6,6,"6","3","juan-pablo-montoya","williams","bmw","michelin","1:18.912",78912,"+0.632",632,"+0.080",80,11
724,2004,11,7,7,"7","5","david-coulthard","mclaren","mercedes","michelin","1:18.919",78919,"+0.639",639,"+0.007",7,11
724,2004,11,8,8,"8","1","michael-schumacher","ferrari","ferrari","bridgestone","1:18.951",78951,"+0.671",671,"+0.032",32,8
724,2004,11,9,9,"9","8","fernando-alonso","renault","renault","michelin","1:19.169",79169,"+0.889",889,"+0.218",218,12
724,2004,11,10,10,"10","11","giancarlo-fisichella","sauber","petronas","bridgestone","1:19.895",79895,"+1.615",1615,"+0.726",726,10
724,2004,11,11,11,"11","16","cristiano-da-matta","toyota","toyota","michelin","1:20.183",80183,"+1.903",1903,"+0.288",288,19
724,2004,11,12,12,"12","12","felipe-massa","sauber","petronas","bridgestone","1:20.281",80281,"+2.001",2001,"+0.098",98,6
724,2004,11,13,13,"13","14","mark-webber","jaguar","cosworth","michelin","1:20.310",80310,"+2.030",2030,"+0.029",29,23
724,2004,11,14,14,"14","17","olivier-panis","toyota","toyota","michelin","1:20.531",80531,"+2.251",2251,"+0.221",221,16
724,2004,11,15,15,"15","18","nick-heidfeld","jordan","ford","bridgestone","1:20.726",80726,"+2.446",2446,"+0.195",195,12
724,2004,11,16,16,"16","10","takuma-sato","bar","honda","michelin","1:20.837",80837,"+2.557",2557,"+0.111",111,8
724,2004,11,17,17,"17","15","christian-klien","jaguar","cosworth","michelin","1:20.913",80913,"+2.633",2633,"+0.076",76,18
724,2004,11,18,18,"18","21","zsolt-baumgartner","minardi","cosworth","bridgestone","1:21.980",81980,"+3.700",3700,"+1.067",1067,15
724,2004,11,19,19,"19","19","giorgio-pantano","jordan","ford","bridgestone","1:22.014",82014,"+3.734",3734,"+0.034",34,11
724,2004,11,20,20,"20","20","gianmaria-bruni","minardi","cosworth","bridgestone","1:23.941",83941,"+5.661",5661,"+1.927",1927,12
725,2004,12,1,1,"1","9","jenson-button","bar","honda","michelin","1:13.676",73676,,,,,15
725,2004,12,2,2,"2","3","juan-pablo-montoya","williams","bmw","michelin","1:13.976",73976,"+0.300",300,"+0.300",300,11
725,2004,12,3,3,"3","5","david-coulthard","mclaren","mercedes","michelin","1:14.064",74064,"+0.388",388,"+0.088",88,11
725,2004,12,4,4,"4","6","kimi-raikkonen","mclaren","mercedes","michelin","1:14.100",74100,"+0.424",424,"+0.036",36,14
725,2004,12,5,5,"5","8","fernando-alonso","renault","renault","michelin","1:14.320",74320,"+0.644",644,"+0.220",220,12
725,2004,12,6,6,"6","2","rubens-barrichello","ferrari","ferrari","bridgestone","1:14.393",74393,"+0.717",717,"+0.073",73,12
725,2004,12,7,7,"7","1","michael-schumacher","ferrari","ferrari","bridgestone","1:14.459",74459,"+0.783",783,"+0.066",66,14
725,2004,12,8,8,"8","7","jarno-trulli","renault","renault","michelin","1:14.468",74468,"+0.792",792,"+0.009",9,15
725,2004,12,9,9,"9","4","antonio-pizzonia","williams","bmw","michelin","1:14.766",74766,"+1.090",1090,"+0.298",298,10
725,2004,12,10,10,"10","16","cristiano-da-matta","toyota","toyota","michelin","1:14.791",74791,"+1.115",1115,"+0.025",25,19
725,2004,12,11,11,"11","17","olivier-panis","toyota","toyota","michelin","1:14.953",74953,"+1.277",1277,"+0.162",162,16
725,2004,12,12,12,"12","14","mark-webber","jaguar","cosworth","michelin","1:15.000",75000,"+1.324",1324,"+0.047",47,25
725,2004,12,13,13,"13","15","christian-klien","jaguar","cosworth","michelin","1:15.481",75481,"+1.805",1805,"+0.481",481,20
725,2004,12,14,14,"14","11","giancarlo-fisichella","sauber","petronas","bridgestone","1:15.572",75572,"+1.896",1896,"+0.091",91,10
725,2004,12,15,15,"15","12","felipe-massa","sauber","petronas","bridgestone","1:15.588",75588,"+1.912",1912,"+0.016",16,10
725,2004,12,16,16,"16","18","nick-heidfeld","jordan","ford","bridgestone","1:16.832",76832,"+3.156",3156,"+1.244",1244,16
725,2004,12,17,17,"17","20","gianmaria-bruni","minardi","cosworth","bridgestone","1:18.227",78227,"+4.551",4551,"+1.395",1395,13
725,2004,12,18,18,"18","21","zsolt-baumgartner","minardi","cosworth","bridgestone","1:18.691",78691,"+5.015",5015,"+0.464",464,15
726,2004,13,1,1,"1","9","jenson-button","bar","honda","michelin","1:19.556",79556,,,,,15
726,2004,13,2,2,"2","1","michael-schumacher","ferrari","ferrari","bridgestone","1:19.747",79747,"+0.191",191,"+0.191",191,18
726,2004,13,3,3,"3","2","rubens-barrichello","ferrari","ferrari","bridgestone","1:19.768",79768,"+0.212",212,"+0.021",21,10
726,2004,13,4,4,"4","4","antonio-pizzonia","williams","bmw","michelin","1:19.913",79913,"+0.357",357,"+0.145",145,11
726,2004,13,5,5,"5","7","jarno-trulli","renault","renault","michelin","1:20.130",80130,"+0.574",574,"+0.217",217,10
726,2004,13,6,6,"6","10","takuma-sato","bar","honda","michelin","1:20.363",80363,"+0.807",807,"+0.233",233,20
726,2004,13,7,7,"7","8","fernando-alonso","renault","renault","michelin","1:20.363",80363,"+0.807",807,"+0.000",0,12
726,2004,13,8,8,"8","3","juan-pablo-montoya","williams","bmw","michelin","1:20.480",80480,"+0.924",924,"+0.117",117,15
726,2004,13,9,9,"9","16","ricardo-zonta","toyota","toyota","michelin","1:20.606",80606,"+1.050",1050,"+0.126",126,18
726,2004,13,10,10,"10","6","kimi-raikkonen","mclaren","mercedes","michelin","1:20.614",80614,"+1.058",1058,"+0.008",8,13
726,2004,13,11,11,"11","17","olivier-panis","toyota","toyota","michelin","1:20.689",80689,"+1.133",1133,"+0.075",75,12
726,2004,13,12,12,"12","5","david-coulthard","mclaren","mercedes","michelin","1:20.914",80914,"+1.358",1358,"+0.225",225,13
726,2004,13,13,13,"13","14","mark-webber","jaguar","cosworth","michelin","1:21.112",81112,"+1.556",1556,"+0.198",198,24
726,2004,13,14,14,"14","11","giancarlo-fisichella","sauber","petronas","bridgestone","1:21.165",81165,"+1.609",1609,"+0.053",53,12
726,2004,13,15,15,"15","15","christian-klien","jaguar","cosworth","michelin","1:21.390",81390,"+1.834",1834,"+0.225",225,22
726,2004,13,16,16,"16","18","nick-heidfeld","jordan","ford","bridgestone","1:21.712",81712,"+2.156",2156,"+0.322",322,14
726,2004,13,17,17,"17","12","felipe-massa","sauber","petronas","bridgestone","1:21.989",81989,"+2.433",2433,"+0.277",277,4
726,2004,13,18,18,"18","19","giorgio-pantano","jordan","ford","bridgestone","1:23.083",83083,"+3.527",3527,"+1.094",1094,12
726,2004,13,19,19,"19","20","gianmaria-bruni","minardi","cosworth","bridgestone","1:23.979",83979,"+4.423",4423,"+0.896",896,14
726,2004,13,20,20,"20","21","zsolt-baumgartner","minardi","cosworth","bridgestone","1:24.522",84522,"+4.966",4966,"+0.543",543,13
727,2004,14,1,1,"1","2","rubens-barrichello","ferrari","ferrari","bridgestone","1:57.085",117085,,,,,6
727,2004,14,2,2,"2","1","michael-schumacher","ferrari","ferrari","bridgestone","1:57.906",117906,"+0.821",821,"+0.821",821,6
727,2004,14,3,3,"3","6","kimi-raikkonen","mclaren","mercedes","michelin","1:57.975",117975,"+0.890",890,"+0.069",69,6
727,2004,14,4,4,"4","11","giancarlo-fisichella","sauber","petronas","bridgestone","1:58.138",118138,"+1.053",1053,"+0.163",163,4
727,2004,14,5,5,"5","5","david-coulthard","mclaren","mercedes","michelin","1:58.434",118434,"+1.349",1349,"+0.296",296,6
727,2004,14,6,6,"6","12","felipe-massa","sauber","petronas","bridgestone","1:58.864",118864,"+1.779",1779,"+0.430",430,5
727,2004,14,7,7,"7","9","jenson-button","bar","honda","michelin","1:59.182",119182,"+2.097",2097,"+0.318",318,6
727,2004,14,8,8,"8","7","jarno-trulli","renault","renault","michelin","1:59.519",119519,"+2.434",2434,"+0.337",337,6
727,2004,14,9,9,"9","10","takuma-sato","bar","honda","michelin","2:00.088",120088,"+3.003",3003,"+0.569",569,6
727,2004,14,10,10,"10","8","fernando-alonso","renault","renault","michelin","2:01.475",121475,"+4.390",4390,"+1.387",1387,5
727,2004,14,11,11,"11","16","ricardo-zonta","toyota","toyota","michelin","2:02.175",122175,"+5.090",5090,"+0.700",700,6
727,2004,14,12,12,"12","15","christian-klien","jaguar","cosworth","michelin","2:02.411",122411,"+5.326",5326,"+0.236",236,6
727,2004,14,13,13,"13","14","mark-webber","jaguar","cosworth","michelin","2:02.501",122501,"+5.416",5416,"+0.090",90,6
727,2004,14,14,14,"14","3","juan-pablo-montoya","williams","bmw","michelin","2:02.559",122559,"+5.474",5474,"+0.058",58,5
727,2004,14,15,15,"15","17","olivier-panis","toyota","toyota","michelin","2:02.592",122592,"+5.507",5507,"+0.033",33,6
727,2004,14,16,16,"16","18","nick-heidfeld","jordan","ford","bridgestone","2:03.556",123556,"+6.471",6471,"+0.964",964,5
727,2004,14,17,17,"17","19","giorgio-pantano","jordan","ford","bridgestone","2:04.131",124131,"+7.046",7046,"+0.575",575,6
727,2004,14,18,18,"18","20","gianmaria-bruni","minardi","cosworth","bridgestone","2:05.485",125485,"+8.400",8400,"+1.354",1354,4
727,2004,14,19,19,"19","4","antonio-pizzonia","williams","bmw","michelin","2:07.337",127337,"+10.252",10252,"+1.852",1852,4
727,2004,14,20,20,"20","21","zsolt-baumgartner","minardi","cosworth","bridgestone","2:09.428",129428,"+12.343",12343,"+2.091",2091,4
728,2004,15,1,1,"1","2","rubens-barrichello","ferrari","ferrari","bridgestone","1:20.555",80555,,,,,11
728,2004,15,2,2,"2","3","juan-pablo-montoya","williams","bmw","michelin","1:20.653",80653,"+0.098",98,"+0.098",98,11
728,2004,15,3,3,"3","9","jenson-button","bar","honda","michelin","1:20.734",80734,"+0.179",179,"+0.081",81,13
728,2004,15,4,4,"4","8","fernando-alonso","renault","renault","michelin","1:20.773",80773,"+0.218",218,"+0.039",39,11
728,2004,15,5,5,"5","10","takuma-sato","bar","honda","michelin","1:20.805",80805,"+0.250",250,"+0.032",32,11
728,2004,15,6,6,"6","6","kimi-raikkonen","mclaren","mercedes","michelin","1:20.856",80856,"+0.301",301,"+0.051",51,11
728,2004,15,7,7,"7","1","michael-schumacher","ferrari","ferrari","bridgestone","1:20.898",80898,"+0.343",343,"+0.042",42,10
728,2004,15,8,8,"8","4","antonio-pizzonia","williams","bmw","michelin","1:20.921",80921,"+0.366",366,"+0.023",23,10
728,2004,15,9,9,"9","5","david-coulthard","mclaren","mercedes","michelin","1:21.058",81058,"+0.503",503,"+0.137",137,11
728,2004,15,10,10,"10","7","jarno-trulli","renault","renault","michelin","1:21.506",81506,"+0.951",951,"+0.448",448,8
728,2004,15,11,11,"11","12","felipe-massa","sauber","petronas","bridgestone","1:21.859",81859,"+1.304",1304,"+0.353",353,14
728,2004,15,12,12,"12","17","olivier-panis","toyota","toyota","michelin","1:21.889",81889,"+1.334",1334,"+0.030",30,18
728,2004,15,13,13,"13","11","giancarlo-fisichella","sauber","petronas","bridgestone","1:21.929",81929,"+1.374",1374,"+0.040",40,9
728,2004,15,14,14,"14","16","ricardo-zonta","toyota","toyota","michelin","1:22.114",82114,"+1.559",1559,"+0.185",185,20
728,2004,15,15,15,"15","15","christian-klien","jaguar","cosworth","michelin","1:22.230",82230,"+1.675",1675,"+0.116",116,18
728,2004,15,16,16,"16","14","mark-webber","jaguar","cosworth","michelin","1:22.490",82490,"+1.935",1935,"+0.260",260,15
728,2004,15,17,17,"17","18","nick-heidfeld","jordan","ford","bridgestone","1:23.146",83146,"+2.591",2591,"+0.656",656,13
728,2004,15,18,18,"18","20","gianmaria-bruni","minardi","cosworth","bridgestone","1:23.794",83794,"+3.239",3239,"+0.648",648,14
728,2004,15,19,19,"19","19","giorgio-pantano","jordan","ford","bridgestone",,,,,,,2
728,2004,15,20,20,"20","21","zsolt-baumgartner","minardi","cosworth","bridgestone",,,,,,,2
729,2004,16,1,1,"1","1","michael-schumacher","ferrari","ferrari","bridgestone","1:33.448",93448,,,,,13
729,2004,16,2,2,"2","2","rubens-barrichello","ferrari","ferrari","bridgestone","1:33.796",93796,"+0.348",348,"+0.348",348,12
729,2004,16,3,3,"3","6","kimi-raikkonen","mclaren","mercedes","michelin","1:34.042",94042,"+0.594",594,"+0.246",246,11
729,2004,16,4,4,"4","9","jenson-button","bar","honda","michelin","1:34.233",94233,"+0.785",785,"+0.191",191,15
729,2004,16,5,5,"5","11","giancarlo-fisichella","sauber","petronas","bridgestone","1:34.286",94286,"+0.838",838,"+0.053",53,10
729,2004,16,6,6,"6","18","nick-heidfeld","jordan","ford","bridgestone","1:34.404",94404,"+0.956",956,"+0.118",118,12
729,2004,16,7,7,"7","3","juan-pablo-montoya","williams","bmw","michelin","1:34.458",94458,"+1.010",1010,"+0.054",54,12
729,2004,16,8,8,"8","5","david-coulthard","mclaren","mercedes","michelin","1:34.470",94470,"+1.022",1022,"+0.012",12,10
729,2004,16,9,9,"9","16","ricardo-zonta","toyota","toyota","michelin","1:34.518",94518,"+1.070",1070,"+0.048",48,19
729,2004,16,10,10,"10","12","felipe-massa","sauber","petronas","bridgestone","1:34.607",94607,"+1.159",1159,"+0.089",89,12
729,2004,16,11,11,"11","8","fernando-alonso","renault","renault","michelin","1:34.627",94627,"+1.179",1179,"+0.020",20,12
729,2004,16,12,12,"12","4","ralf-schumacher","williams","bmw","michelin","1:34.769",94769,"+1.321",1321,"+0.142",142,9
729,2004,16,13,13,"13","10","takuma-sato","bar","honda","michelin","1:35.155",95155,"+1.707",1707,"+0.386",386,16
729,2004,16,14,14,"14","17","olivier-panis","toyota","toyota","michelin","1:35.211",95211,"+1.763",1763,"+0.056",56,14
729,2004,16,15,15,"15","7","jacques-villeneuve","renault","renault","michelin","1:35.309",95309,"+1.861",1861,"+0.098",98,12
729,2004,16,16,16,"16","14","mark-webber","jaguar","cosworth","michelin","1:35.354",95354,"+1.906",1906,"+0.045",45,20
729,2004,16,17,17,"17","15","christian-klien","jaguar","cosworth","michelin","1:35.869",95869,"+2.421",2421,"+0.515",515,17
729,2004,16,18,18,"18","20","gianmaria-bruni","minardi","cosworth","bridgestone","1:36.748",96748,"+3.300",3300,"+0.879",879,10
729,2004,16,19,19,"19","19","timo-glock","jordan","ford","bridgestone","1:37.158",97158,"+3.710",3710,"+0.410",410,14
729,2004,16,20,20,"20","21","zsolt-baumgartner","minardi","cosworth","bridgestone","1:38.014",98014,"+4.566",4566,"+0.856",856,9
731,2004,18,1,1,"1","2","rubens-barrichello","ferrari","ferrari","bridgestone","1:10.229",70229,,,,,15
731,2004,18,2,2,"2","1","michael-schumacher","ferrari","ferrari","bridgestone","1:10.352",70352,"+0.123",123,"+0.123",123,15
731,2004,18,3,3,"3","6","kimi-raikkonen","mclaren","mercedes","michelin","1:10.385",70385,"+0.156",156,"+0.033",33,15
731,2004,18,4,4,"4","5","david-coulthard","mclaren","mercedes","michelin","1:10.413",70413,"+0.184",184,"+0.028",28,11
731,2004,18,5,5,"5","9","jenson-button","bar","honda","michelin","1:10.480",70480,"+0.251",251,"+0.067",67,16
731,2004,18,6,6,"6","8","fernando-alonso","renault","renault","michelin","1:10.683",70683,"+0.454",454,"+0.203",203,11
731,2004,18,7,7,"7","4","ralf-schumacher","williams","bmw","michelin","1:10.997",70997,"+0.768",768,"+0.314",314,9
731,2004,18,8,8,"8","10","takuma-sato","bar","honda","michelin","1:11.127",71127,"+0.898",898,"+0.130",130,18
731,2004,18,9,9,"9","14","mark-webber","jaguar","cosworth","michelin","1:11.130",71130,"+0.901",901,"+0.003",3,23
731,2004,18,10,10,"10","12","felipe-massa","sauber","petronas","bridgestone","1:11.142",71142,"+0.913",913,"+0.012",12,10
731,2004,18,11,11,"11","3","juan-pablo-montoya","williams","bmw","michelin","1:11.157",71157,"+0.928",928,"+0.015",15,12
731,2004,18,12,12,"12","7","jacques-villeneuve","renault","renault","michelin","1:11.321",71321,"+1.092",1092,"+0.164",164,18
731,2004,18,13,13,"13","11","giancarlo-fisichella","sauber","petronas","bridgestone","1:11.425",71425,"+1.196",1196,"+0.104",104,5
731,2004,18,14,14,"14","17","ricardo-zonta","toyota","toyota","michelin","1:11.688",71688,"+1.459",1459,"+0.263",263,16
731,2004,18,15,15,"15","16","jarno-trulli","toyota","toyota","michelin","1:11.711",71711,"+1.482",1482,"+0.023",23,15
731,2004,18,16,16,"16","15","christian-klien","jaguar","cosworth","michelin","1:12.248",72248,"+2.019",2019,"+0.537",537,21
731,2004,18,17,17,"17","18","nick-heidfeld","jordan","ford","bridgestone","1:12.299",72299,"+2.070",2070,"+0.051",51,12
731,2004,18,18,18,"18","21","zsolt-baumgartner","minardi","cosworth","bridgestone","1:12.990",72990,"+2.761",2761,"+0.691",691,17
731,2004,18,19,19,"19","19","timo-glock","jordan","ford","bridgestone","1:13.818",73818,"+3.589",3589,"+0.828",828,17
731,2004,18,20,20,"20","20","gianmaria-bruni","minardi","cosworth","bridgestone","1:14.411",74411,"+4.182",4182,"+0.593",593,16
732,2005,1,1,1,"1","9","kimi-raikkonen","mclaren","mercedes","michelin","1:27.297",87297,,,,,11
732,2005,1,2,2,"2","5","fernando-alonso","renault","renault","michelin","1:27.409",87409,"+0.112",112,"+0.112",112,14
732,2005,1,3,3,"3","10","juan-pablo-montoya","mclaren","mercedes","michelin","1:28.256",88256,"+0.959",959,"+0.847",847,11
732,2005,1,4,4,"4","6","giancarlo-fisichella","renault","renault","michelin","1:28.571",88571,"+1.274",1274,"+0.315",315,13
732,2005,1,5,5,"5","3","jenson-button","bar","honda","michelin","1:29.577",89577,"+2.280",2280,"+1.006",1006,11
732,2005,1,6,6,"6","7","mark-webber","williams","bmw","michelin","1:30.299",90299,"+3.002",3002,"+0.722",722,10
732,2005,1,7,7,"7","1","michael-schumacher","ferrari","ferrari","bridgestone","1:30.533",90533,"+3.236",3236,"+0.234",234,7
732,2005,1,8,8,"8","4","takuma-sato","bar","honda","michelin","1:30.554",90554,"+3.257",3257,"+0.021",21,14
732,2005,1,9,9,"9","14","david-coulthard","red-bull","cosworth","michelin","1:30.645",90645,"+3.348",3348,"+0.091",91,14
732,2005,1,10,10,"10","2","rubens-barrichello","ferrari","ferrari","bridgestone","1:30.715",90715,"+3.418",3418,"+0.070",70,7
732,2005,1,11,11,"11","8","nick-heidfeld","williams","bmw","michelin","1:31.375",91375,"+4.078",4078,"+0.660",660,7
732,2005,1,12,12,"12","15","christian-klien","red-bull","cosworth","michelin","1:31.671",91671,"+4.374",4374,"+0.296",296,14
732,2005,1,13,13,"13","16","jarno-trulli","toyota","toyota","michelin","1:31.701",91701,"+4.404",4404,"+0.030",30,18
732,2005,1,14,14,"14","12","felipe-massa","sauber","petronas","michelin","1:31.736",91736,"+4.439",4439,"+0.035",35,14
732,2005,1,15,15,"15","11","jacques-villeneuve","sauber","petronas","michelin","1:34.031",94031,"+6.734",6734,"+2.295",2295,14
732,2005,1,16,16,"16","17","ralf-schumacher","toyota","toyota","michelin","1:34.924",94924,"+7.627",7627,"+0.893",893,10
732,2005,1,17,17,"17","21","christijan-albers","minardi","cosworth","bridgestone","1:35.975",95975,"+8.678",8678,"+1.051",1051,113
732,2005,1,18,18,"18","20","patrick-friesacher","minardi","cosworth","bridgestone","1:40.045",100045,"+12.748",12748,"+4.070",4070,7
732,2005,1,19,19,"19","18","tiago-monteiro","jordan","toyota","bridgestone","1:40.802",100802,"+13.505",13505,"+0.757",757,9
732,2005,1,20,20,"20","19","narain-karthikeyan","jordan","toyota","bridgestone","1:40.822",100822,"+13.525",13525,"+0.020",20,6
733,2005,2,1,1,"1","16","jarno-trulli","toyota","toyota","michelin","1:32.832",92832,,,,,12
733,2005,2,2,2,"2","15","christian-klien","red-bull","cosworth","michelin","1:32.870",92870,"+0.038",38,"+0.038",38,9
733,2005,2,3,3,"3","5","fernando-alonso","renault","renault","michelin","1:32.880",92880,"+0.048",48,"+0.010",10,11
733,2005,2,4,4,"4","17","ralf-schumacher","toyota","toyota","michelin","1:32.951",92951,"+0.119",119,"+0.071",71,11
733,2005,2,5,5,"5","14","david-coulthard","red-bull","cosworth","michelin","1:33.092",93092,"+0.260",260,"+0.141",141,10
733,2005,2,6,6,"6","6","giancarlo-fisichella","renault","renault","michelin","1:33.194",93194,"+0.362",362,"+0.102",102,8
733,2005,2,7,7,"7","9","kimi-raikkonen","mclaren","mercedes","michelin","1:33.349",93349,"+0.517",517,"+0.155",155,12
733,2005,2,8,8,"8","8","nick-heidfeld","williams","bmw","michelin","1:33.468",93468,"+0.636",636,"+0.119",119,5
733,2005,2,9,9,"9","7","mark-webber","williams","bmw","michelin","1:33.517",93517,"+0.685",685,"+0.049",49,10
733,2005,2,10,10,"10","4","anthony-davidson","bar","honda","michelin","1:33.580",93580,"+0.748",748,"+0.063",63,15
733,2005,2,11,11,"11","10","juan-pablo-montoya","mclaren","mercedes","michelin","1:33.689",93689,"+0.857",857,"+0.109",109,10
733,2005,2,12,12,"12","2","rubens-barrichello","ferrari","ferrari","bridgestone","1:33.943",93943,"+1.111",1111,"+0.254",254,11
733,2005,2,13,13,"13","12","felipe-massa","sauber","petronas","michelin","1:34.002",94002,"+1.170",1170,"+0.059",59,10
733,2005,2,14,14,"14","1","michael-schumacher","ferrari","ferrari","bridgestone","1:34.102",94102,"+1.270",1270,"+0.100",100,10
733,2005,2,15,15,"15","11","jacques-villeneuve","sauber","petronas","michelin","1:35.532",95532,"+2.700",2700,"+1.430",1430,9
733,2005,2,16,16,"16","18","tiago-monteiro","jordan","toyota","bridgestone","1:37.824",97824,"+4.992",4992,"+2.292",2292,10
733,2005,2,17,17,"17","19","narain-karthikeyan","jordan","toyota","bridgestone","1:38.126",98126,"+5.294",5294,"+0.302",302,8
733,2005,2,18,18,"18","21","christijan-albers","minardi","cosworth","bridgestone","1:38.673",98673,"+5.841",5841,"+0.547",547,12
733,2005,2,19,19,"19","20","patrick-friesacher","minardi","cosworth","bridgestone","1:38.974",98974,"+6.142",6142,"+0.301",301,12
734,2005,3,1,1,"1","7","mark-webber","williams","bmw","michelin","1:29.527",89527,,,,,10
734,2005,3,2,2,"2","17","ralf-schumacher","toyota","toyota","michelin","1:29.711",89711,"+0.184",184,"+0.184",184,12
734,2005,3,3,3,"3","6","giancarlo-fisichella","renault","renault","michelin","1:29.738",89738,"+0.211",211,"+0.027",27,15
734,2005,3,4,4,"4","16","jarno-trulli","toyota","toyota","michelin","1:29.798",89798,"+0.271",271,"+0.060",60,12
734,2005,3,5,5,"5","9","kimi-raikkonen","mclaren","mercedes","michelin","1:29.810",89810,"+0.283",283,"+0.012",12,10
734,2005,3,6,6,"6","5","fernando-alonso","renault","renault","michelin","1:29.825",89825,"+0.298",298,"+0.015",15,12
734,2005,3,7,7,"7","10","pedro-de-la-rosa","mclaren","mercedes","michelin","1:29.864",89864,"+0.337",337,"+0.039",39,10
734,2005,3,8,8,"8","15","christian-klien","red-bull","cosworth","michelin","1:29.896",89896,"+0.369",369,"+0.032",32,11
734,2005,3,9,9,"9","1","michael-schumacher","ferrari","ferrari","bridgestone","1:30.080",90080,"+0.553",553,"+0.184",184,8
734,2005,3,10,10,"10","8","nick-heidfeld","williams","bmw","michelin","1:30.290",90290,"+0.763",763,"+0.210",210,6
734,2005,3,11,11,"11","3","jenson-button","bar","honda","michelin","1:30.324",90324,"+0.797",797,"+0.034",34,12
734,2005,3,12,12,"12","14","david-coulthard","red-bull","cosworth","michelin","1:30.558",90558,"+1.031",1031,"+0.234",234,11
734,2005,3,13,13,"13","4","takuma-sato","bar","honda","michelin","1:30.902",90902,"+1.375",1375,"+0.344",344,15
734,2005,3,14,14,"14","12","felipe-massa","sauber","petronas","michelin","1:31.001",91001,"+1.474",1474,"+0.099",99,11
734,2005,3,15,15,"15","11","jacques-villeneuve","sauber","petronas","michelin","1:31.126",91126,"+1.599",1599,"+0.125",125,12
734,2005,3,16,16,"16","19","narain-karthikeyan","jordan","toyota","bridgestone","1:32.498",92498,"+2.971",2971,"+1.372",1372,10
734,2005,3,17,17,"17","18","tiago-monteiro","jordan","toyota","bridgestone","1:32.686",92686,"+3.159",3159,"+0.188",188,12
734,2005,3,18,18,"18","21","christijan-albers","minardi","cosworth","bridgestone","1:33.715",93715,"+4.188",4188,"+1.029",1029,12
734,2005,3,19,19,"19","20","patrick-friesacher","minardi","cosworth","bridgestone","1:34.409",94409,"+4.882",4882,"+0.694",694,12
735,2005,4,1,1,"1","3","jenson-button","bar","honda","michelin","1:20.058",80058,,,,,16
735,2005,4,2,2,"2","5","fernando-alonso","renault","renault","michelin","1:20.114",80114,"+0.056",56,"+0.056",56,8
735,2005,4,3,3,"3","9","kimi-raikkonen","mclaren","mercedes","michelin","1:20.209",80209,"+0.151",151,"+0.095",95,10
735,2005,4,4,4,"4","1","michael-schumacher","ferrari","ferrari","bridgestone","1:20.318",80318,"+0.260",260,"+0.109",109,13
735,2005,4,5,5,"5","6","giancarlo-fisichella","renault","renault","michelin","1:20.351",80351,"+0.293",293,"+0.033",33,18
735,2005,4,6,6,"6","10","alexander-wurz","mclaren","mercedes","michelin","1:20.358",80358,"+0.300",300,"+0.007",7,11
735,2005,4,7,7,"7","7","mark-webber","williams","bmw","michelin","1:20.424",80424,"+0.366",366,"+0.066",66,6
735,2005,4,8,8,"8","8","nick-heidfeld","williams","bmw","michelin","1:20.431",80431,"+0.373",373,"+0.007",7,6
735,2005,4,9,9,"9","4","takuma-sato","bar","honda","michelin","1:20.450",80450,"+0.392",392,"+0.019",19,17
735,2005,4,10,10,"10","12","felipe-massa","sauber","petronas","michelin","1:20.506",80506,"+0.448",448,"+0.056",56,11
735,2005,4,11,11,"11","17","ralf-schumacher","toyota","toyota","michelin","1:20.802",80802,"+0.744",744,"+0.296",296,11
735,2005,4,12,12,"12","2","rubens-barrichello","ferrari","ferrari","bridgestone","1:20.851",80851,"+0.793",793,"+0.049",49,12
735,2005,4,13,13,"13","16","jarno-trulli","toyota","toyota","michelin","1:21.105",81105,"+1.047",1047,"+0.254",254,14
735,2005,4,14,14,"14","14","david-coulthard","red-bull","cosworth","michelin","1:21.136",81136,"+1.078",1078,"+0.031",31,12
735,2005,4,15,15,"15","11","jacques-villeneuve","sauber","petronas","michelin","1:21.543",81543,"+1.485",1485,"+0.407",407,11
735,2005,4,16,16,"16","15","vitantonio-liuzzi","red-bull","cosworth","michelin","1:22.188",82188,"+2.130",2130,"+0.645",645,13
735,2005,4,17,17,"17","19","narain-karthikeyan","jordan","toyota","bridgestone","1:22.964",82964,"+2.906",2906,"+0.776",776,8
735,2005,4,18,18,"18","18","tiago-monteiro","jordan","toyota","bridgestone","1:24.910",84910,"+4.852",4852,"+1.946",1946,5
736,2005,5,1,1,"1","17","ralf-schumacher","toyota","toyota","michelin","1:14.280",74280,,,,,13
736,2005,5,2,2,"2","9","kimi-raikkonen","mclaren","mercedes","michelin","1:14.462",74462,"+0.182",182,"+0.182",182,11
736,2005,5,3,3,"3","10","juan-pablo-montoya","mclaren","mercedes","michelin","1:14.672",74672,"+0.392",392,"+0.210",210,12
736,2005,5,4,4,"4","7","mark-webber","williams","bmw","michelin","1:14.689",74689,"+0.409",409,"+0.017",17,11
736,2005,5,5,5,"5","5","fernando-alonso","renault","renault","michelin","1:15.030",75030,"+0.750",750,"+0.341",341,9
736,2005,5,6,6,"6","6","giancarlo-fisichella","renault","renault","michelin","1:15.048",75048,"+0.768",768,"+0.018",18,19
736,2005,5,7,7,"7","16","jarno-trulli","toyota","toyota","michelin","1:15.087",75087,"+0.807",807,"+0.039",39,13
736,2005,5,8,8,"8","8","nick-heidfeld","williams","bmw","michelin","1:15.253",75253,"+0.973",973,"+0.166",166,6
736,2005,5,9,9,"9","14","david-coulthard","red-bull","cosworth","michelin","1:15.339",75339,"+1.059",1059,"+0.086",86,15
736,2005,5,10,10,"10","2","rubens-barrichello","ferrari","ferrari","bridgestone","1:15.374",75374,"+1.094",1094,"+0.035",35,12
736,2005,5,11,11,"11","1","michael-schumacher","ferrari","ferrari","bridgestone","1:15.378",75378,"+1.098",1098,"+0.004",4,12
736,2005,5,12,12,"12","12","felipe-massa","sauber","petronas","michelin","1:15.511",75511,"+1.231",1231,"+0.133",133,16
736,2005,5,13,13,"13","15","vitantonio-liuzzi","red-bull","cosworth","michelin","1:15.546",75546,"+1.266",1266,"+0.035",35,14
736,2005,5,14,14,"14","11","jacques-villeneuve","sauber","petronas","michelin","1:16.291",76291,"+2.011",2011,"+0.745",745,11
736,2005,5,15,15,"15","19","narain-karthikeyan","jordan","toyota","bridgestone","1:17.569",77569,"+3.289",3289,"+1.278",1278,14
736,2005,5,16,16,"16","18","tiago-monteiro","jordan","toyota","bridgestone","1:17.848",77848,"+3.568",3568,"+0.279",279,12
736,2005,5,17,17,"17","21","christijan-albers","minardi","cosworth","bridgestone","1:19.031",79031,"+4.751",4751,"+1.183",1183,14
736,2005,5,18,18,"18","20","patrick-friesacher","minardi","cosworth","bridgestone","1:19.296",79296,"+5.016",5016,"+0.265",265,14
737,2005,6,1,1,"1","6","giancarlo-fisichella","renault","renault","michelin","1:13.988",73988,,,,,18
737,2005,6,2,2,"2","5","fernando-alonso","renault","renault","michelin","1:14.047",74047,"+0.059",59,"+0.059",59,14
737,2005,6,3,3,"3","9","kimi-raikkonen","mclaren","mercedes","michelin","1:14.258",74258,"+0.270",270,"+0.211",211,10
737,2005,6,4,4,"4","16","jarno-trulli","toyota","toyota","michelin","1:14.322",74322,"+0.334",334,"+0.064",64,11
737,2005,6,5,5,"5","7","mark-webber","williams","bmw","michelin","1:14.418",74418,"+0.430",430,"+0.096",96,10
737,2005,6,6,6,"6","17","ralf-schumacher","toyota","toyota","michelin","1:14.459",74459,"+0.471",471,"+0.041",41,10
737,2005,6,7,7,"7","10","juan-pablo-montoya","mclaren","mercedes","michelin","1:14.543",74543,"+0.555",555,"+0.084",84,7
737,2005,6,8,8,"8","14","david-coulthard","red-bull","cosworth","michelin","1:14.582",74582,"+0.594",594,"+0.039",39,16
737,2005,6,9,9,"9","1","michael-schumacher","ferrari","ferrari","bridgestone","1:14.961",74961,"+0.973",973,"+0.379",379,14
737,2005,6,10,10,"10","15","vitantonio-liuzzi","red-bull","cosworth","michelin","1:14.998",74998,"+1.010",1010,"+0.037",37,16
737,2005,6,11,11,"11","8","nick-heidfeld","williams","bmw","michelin","1:15.196",75196,"+1.208",1208,"+0.198",198,10
737,2005,6,12,12,"12","2","rubens-barrichello","ferrari","ferrari","bridgestone","1:15.637",75637,"+1.649",1649,"+0.441",441,8
737,2005,6,13,13,"13","12","felipe-massa","sauber","petronas","michelin","1:16.123",76123,"+2.135",2135,"+0.486",486,17
737,2005,6,14,14,"14","11","jacques-villeneuve","sauber","petronas","michelin","1:16.148",76148,"+2.160",2160,"+0.025",25,10
737,2005,6,15,15,"15","20","patrick-friesacher","minardi","cosworth","bridgestone","1:18.506",78506,"+4.518",4518,"+2.358",2358,12
737,2005,6,16,16,"16","18","tiago-monteiro","jordan","toyota","bridgestone","1:19.034",79034,"+5.046",5046,"+0.528",528,7
737,2005,6,17,17,"17","19","narain-karthikeyan","jordan","toyota","bridgestone","1:19.606",79606,"+5.618",5618,"+0.572",572,10
737,2005,6,18,18,"18","21","christijan-albers","minardi","cosworth","bridgestone","1:19.700",79700,"+5.712",5712,"+0.094",94,10
738,2005,7,1,1,"1","9","kimi-raikkonen","mclaren","mercedes","michelin","1:29.680",89680,,,,,11
738,2005,7,2,2,"2","10","juan-pablo-montoya","mclaren","mercedes","michelin","1:29.789",89789,"+0.109",109,"+0.109",109,13
738,2005,7,3,3,"3","5","fernando-alonso","renault","renault","michelin","1:29.987",89987,"+0.307",307,"+0.198",198,15
738,2005,7,4,4,"4","6","giancarlo-fisichella","renault","renault","michelin","1:30.071",90071,"+0.391",391,"+0.084",84,14
738,2005,7,5,5,"5","16","jarno-trulli","toyota","toyota","michelin","1:30.552",90552,"+0.872",872,"+0.481",481,12
738,2005,7,6,6,"6","8","nick-heidfeld","williams","bmw","michelin","1:30.559",90559,"+0.879",879,"+0.007",7,9
738,2005,7,7,7,"7","4","takuma-sato","bar","honda","michelin","1:30.645",90645,"+0.965",965,"+0.086",86,12
738,2005,7,8,8,"8","17","ralf-schumacher","toyota","toyota","michelin","1:30.692",90692,"+1.012",1012,"+0.047",47,14
738,2005,7,9,9,"9","3","jenson-button","bar","honda","michelin","1:30.773",90773,"+1.093",1093,"+0.081",81,13
738,2005,7,10,10,"10","1","michael-schumacher","ferrari","ferrari","bridgestone","1:31.026",91026,"+1.346",1346,"+0.253",253,14
738,2005,7,11,11,"11","2","rubens-barrichello","ferrari","ferrari","bridgestone","1:31.449",91449,"+1.769",1769,"+0.423",423,10
738,2005,7,12,12,"12","15","vitantonio-liuzzi","red-bull","cosworth","michelin","1:31.572",91572,"+1.892",1892,"+0.123",123,17
738,2005,7,13,13,"13","7","mark-webber","williams","bmw","michelin","1:32.054",92054,"+2.374",2374,"+0.482",482,9
738,2005,7,14,14,"14","12","felipe-massa","sauber","petronas","michelin","1:32.079",92079,"+2.399",2399,"+0.025",25,11
738,2005,7,15,15,"15","14","david-coulthard","red-bull","cosworth","michelin","1:32.172",92172,"+2.492",2492,"+0.093",93,14
738,2005,7,16,16,"16","11","jacques-villeneuve","sauber","petronas","michelin","1:33.140",93140,"+3.460",3460,"+0.968",968,14
738,2005,7,17,17,"17","21","christijan-albers","minardi","cosworth","bridgestone","1:33.977",93977,"+4.297",4297,"+0.837",837,16
738,2005,7,18,18,"18","18","tiago-monteiro","jordan","toyota","bridgestone","1:34.527",94527,"+4.847",4847,"+0.550",550,17
738,2005,7,19,19,"19","19","narain-karthikeyan","jordan","toyota","bridgestone","1:34.640",94640,"+4.960",4960,"+0.113",113,12
738,2005,7,20,20,"20","20","patrick-friesacher","minardi","cosworth","bridgestone","1:35.087",95087,"+5.407",5407,"+0.447",447,14
739,2005,8,1,1,"1","9","kimi-raikkonen","mclaren","mercedes","michelin","1:14.232",74232,,,,,12
739,2005,8,2,2,"2","5","fernando-alonso","renault","renault","michelin","1:14.670",74670,"+0.438",438,"+0.438",438,15
739,2005,8,3,3,"3","10","juan-pablo-montoya","mclaren","mercedes","michelin","1:14.745",74745,"+0.513",513,"+0.075",75,13
739,2005,8,4,4,"4","6","giancarlo-fisichella","renault","renault","michelin","1:14.746",74746,"+0.514",514,"+0.001",1,19
739,2005,8,5,5,"5","4","takuma-sato","bar","honda","michelin","1:14.883",74883,"+0.651",651,"+0.137",137,16
739,2005,8,6,6,"6","17","ralf-schumacher","toyota","toyota","michelin","1:15.280",75280,"+1.048",1048,"+0.397",397,12
739,2005,8,7,7,"7","3","jenson-button","bar","honda","michelin","1:15.282",75282,"+1.050",1050,"+0.002",2,13
739,2005,8,8,8,"8","1","michael-schumacher","ferrari","ferrari","bridgestone","1:15.316",75316,"+1.084",1084,"+0.034",34,13
739,2005,8,9,9,"9","8","nick-heidfeld","williams","bmw","michelin","1:15.723",75723,"+1.491",1491,"+0.407",407,11
739,2005,8,10,10,"10","7","mark-webber","williams","bmw","michelin","1:15.894",75894,"+1.662",1662,"+0.171",171,14
739,2005,8,11,11,"11","2","rubens-barrichello","ferrari","ferrari","bridgestone","1:15.995",75995,"+1.763",1763,"+0.101",101,14
739,2005,8,12,12,"12","12","felipe-massa","sauber","petronas","michelin","1:16.020",76020,"+1.788",1788,"+0.025",25,13
739,2005,8,13,13,"13","16","jarno-trulli","toyota","toyota","michelin","1:16.063",76063,"+1.831",1831,"+0.043",43,8
739,2005,8,14,14,"14","14","david-coulthard","red-bull","cosworth","michelin","1:16.341",76341,"+2.109",2109,"+0.278",278,15
739,2005,8,15,15,"15","11","jacques-villeneuve","sauber","petronas","michelin","1:16.355",76355,"+2.123",2123,"+0.014",14,13
739,2005,8,16,16,"16","15","christian-klien","red-bull","cosworth","michelin","1:16.355",76355,"+2.123",2123,"+0.000",0,15
739,2005,8,17,17,"17","19","narain-karthikeyan","jordan","toyota","bridgestone","1:17.215",77215,"+2.983",2983,"+0.860",860,12
739,2005,8,18,18,"18","18","tiago-monteiro","jordan","toyota","bridgestone","1:17.618",77618,"+3.386",3386,"+0.403",403,19
739,2005,8,19,19,"19","20","patrick-friesacher","minardi","cosworth","bridgestone","1:17.621",77621,"+3.389",3389,"+0.003",3,14
739,2005,8,20,20,"20","21","christijan-albers","minardi","cosworth","bridgestone","1:17.725",77725,"+3.493",3493,"+0.104",104,14
740,2005,9,1,1,"1","9","kimi-raikkonen","mclaren","mercedes","michelin","1:10.643",70643,,,,,12
740,2005,9,2,2,"2","3","jenson-button","bar","honda","michelin","1:10.844",70844,"+0.201",201,"+0.201",201,15
740,2005,9,3,3,"3","5","fernando-alonso","renault","renault","michelin","1:10.920",70920,"+0.277",277,"+0.076",76,10
740,2005,9,4,4,"4","1","michael-schumacher","ferrari","ferrari","bridgestone","1:11.203",71203,"+0.560",560,"+0.283",283,12
740,2005,9,5,5,"5","4","takuma-sato","bar","honda","michelin","1:11.324",71324,"+0.681",681,"+0.121",121,16
740,2005,9,6,6,"6","6","giancarlo-fisichella","renault","renault","michelin","1:11.375",71375,"+0.732",732,"+0.051",51,10
740,2005,9,7,7,"7","16","jarno-trulli","toyota","toyota","michelin","1:11.457",71457,"+0.814",814,"+0.082",82,7
740,2005,9,8,8,"8","10","juan-pablo-montoya","mclaren","mercedes","michelin","1:11.574",71574,"+0.931",931,"+0.117",117,7
740,2005,9,9,9,"9","17","ricardo-zonta","toyota","toyota","michelin","1:11.760",71760,"+1.117",1117,"+0.186",186,10
740,2005,9,10,10,"10","2","rubens-barrichello","ferrari","ferrari","bridgestone","1:11.794",71794,"+1.151",1151,"+0.034",34,13
740,2005,9,11,11,"11","15","christian-klien","red-bull","cosworth","michelin","1:11.806",71806,"+1.163",1163,"+0.012",12,13
740,2005,9,12,12,"12","11","jacques-villeneuve","sauber","petronas","michelin","1:11.875",71875,"+1.232",1232,"+0.069",69,10
740,2005,9,13,13,"13","12","felipe-massa","sauber","petronas","michelin","1:11.915",71915,"+1.272",1272,"+0.040",40,10
740,2005,9,14,14,"14","7","mark-webber","williams","bmw","michelin","1:12.080",72080,"+1.437",1437,"+0.165",165,9
740,2005,9,15,15,"15","8","nick-heidfeld","williams","bmw","michelin","1:12.186",72186,"+1.543",1543,"+0.106",106,10
740,2005,9,16,16,"16","14","david-coulthard","red-bull","cosworth","michelin","1:12.914",72914,"+2.271",2271,"+0.728",728,7
740,2005,9,17,17,"17","21","christijan-albers","minardi","cosworth","bridgestone","1:13.024",73024,"+2.381",2381,"+0.110",110,16
740,2005,9,18,18,"18","18","tiago-monteiro","jordan","toyota","bridgestone","1:13.051",73051,"+2.408",2408,"+0.027",27,14
740,2005,9,19,19,"19","19","narain-karthikeyan","jordan","toyota","bridgestone","1:13.161",73161,"+2.518",2518,"+0.110",110,11
740,2005,9,20,20,"20","20","patrick-friesacher","minardi","cosworth","bridgestone","1:13.501",73501,"+2.858",2858,"+0.340",340,16
741,2005,10,1,1,"1","6","giancarlo-fisichella","renault","renault","michelin","1:14.466",74466,,,,,16
741,2005,10,2,2,"2","17","ralf-schumacher","toyota","toyota","michelin","1:14.603",74603,"+0.137",137,"+0.137",137,13
741,2005,10,3,3,"3","9","kimi-raikkonen","mclaren","mercedes","michelin","1:14.649",74649,"+0.183",183,"+0.046",46,14
741,2005,10,4,4,"4","5","fernando-alonso","renault","renault","michelin","1:14.792",74792,"+0.326",326,"+0.143",143,12
741,2005,10,5,5,"5","1","michael-schumacher","ferrari","ferrari","bridgestone","1:14.979",74979,"+0.513",513,"+0.187",187,14
741,2005,10,6,6,"6","4","takuma-sato","bar","honda","michelin","1:15.177",75177,"+0.711",711,"+0.198",198,18
741,2005,10,7,7,"7","2","rubens-barrichello","ferrari","ferrari","bridgestone","1:15.218",75218,"+0.752",752,"+0.041",41,15
741,2005,10,8,8,"8","10","juan-pablo-montoya","mclaren","mercedes","michelin","1:15.223",75223,"+0.757",757,"+0.005",5,15
741,2005,10,9,9,"9","3","jenson-button","bar","honda","michelin","1:15.228",75228,"+0.762",762,"+0.005",5,18
741,2005,10,10,10,"10","16","jarno-trulli","toyota","toyota","michelin","1:15.249",75249,"+0.783",783,"+0.021",21,15
741,2005,10,11,11,"11","14","david-coulthard","red-bull","cosworth","michelin","1:15.305",75305,"+0.839",839,"+0.056",56,16
741,2005,10,12,12,"12","7","mark-webber","williams","bmw","michelin","1:16.080",76080,"+1.614",1614,"+0.775",775,12
741,2005,10,13,13,"13","15","christian-klien","red-bull","cosworth","michelin","1:16.095",76095,"+1.629",1629,"+0.015",15,17
741,2005,10,14,14,"14","11","jacques-villeneuve","sauber","petronas","michelin","1:16.125",76125,"+1.659",1659,"+0.030",30,15
741,2005,10,15,15,"15","8","nick-heidfeld","williams","bmw","michelin","1:16.372",76372,"+1.906",1906,"+0.247",247,12
741,2005,10,16,16,"16","12","felipe-massa","sauber","petronas","michelin","1:16.454",76454,"+1.988",1988,"+0.082",82,17
741,2005,10,17,17,"17","21","christijan-albers","minardi","cosworth","bridgestone","1:17.846",77846,"+3.380",3380,"+1.392",1392,14
741,2005,10,18,18,"18","20","patrick-friesacher","minardi","cosworth","bridgestone","1:17.929",77929,"+3.463",3463,"+0.083",83,16
741,2005,10,19,19,"19","19","narain-karthikeyan","jordan","toyota","bridgestone","1:18.195",78195,"+3.729",3729,"+0.266",266,14
741,2005,10,20,20,"20","18","tiago-monteiro","jordan","toyota","bridgestone","1:18.310",78310,"+3.844",3844,"+0.115",115,14
742,2005,11,1,1,"1","5","fernando-alonso","renault","renault","michelin","1:20.077",80077,,,,,14
742,2005,11,2,2,"2","10","juan-pablo-montoya","mclaren","mercedes","michelin","1:20.128",80128,"+0.051",51,"+0.051",51,13
742,2005,11,3,3,"3","16","jarno-trulli","toyota","toyota","michelin","1:20.449",80449,"+0.372",372,"+0.321",321,13
742,2005,11,4,4,"4","17","ralf-schumacher","toyota","toyota","michelin","1:20.524",80524,"+0.447",447,"+0.075",75,12
742,2005,11,5,5,"5","3","jenson-button","bar","honda","michelin","1:20.763",80763,"+0.686",686,"+0.239",239,14
742,2005,11,6,6,"6","6","giancarlo-fisichella","renault","renault","michelin","1:20.798",80798,"+0.721",721,"+0.035",35,11
742,2005,11,7,7,"7","1","michael-schumacher","ferrari","ferrari","bridgestone","1:20.893",80893,"+0.816",816,"+0.095",95,12
742,2005,11,8,8,"8","7","mark-webber","williams","bmw","michelin","1:21.004",81004,"+0.927",927,"+0.111",111,11
742,2005,11,9,9,"9","8","nick-heidfeld","williams","bmw","michelin","1:21.052",81052,"+0.975",975,"+0.048",48,8
742,2005,11,10,10,"10","15","christian-klien","red-bull","cosworth","michelin","1:21.064",81064,"+0.987",987,"+0.012",12,9
742,2005,11,11,11,"11","2","rubens-barrichello","ferrari","ferrari","bridgestone","1:21.371",81371,"+1.294",1294,"+0.307",307,10
742,2005,11,12,12,"12","11","jacques-villeneuve","sauber","petronas","michelin","1:21.476",81476,"+1.399",1399,"+0.105",105,14
742,2005,11,13,13,"13","12","felipe-massa","sauber","petronas","michelin","1:21.704",81704,"+1.627",1627,"+0.228",228,11
742,2005,11,14,14,"14","4","takuma-sato","bar","honda","michelin","1:21.931",81931,"+1.854",1854,"+0.227",227,16
742,2005,11,15,15,"15","18","tiago-monteiro","jordan","toyota","bridgestone","1:22.036",82036,"+1.959",1959,"+0.105",105,18
742,2005,11,16,16,"16","19","narain-karthikeyan","jordan","toyota","bridgestone","1:22.634",82634,"+2.557",2557,"+0.598",598,8
742,2005,11,17,17,"17","14","david-coulthard","red-bull","cosworth","michelin","1:23.165",83165,"+3.088",3088,"+0.531",531,5
742,2005,11,18,18,"18","21","christijan-albers","minardi","cosworth","bridgestone","1:23.444",83444,"+3.367",3367,"+0.279",279,16
742,2005,11,19,19,"19","20","patrick-friesacher","minardi","cosworth","bridgestone","1:23.586",83586,"+3.509",3509,"+0.142",142,17
742,2005,11,20,20,"20","9","kimi-raikkonen","mclaren","mercedes","michelin",,,,,,,2
743,2005,12,1,1,"1","9","kimi-raikkonen","mclaren","mercedes","michelin","1:14.128",74128,,,,,11
743,2005,12,2,2,"2","10","juan-pablo-montoya","mclaren","mercedes","michelin","1:14.449",74449,"+0.321",321,"+0.321",321,16
743,2005,12,3,3,"3","5","fernando-alonso","renault","renault","michelin","1:14.758",74758,"+0.630",630,"+0.309",309,12
743,2005,12,4,4,"4","6","giancarlo-fisichella","renault","renault","michelin","1:14.958",74958,"+0.830",830,"+0.200",200,15
743,2005,12,5,5,"5","3","jenson-button","bar","honda","michelin","1:15.072",75072,"+0.944",944,"+0.114",114,15
743,2005,12,6,6,"6","7","mark-webber","williams","bmw","michelin","1:15.111",75111,"+0.983",983,"+0.039",39,10
743,2005,12,7,7,"7","1","michael-schumacher","ferrari","ferrari","bridgestone","1:15.253",75253,"+1.125",1125,"+0.142",142,12
743,2005,12,8,8,"8","8","nick-heidfeld","williams","bmw","michelin","1:15.255",75255,"+1.127",1127,"+0.002",2,10
743,2005,12,9,9,"9","15","christian-klien","red-bull","cosworth","michelin","1:15.388",75388,"+1.260",1260,"+0.133",133,14
743,2005,12,10,10,"10","16","jarno-trulli","toyota","toyota","michelin","1:15.417",75417,"+1.289",1289,"+0.029",29,14
743,2005,12,11,11,"11","14","david-coulthard","red-bull","cosworth","michelin","1:15.491",75491,"+1.363",1363,"+0.074",74,13
743,2005,12,12,12,"12","17","ralf-schumacher","toyota","toyota","michelin","1:15.585",75585,"+1.457",1457,"+0.094",94,18
743,2005,12,13,13,"13","4","takuma-sato","bar","honda","michelin","1:15.699",75699,"+1.571",1571,"+0.114",114,18
743,2005,12,14,14,"14","12","felipe-massa","sauber","petronas","michelin","1:15.781",75781,"+1.653",1653,"+0.082",82,12
743,2005,12,15,15,"15","11","jacques-villeneuve","sauber","petronas","michelin","1:16.037",76037,"+1.909",1909,"+0.256",256,13
743,2005,12,16,16,"16","2","rubens-barrichello","ferrari","ferrari","bridgestone","1:16.072",76072,"+1.944",1944,"+0.035",35,11
743,2005,12,17,17,"17","21","christijan-albers","minardi","cosworth","bridgestone","1:16.674",76674,"+2.546",2546,"+0.602",602,14
743,2005,12,18,18,"18","20","robert-doornbos","minardi","cosworth","bridgestone","1:16.912",76912,"+2.784",2784,"+0.238",238,14
743,2005,12,19,19,"19","19","narain-karthikeyan","jordan","toyota","bridgestone","1:17.210",77210,"+3.082",3082,"+0.298",298,16
743,2005,12,20,20,"20","18","tiago-monteiro","jordan","toyota","bridgestone","1:17.966",77966,"+3.838",3838,"+0.756",756,11
744,2005,13,1,1,"1","9","kimi-raikkonen","mclaren","mercedes","michelin","1:20.203",80203,,,,,11
744,2005,13,2,2,"2","10","juan-pablo-montoya","mclaren","mercedes","michelin","1:20.517",80517,"+0.314",314,"+0.314",314,14
744,2005,13,3,3,"3","1","michael-schumacher","ferrari","ferrari","bridgestone","1:20.773",80773,"+0.570",570,"+0.256",256,17
744,2005,13,4,4,"4","17","ralf-schumacher","toyota","toyota","michelin","1:20.903",80903,"+0.700",700,"+0.130",130,13
744,2005,13,5,5,"5","2","rubens-barrichello","ferrari","ferrari","bridgestone","1:21.266",81266,"+1.063",1063,"+0.363",363,7
744,2005,13,6,6,"6","6","giancarlo-fisichella","renault","renault","michelin","1:21.276",81276,"+1.073",1073,"+0.010",10,14
744,2005,13,7,7,"7","3","jenson-button","bar","honda","michelin","1:21.301",81301,"+1.098",1098,"+0.025",25,15
744,2005,13,8,8,"8","5","fernando-alonso","renault","renault","michelin","1:21.336",81336,"+1.133",1133,"+0.035",35,12
744,2005,13,9,9,"9","4","takuma-sato","bar","honda","michelin","1:21.880",81880,"+1.677",1677,"+0.544",544,17
744,2005,13,10,10,"10","7","mark-webber","williams","bmw","michelin","1:21.889",81889,"+1.686",1686,"+0.009",9,9
744,2005,13,11,11,"11","8","nick-heidfeld","williams","bmw","michelin","1:21.918",81918,"+1.715",1715,"+0.029",29,9
744,2005,13,12,12,"12","15","christian-klien","red-bull","cosworth","michelin","1:22.340",82340,"+2.137",2137,"+0.422",422,13
744,2005,13,13,13,"13","14","david-coulthard","red-bull","cosworth","michelin","1:22.534",82534,"+2.331",2331,"+0.194",194,14
744,2005,13,14,14,"14","16","jarno-trulli","toyota","toyota","michelin","1:22.699",82699,"+2.496",2496,"+0.165",165,6
744,2005,13,15,15,"15","12","felipe-massa","sauber","petronas","michelin","1:22.753",82753,"+2.550",2550,"+0.054",54,11
744,2005,13,16,16,"16","21","christijan-albers","minardi","cosworth","bridgestone","1:22.979",82979,"+2.776",2776,"+0.226",226,11
744,2005,13,17,17,"17","11","jacques-villeneuve","sauber","petronas","michelin","1:22.985",82985,"+2.782",2782,"+0.006",6,14
744,2005,13,18,18,"18","20","robert-doornbos","minardi","cosworth","bridgestone","1:23.358",83358,"+3.155",3155,"+0.373",373,8
744,2005,13,19,19,"19","19","narain-karthikeyan","jordan","toyota","bridgestone","1:24.265",84265,"+4.062",4062,"+0.907",907,14
744,2005,13,20,20,"20","18","tiago-monteiro","jordan","toyota","bridgestone","1:24.628",84628,"+4.425",4425,"+0.363",363,17
745,2005,14,1,1,"1","9","kimi-raikkonen","mclaren","mercedes","michelin","1:26.120",86120,,,,,10
745,2005,14,2,2,"2","3","jenson-button","bar","honda","michelin","1:26.599",86599,"+0.479",479,"+0.479",479,15
745,2005,14,3,3,"3","5","fernando-alonso","renault","renault","michelin","1:26.627",86627,"+0.507",507,"+0.028",28,13
745,2005,14,4,4,"4","10","juan-pablo-montoya","mclaren","mercedes","michelin","1:26.748",86748,"+0.628",628,"+0.121",121,11
745,2005,14,5,5,"5","6","giancarlo-fisichella","renault","renault","michelin","1:27.240",87240,"+1.120",1120,"+0.492",492,15
745,2005,14,6,6,"6","4","takuma-sato","bar","honda","michelin","1:27.308",87308,"+1.188",1188,"+0.068",68,14
745,2005,14,7,7,"7","7","mark-webber","williams","bmw","michelin","1:27.335",87335,"+1.215",1215,"+0.027",27,7
745,2005,14,8,8,"8","17","ralf-schumacher","toyota","toyota","michelin","1:27.556",87556,"+1.436",1436,"+0.221",221,13
745,2005,14,9,9,"9","14","david-coulthard","red-bull","cosworth","michelin","1:27.796",87796,"+1.676",1676,"+0.240",240,14
745,2005,14,10,10,"10","12","felipe-massa","sauber","petronas","michelin","1:27.829",87829,"+1.709",1709,"+0.033",33,8
745,2005,14,11,11,"11","15","christian-klien","red-bull","cosworth","michelin","1:27.919",87919,"+1.799",1799,"+0.090",90,14
745,2005,14,12,12,"12","16","jarno-trulli","toyota","toyota","michelin","1:27.921",87921,"+1.801",1801,"+0.002",2,15
745,2005,14,13,13,"13","8","nick-heidfeld","williams","bmw","michelin","1:27.951",87951,"+1.831",1831,"+0.030",30,9
745,2005,14,14,14,"14","1","michael-schumacher","ferrari","ferrari","bridgestone","1:28.155",88155,"+2.035",2035,"+0.204",204,16
745,2005,14,15,15,"15","11","jacques-villeneuve","sauber","petronas","michelin","1:28.534",88534,"+2.414",2414,"+0.379",379,12
745,2005,14,16,16,"16","2","rubens-barrichello","ferrari","ferrari","bridgestone","1:28.615",88615,"+2.495",2495,"+0.081",81,12
745,2005,14,17,17,"17","18","tiago-monteiro","jordan","toyota","bridgestone","1:28.830",88830,"+2.710",2710,"+0.215",215,15
745,2005,14,18,18,"18","20","robert-doornbos","minardi","cosworth","bridgestone","1:30.155",90155,"+4.035",4035,"+1.325",1325,14
745,2005,14,19,19,"19","21","christijan-albers","minardi","cosworth","bridgestone","1:30.999",90999,"+4.879",4879,"+0.844",844,13
745,2005,14,20,20,"20","19","narain-karthikeyan","jordan","toyota","bridgestone",,,,,,,3
746,2005,15,1,1,"1","9","kimi-raikkonen","mclaren","mercedes","michelin","1:20.916",80916,,,,,8
746,2005,15,2,2,"2","10","juan-pablo-montoya","mclaren","mercedes","michelin","1:21.318",81318,"+0.402",402,"+0.402",402,10
746,2005,15,3,3,"3","4","takuma-sato","bar","honda","michelin","1:21.399",81399,"+0.483",483,"+0.081",81,13
746,2005,15,4,4,"4","5","fernando-alonso","renault","renault","michelin","1:21.548",81548,"+0.632",632,"+0.149",149,13
746,2005,15,5,5,"5","16","jarno-trulli","toyota","toyota","michelin","1:21.884",81884,"+0.968",968,"+0.336",336,14
746,2005,15,6,6,"6","6","giancarlo-fisichella","renault","renault","michelin","1:21.951",81951,"+1.035",1035,"+0.067",67,12
746,2005,15,7,7,"7","7","mark-webber","williams","bmw","michelin","1:22.066",82066,"+1.150",1150,"+0.115",115,7
746,2005,15,8,8,"8","14","david-coulthard","red-bull","cosworth","michelin","1:22.291",82291,"+1.375",1375,"+0.225",225,16
746,2005,15,9,9,"9","15","christian-klien","red-bull","cosworth","michelin","1:22.345",82345,"+1.429",1429,"+0.054",54,12
746,2005,15,10,10,"10","1","michael-schumacher","ferrari","ferrari","bridgestone","1:22.395",82395,"+1.479",1479,"+0.050",50,14
746,2005,15,11,11,"11","2","rubens-barrichello","ferrari","ferrari","bridgestone","1:22.437",82437,"+1.521",1521,"+0.042",42,13
746,2005,15,12,12,"12","3","jenson-button","bar","honda","michelin","1:22.558",82558,"+1.642",1642,"+0.121",121,13
746,2005,15,13,13,"13","11","jacques-villeneuve","sauber","petronas","michelin","1:22.701",82701,"+1.785",1785,"+0.143",143,12
746,2005,15,14,14,"14","17","ralf-schumacher","toyota","toyota","michelin","1:22.710",82710,"+1.794",1794,"+0.009",9,11
746,2005,15,15,15,"15","8","antonio-pizzonia","williams","bmw","michelin","1:22.823",82823,"+1.907",1907,"+0.113",113,10
746,2005,15,16,16,"16","12","felipe-massa","sauber","petronas","michelin","1:23.389",83389,"+2.473",2473,"+0.566",566,12
746,2005,15,17,17,"17","18","tiago-monteiro","jordan","toyota","bridgestone","1:23.472",83472,"+2.556",2556,"+0.083",83,15
746,2005,15,18,18,"18","20","robert-doornbos","minardi","cosworth","bridgestone","1:23.676",83676,"+2.760",2760,"+0.204",204,14
746,2005,15,19,19,"19","21","christijan-albers","minardi","cosworth","bridgestone","1:24.104",84104,"+3.188",3188,"+0.428",428,12
746,2005,15,20,20,"20","19","narain-karthikeyan","jordan","toyota","bridgestone","1:24.772",84772,"+3.856",3856,"+0.668",668,11
747,2005,16,1,1,"1","5","fernando-alonso","renault","renault","michelin","1:46.307",106307,,,,,14
747,2005,16,2,2,"2","9","kimi-raikkonen","mclaren","mercedes","michelin","1:46.641",106641,"+0.334",334,"+0.334",334,11
747,2005,16,3,3,"3","16","jarno-trulli","toyota","toyota","michelin","1:46.681",106681,"+0.374",374,"+0.040",40,15
747,2005,16,4,4,"4","10","juan-pablo-montoya","mclaren","mercedes","michelin","1:46.858",106858,"+0.551",551,"+0.177",177,8
747,2005,16,5,5,"5","6","giancarlo-fisichella","renault","renault","michelin","1:47.049",107049,"+0.742",742,"+0.191",191,16
747,2005,16,6,6,"6","17","ralf-schumacher","toyota","toyota","michelin","1:47.054",107054,"+0.747",747,"+0.005",5,16
747,2005,16,7,7,"7","3","jenson-button","bar","honda","michelin","1:47.419",107419,"+1.112",1112,"+0.365",365,14
747,2005,16,8,8,"8","4","takuma-sato","bar","honda","michelin","1:47.507",107507,"+1.200",1200,"+0.088",88,15
747,2005,16,9,9,"9","1","michael-schumacher","ferrari","ferrari","bridgestone","1:47.773",107773,"+1.466",1466,"+0.266",266,12
747,2005,16,10,10,"10","2","rubens-barrichello","ferrari","ferrari","bridgestone","1:47.991",107991,"+1.684",1684,"+0.218",218,14
747,2005,16,11,11,"11","8","antonio-pizzonia","williams","bmw","michelin","1:48.092",108092,"+1.785",1785,"+0.101",101,13
747,2005,16,12,12,"12","11","jacques-villeneuve","sauber","petronas","michelin","1:48.204",108204,"+1.897",1897,"+0.112",112,15
747,2005,16,13,13,"13","7","mark-webber","williams","bmw","michelin","1:48.213",108213,"+1.906",1906,"+0.009",9,11
747,2005,16,14,14,"14","12","felipe-massa","sauber","petronas","michelin","1:48.551",108551,"+2.244",2244,"+0.338",338,16
747,2005,16,15,15,"15","14","david-coulthard","red-bull","cosworth","michelin","1:48.866",108866,"+2.559",2559,"+0.315",315,12
747,2005,16,16,16,"16","15","christian-klien","red-bull","cosworth","michelin","1:48.877",108877,"+2.570",2570,"+0.011",11,11
747,2005,16,17,17,"17","21","christijan-albers","minardi","cosworth","bridgestone","1:49.166",109166,"+2.859",2859,"+0.289",289,12
747,2005,16,18,18,"18","20","robert-doornbos","minardi","cosworth","bridgestone","1:49.208",109208,"+2.901",2901,"+0.042",42,15
747,2005,16,19,19,"19","18","tiago-monteiro","jordan","toyota","bridgestone","1:50.740",110740,"+4.433",4433,"+1.532",1532,13
747,2005,16,20,20,"20","19","narain-karthikeyan","jordan","toyota","bridgestone","1:51.594",111594,"+5.287",5287,"+0.854",854,14
748,2005,17,1,1,"1","9","kimi-raikkonen","mclaren","mercedes","michelin","1:11.929",71929,,,,,11
748,2005,17,2,2,"2","5","fernando-alonso","renault","renault","michelin","1:12.110",72110,"+0.181",181,"+0.181",181,13
748,2005,17,3,3,"3","3","jenson-button","bar","honda","michelin","1:12.148",72148,"+0.219",219,"+0.038",38,14
748,2005,17,4,4,"4","6","giancarlo-fisichella","renault","renault","michelin","1:12.158",72158,"+0.229",229,"+0.010",10,13
748,2005,17,5,5,"5","10","juan-pablo-montoya","mclaren","mercedes","michelin","1:12.292",72292,"+0.363",363,"+0.134",134,11
748,2005,17,6,6,"6","2","rubens-barrichello","ferrari","ferrari","bridgestone","1:12.382",72382,"+0.453",453,"+0.090",90,10
748,2005,17,7,7,"7","1","michael-schumacher","ferrari","ferrari","bridgestone","1:12.453",72453,"+0.524",524,"+0.071",71,15
748,2005,17,8,8,"8","17","ralf-schumacher","toyota","toyota","michelin","1:12.509",72509,"+0.580",580,"+0.056",56,18
748,2005,17,9,9,"9","8","antonio-pizzonia","williams","bmw","michelin","1:12.752",72752,"+0.823",823,"+0.243",243,10
748,2005,17,10,10,"10","12","felipe-massa","sauber","petronas","michelin","1:12.799",72799,"+0.870",870,"+0.047",47,11
748,2005,17,11,11,"11","15","christian-klien","red-bull","cosworth","michelin","1:12.811",72811,"+0.882",882,"+0.012",12,12
748,2005,17,12,12,"12","14","david-coulthard","red-bull","cosworth","michelin","1:13.199",73199,"+1.270",1270,"+0.388",388,14
748,2005,17,13,13,"13","16","jarno-trulli","toyota","toyota","michelin","1:13.222",73222,"+1.293",1293,"+0.023",23,14
748,2005,17,14,14,"14","19","narain-karthikeyan","jordan","toyota","bridgestone","1:13.242",73242,"+1.313",1313,"+0.020",20,8
748,2005,17,15,15,"15","18","tiago-monteiro","jordan","toyota","bridgestone","1:13.305",73305,"+1.376",1376,"+0.063",63,18
748,2005,17,16,16,"16","11","jacques-villeneuve","sauber","petronas","michelin","1:13.508",73508,"+1.579",1579,"+0.203",203,16
748,2005,17,17,17,"17","4","takuma-sato","bar","honda","michelin","1:13.817",73817,"+1.888",1888,"+0.309",309,5
748,2005,17,18,18,"18","21","christijan-albers","minardi","cosworth","bridgestone","1:14.012",74012,"+2.083",2083,"+0.195",195,16
748,2005,17,19,19,"19","7","mark-webber","williams","bmw","michelin","1:14.114",74114,"+2.185",2185,"+0.102",102,9
748,2005,17,20,20,"20","20","robert-doornbos","minardi","cosworth","bridgestone","1:14.595",74595,"+2.666",2666,"+0.481",481,17
749,2005,18,1,1,"1","6","giancarlo-fisichella","renault","renault","michelin","1:50.136",110136,,,,,9
749,2005,18,2,2,"2","19","narain-karthikeyan","jordan","toyota","bridgestone","1:50.150",110150,"+0.014",14,"+0.014",14,6
749,2005,18,3,3,"3","17","ralf-schumacher","toyota","toyota","michelin","1:50.369",110369,"+0.233",233,"+0.219",219,8
749,2005,18,4,4,"4","3","jenson-button","bar","honda","michelin","1:50.920",110920,"+0.784",784,"+0.551",551,7
749,2005,18,5,5,"5","21","christijan-albers","minardi","cosworth","bridgestone","1:50.994",110994,"+0.858",858,"+0.074",74,8
749,2005,18,6,6,"6","18","tiago-monteiro","jordan","toyota","bridgestone","1:51.223",111223,"+1.087",1087,"+0.229",229,6
749,2005,18,7,7,"7","7","mark-webber","williams","bmw","michelin","1:51.274",111274,"+1.138",1138,"+0.051",51,5
749,2005,18,8,8,"8","16","jarno-trulli","toyota","toyota","michelin","1:51.503",111503,"+1.367",1367,"+0.229",229,8
749,2005,18,9,9,"9","14","david-coulthard","red-bull","cosworth","michelin","1:51.710",111710,"+1.574",1574,"+0.207",207,9
749,2005,18,10,10,"10","20","robert-doornbos","minardi","cosworth","bridgestone","1:51.971",111971,"+1.835",1835,"+0.261",261,10
749,2005,18,11,11,"11","5","fernando-alonso","renault","renault","michelin","1:52.667",112667,"+2.531",2531,"+0.696",696,9
749,2005,18,12,12,"12","15","christian-klien","red-bull","cosworth","michelin","1:52.897",112897,"+2.761",2761,"+0.230",230,4
749,2005,18,13,13,"13","11","jacques-villeneuve","sauber","petronas","michelin","1:53.460",113460,"+3.324",3324,"+0.563",563,8
749,2005,18,14,14,"14","2","rubens-barrichello","ferrari","ferrari","bridgestone","1:53.739",113739,"+3.603",3603,"+0.279",279,5
749,2005,18,15,15,"15","12","felipe-massa","sauber","petronas","michelin","1:53.842",113842,"+3.706",3706,"+0.103",103,8
749,2005,18,16,16,"16","4","takuma-sato","bar","honda","michelin","1:54.307",114307,"+4.171",4171,"+0.465",465,8
749,2005,18,17,17,"17","8","antonio-pizzonia","williams","bmw","michelin","2:01.075",121075,"+10.939",10939,"+6.768",6768,4
750,2005,19,1,1,"1","9","kimi-raikkonen","mclaren","mercedes","michelin","1:33.212",93212,,,,,12
750,2005,19,2,2,"2","10","juan-pablo-montoya","mclaren","mercedes","michelin","1:33.554",93554,"+0.342",342,"+0.342",342,12
750,2005,19,3,3,"3","5","fernando-alonso","renault","renault","michelin","1:33.793",93793,"+0.581",581,"+0.239",239,13
750,2005,19,4,4,"4","6","giancarlo-fisichella","renault","renault","michelin","1:34.392",94392,"+1.180",1180,"+0.599",599,11
750,2005,19,5,5,"5","14","david-coulthard","red-bull","cosworth","michelin","1:34.453",94453,"+1.241",1241,"+0.061",61,14
750,2005,19,6,6,"6","2","rubens-barrichello","ferrari","ferrari","bridgestone","1:34.535",94535,"+1.323",1323,"+0.082",82,12
750,2005,19,7,7,"7","3","jenson-button","bar","honda","michelin","1:34.729",94729,"+1.517",1517,"+0.194",194,12
750,2005,19,8,8,"8","1","michael-schumacher","ferrari","ferrari","bridgestone","1:34.807",94807,"+1.595",1595,"+0.078",78,11
750,2005,19,9,9,"9","8","antonio-pizzonia","williams","bmw","michelin","1:34.835",94835,"+1.623",1623,"+0.028",28,10
750,2005,19,10,10,"10","7","mark-webber","williams","bmw","michelin","1:35.004",95004,"+1.792",1792,"+0.169",169,8
750,2005,19,11,11,"11","16","jarno-trulli","toyota","toyota","michelin","1:35.107",95107,"+1.895",1895,"+0.103",103,13
750,2005,19,12,12,"12","15","christian-klien","red-bull","cosworth","michelin","1:35.179",95179,"+1.967",1967,"+0.072",72,13
750,2005,19,13,13,"13","4","takuma-sato","bar","honda","michelin","1:35.280",95280,"+2.068",2068,"+0.101",101,17
750,2005,19,14,14,"14","19","narain-karthikeyan","jordan","toyota","bridgestone","1:35.310",95310,"+2.098",2098,"+0.030",30,3
750,2005,19,15,15,"15","17","ralf-schumacher","toyota","toyota","michelin","1:35.371",95371,"+2.159",2159,"+0.061",61,15
750,2005,19,16,16,"16","18","tiago-monteiro","jordan","toyota","bridgestone","1:35.488",95488,"+2.276",2276,"+0.117",117,8
750,2005,19,17,17,"17","12","felipe-massa","sauber","petronas","michelin","1:35.693",95693,"+2.481",2481,"+0.205",205,13
750,2005,19,18,18,"18","21","christijan-albers","minardi","cosworth","bridgestone","1:36.397",96397,"+3.185",3185,"+0.704",704,15
750,2005,19,19,19,"19","11","jacques-villeneuve","sauber","petronas","michelin","1:36.417",96417,"+3.205",3205,"+0.020",20,11
750,2005,19,20,20,"20","20","robert-doornbos","minardi","cosworth","bridgestone","1:36.558",96558,"+3.346",3346,"+0.141",141,14
