"year","entrantId","countryId"
1950,"alfa-romeo-spa","italy"
1950,"andy-granatelli","united-states-of-america"
1950,"antonio-branca","switzerland"
1950,"automobiles-talbot-darracq","france"
1950,"bardahl","united-states-of-america"
1950,"blue-crown-spark-plug","united-states-of-america"
1950,"bob-gerard","united-kingdom"
1950,"charles-pozzi","france"
1950,"city-of-glendale","united-states-of-america"
1950,"clemente-biondetti","italy"
1950,"cummins-diesel","united-states-of-america"
1950,"cuth-harrison","united-kingdom"
1950,"ecurie-belge","belgium"
1950,"ecurie-bleue","united-states-of-america"
1950,"ecurie-lutetia","france"
1950,"ecurie-rosier","france"
1950,"enrico-plate","switzerland"
1950,"equipe-gordini","france"
1950,"erwin-wolfe","united-states-of-america"
1950,"eugene-casaroll","united-states-of-america"
1950,"fadely-anderson","united-states-of-america"
1950,"geoffrey-crossley","united-kingdom"
1950,"george-bignotti","united-states-of-america"
1950,"george-tuffanelli","united-states-of-america"
1950,"guy-mairesse","france"
1950,"horschell-racing-corporation","united-states-of-america"
1950,"howard-keck","united-states-of-america"
1950,"indianapolis-race-cars","united-states-of-america"
1950,"jack-hinkle","united-states-of-america"
1950,"jc-agajanian","united-states-of-america"
1950,"joe-fry","united-kingdom"
1950,"joe-kelly","ireland"
1950,"kurtis-kraft-inc","united-states-of-america"
1950,"ludson-morris","united-states-of-america"
1950,"m-pete-wales","united-states-of-america"
1950,"ma-walker","united-states-of-america"
1950,"milt-marton","united-states-of-america"
1950,"murrell-belanger","united-states-of-america"
1950,"norm-olson","united-states-of-america"
1950,"officine-alfieri-maserati","italy"
1950,"pat-clancy","united-states-of-america"
1950,"paul-pietsch","germany"
1950,"paul-russo-ray-nichels","united-states-of-america"
1950,"peter-walker","united-kingdom"
1950,"peter-whitehead","united-kingdom"
1950,"philippe-etancelin","france"
1950,"pierre-levegh","france"
1950,"pioneer-auto-repair","united-states-of-america"
1950,"raymond-sommer","france"
1950,"richard-palmer","united-states-of-america"
1950,"sampson-manufacturing","united-states-of-america"
1950,"scuderia-achille-varzi","argentina"
1950,"scuderia-ambrosiana","italy"
1950,"scuderia-ferrari","italy"
1950,"scuderia-milano","italy"
1950,"taso-mathieson","united-kingdom"
1950,"troy-oil","united-states-of-america"
1950,"verlin-brown","united-states-of-america"
1951,"alfa-romeo-spa","italy"
1951,"andy-granatelli","united-states-of-america"
1951,"antonio-branca","switzerland"
1951,"bardahl","united-states-of-america"
1951,"blakely","united-states-of-america"
1951,"blue-crown-spark-plug","united-states-of-america"
1951,"bob-estes","united-states-of-america"
1951,"bob-gerard","united-kingdom"
1951,"brian-shawe-taylor","united-kingdom"
1951,"brm-ltd","united-kingdom"
1951,"central-excavating","united-states-of-america"
1951,"dan-levine","united-states-of-america"
1951,"deck-manufacturing","united-states-of-america"
1951,"duncan-hamilton","united-kingdom"
1951,"ecurie-belge","belgium"
1951,"ecurie-belgique","belgium"
1951,"ecurie-espadon","switzerland"
1951,"ecurie-rosier","france"
1951,"ed-walsh","united-states-of-america"
1951,"enrico-plate","switzerland"
1951,"equipe-gordini","france"
1951,"eugene-casaroll","united-states-of-america"
1951,"eugene-chaboud","france"
1951,"francisco-landi","brazil"
1951,"ga-vandervell","united-kingdom"
1951,"george-leitenberger","united-states-of-america"
1951,"georges-grignard","france"
1951,"graham-whitehead","united-kingdom"
1951,"grant-piston-ring","united-states-of-america"
1951,"ha-chapman","united-states-of-america"
1951,"howard-keck","united-states-of-america"
1951,"hw-motors","united-kingdom"
1951,"jack-hinkle","united-states-of-america"
1951,"jc-agajanian","united-states-of-america"
1951,"jim-robbins","united-states-of-america"
1951,"joe-kelly","ireland"
1951,"john-james","united-kingdom"
1951,"jose-froilan-gonzalez","argentina"
1951,"karl-hall","united-states-of-america"
1951,"lee-elkins","united-states-of-america"
1951,"lewis-welch","united-states-of-america"
1951,"ludson-morris","united-states-of-america"
1951,"ma-walker","united-states-of-america"
1951,"murrell-belanger","united-states-of-america"
1951,"osca-automobili","italy"
1951,"parks-offenhauser","united-states-of-america"
1951,"peter-hirt","switzerland"
1951,"peter-schmidt","united-states-of-america"
1951,"peter-whitehead","united-kingdom"
1951,"philip-fotheringham-parker","united-kingdom"
1951,"philippe-etancelin","france"
1951,"pierre-levegh","france"
1951,"prince-bira","thailand"
1951,"scuderia-ambrosiana","italy"
1951,"scuderia-ferrari","italy"
1951,"scuderia-milano","italy"
1951,"tuffanelli-derrico","united-states-of-america"
1951,"verlin-brown","united-states-of-america"
1951,"w-j","united-states-of-america"
1951,"william-ansted","united-states-of-america"
1951,"yves-giraud-cabantous","france"
1952,"adolf-brudes","germany"
1952,"afm","germany"
1952,"ahm-bryde","united-kingdom"
1952,"alfred-dattner","switzerland"
1952,"andy-granatelli","united-states-of-america"
1952,"arthur-legat","belgium"
1952,"belanger-motors","united-states-of-america"
1952,"bernhard-nacke","germany"
1952,"bessie-lee-paoli","united-states-of-america"
1952,"blue-crown-spark-plug","united-states-of-america"
1952,"bob-estes","united-states-of-america"
1952,"central-excavating","united-states-of-america"
1952,"coast-grain","united-states-of-america"
1952,"connaught-engineering","united-kingdom"
1952,"cummins-diesel","united-states-of-america"
1952,"ecurie-belge","belgium"
1952,"ecurie-ecosse","united-kingdom"
1952,"ecurie-espadon","switzerland"
1952,"ecurie-francorchamps","belgium"
1952,"ecurie-richmond","united-kingdom"
1952,"ecurie-rosier","france"
1952,"ed-walsh","united-states-of-america"
1952,"elie-bayol","france"
1952,"english-racing-automobiles-ltd","united-kingdom"
1952,"enrico-plate","switzerland"
1952,"equipe-gordini","france"
1952,"ernst-klodwig","germany"
1952,"escuderia-bandeirantes","brazil"
1952,"federal-auto-associates","united-states-of-america"
1952,"fritz-riess","germany"
1952,"g-caprara","italy"
1952,"george-leitenberger","united-states-of-america"
1952,"ha-chapman","united-states-of-america"
1952,"hans-klenk","germany"
1952,"hart-fullerton","united-states-of-america"
1952,"helmut-niedermayr","germany"
1952,"howard-keck","united-states-of-america"
1952,"hw-motors","united-kingdom"
1952,"jack-hinkle","united-states-of-america"
1952,"jc-agajanian","united-states-of-america"
1952,"jim-robbins","united-states-of-america"
1952,"josef-peters","germany"
1952,"ken-downing","united-kingdom"
1952,"lee-elkins","united-states-of-america"
1952,"leslie-d-hawthorn","united-kingdom"
1952,"lewis-welch","united-states-of-america"
1952,"ludson-morris","united-states-of-america"
1952,"ludwig-fischer","germany"
1952,"ma-walker","united-states-of-america"
1952,"marcel-balsa","france"
1952,"mel-wiggers","united-states-of-america"
1952,"motor-presse-verlag","germany"
1952,"officine-alfieri-maserati","italy"
1952,"peter-schmidt","united-states-of-america"
1952,"peter-whitehead","united-kingdom"
1952,"piero-dusio","italy"
1952,"ray-t-brady","united-states-of-america"
1952,"robert-obrien","united-states-of-america"
1952,"robin-montgomerie-charrington","united-kingdom"
1952,"roger-wolcott","united-states-of-america"
1952,"rudolf-krause","germany"
1952,"scuderia-ferrari","italy"
1952,"scuderia-franera","united-kingdom"
1952,"scuderia-marzotto","italy"
1952,"theo-helfrich","germany"
1952,"tom-sarafoff","united-states-of-america"
1952,"toni-ulmen","germany"
1952,"tony-crook","united-kingdom"
1952,"tony-gaze","australia"
1952,"vicomtesse-de-walckiers","belgium"
1952,"willi-heeks","germany"
1952,"willi-krakau","germany"
1952,"william-ansted","united-states-of-america"
1952,"ws-aston","united-kingdom"
1953,"3-l-racing-team","united-states-of-america"
1953,"ae-dean","united-states-of-america"
1953,"arthur-legat","belgium"
1953,"atlantic-stable","united-kingdom"
1953,"bessie-lee-paoli","united-states-of-america"
1953,"bob-estes","united-states-of-america"
1953,"bob-gerard","united-kingdom"
1953,"chapman-s-root","united-states-of-america"
1953,"connaught-engineering","united-kingdom"
1953,"cooper-car-company","united-kingdom"
1953,"dora-greifzu","germany"
1953,"dr-rn-sabourin","united-states-of-america"
1953,"ecurie-belge","belgium"
1953,"ecurie-ecosse","united-kingdom"
1953,"ecurie-espadon","switzerland"
1953,"ecurie-francorchamps","belgium"
1953,"ecurie-rosier","france"
1953,"ed-walsh","united-states-of-america"
1953,"elie-bayol","france"
1953,"emmanuel-de-graffenried","switzerland"
1953,"enrico-plate","switzerland"
1953,"equipe-anglaise","united-kingdom"
1953,"equipe-gordini","france"
1953,"ernest-l-ruiz","united-states-of-america"
1953,"ernst-klodwig","germany"
1953,"ernst-loof","germany"
1953,"erwin-bauer","germany"
1953,"escuderia-bandeirantes","brazil"
1953,"eugene-casaroll","united-states-of-america"
1953,"federal-auto-associates","united-states-of-america"
1953,"franklin-merkler","united-states-of-america"
1953,"georges-berger","belgium"
1953,"grancor-auto-specialists","united-states-of-america"
1953,"gunther-bechem","germany"
1953,"ha-chapman","united-states-of-america"
1953,"hans-herrmann","germany"
1953,"hans-stuck","germany"
1953,"hart-fullerton","united-states-of-america"
1953,"helmut-niedermayr","germany"
1953,"howard-keck","united-states-of-america"
1953,"hw-motors","united-kingdom"
1953,"jack-hinkle","united-states-of-america"
1953,"jc-agajanian","united-states-of-america"
1953,"john-l-mcdaniel","united-states-of-america"
1953,"john-zink","united-states-of-america"
1953,"js-belond","united-states-of-america"
1953,"ken-wharton","united-kingdom"
1953,"lee-elkins","united-states-of-america"
1953,"lewis-welch","united-states-of-america"
1953,"louis-chiron","monaco"
1953,"ma-walker","united-states-of-america"
1953,"murrell-belanger","united-states-of-america"
1953,"officine-alfieri-maserati","italy"
1953,"osca-automobili","italy"
1953,"oswald-karch","germany"
1953,"otto-adoph-stoye","united-states-of-america"
1953,"pat-clancy","united-states-of-america"
1953,"peter-schmidt","united-states-of-america"
1953,"ray-crawford","united-states-of-america"
1953,"ray-t-brady","united-states-of-america"
1953,"rennkollektiv-emw","germany"
1953,"rj-chase","united-kingdom"
1953,"rodney-nuckey","united-kingdom"
1953,"rotary-engineering-corp","united-states-of-america"
1953,"rrc-walker-racing-team","united-kingdom"
1953,"scuderia-ferrari","italy"
1953,"scuderia-milano","italy"
1953,"storey-ricketts","united-states-of-america"
1953,"theo-helfrich","germany"
1953,"tom-sarafoff","united-states-of-america"
1953,"tony-crook","united-kingdom"
1953,"willi-heeks","germany"
1953,"william-lutes","united-states-of-america"
1953,"wolfgang-seidel","germany"
1954,"advance-muffler","united-states-of-america"
1954,"andy-granatelli","united-states-of-america"
1954,"bessie-lee-paoli","united-states-of-america"
1954,"bill-whitehouse","united-kingdom"
1954,"bob-estes","united-states-of-america"
1954,"bob-gerard","united-kingdom"
1954,"cars-inc","united-states-of-america"
1954,"chapman-s-root","united-states-of-america"
1954,"daimler-benz-ag","germany"
1954,"dean-van-lines-racing","united-states-of-america"
1954,"dr-rn-sabourin","united-states-of-america"
1954,"ecurie-ecosse","united-kingdom"
1954,"ecurie-francorchamps","belgium"
1954,"ecurie-richmond","united-kingdom"
1954,"ecurie-rosier","france"
1954,"ed-stone","united-states-of-america"
1954,"ed-walsh","united-states-of-america"
1954,"emmanuel-de-graffenried","switzerland"
1954,"emmett-malloy","united-states-of-america"
1954,"equipe-gordini","france"
1954,"equipe-moss","united-kingdom"
1954,"eugene-casaroll","united-states-of-america"
1954,"federal-auto-associates","united-states-of-america"
1954,"francis-bardazon","united-states-of-america"
1954,"georges-berger","belgium"
1954,"gilby-engineering","united-kingdom"
1954,"giovanni-de-riu","italy"
1954,"goulds-garage-bristol","united-kingdom"
1954,"ha-chapman","united-states-of-america"
1954,"hans-klenk","germany"
1954,"harry-dunn","united-states-of-america"
1954,"harry-schell","united-states-of-america"
1954,"hart-fullerton","united-states-of-america"
1954,"howard-keck","united-states-of-america"
1954,"hw-motors","united-kingdom"
1954,"jack-hinkle","united-states-of-america"
1954,"jc-agajanian","united-states-of-america"
1954,"jim-robbins","united-states-of-america"
1954,"john-zink","united-states-of-america"
1954,"jorge-daponte","argentina"
1954,"lee-elkins","united-states-of-america"
1954,"leslie-marr","united-kingdom"
1954,"lindsey-hopkins","united-states-of-america"
1954,"mel-wiggers","united-states-of-america"
1954,"miklos-sperling","united-states-of-america"
1954,"murrell-belanger","united-states-of-america"
1954,"officine-alfieri-maserati","italy"
1954,"onofre-marimon","argentina"
1954,"owen-racing-organisation","united-kingdom"
1954,"pat-clancy","united-states-of-america"
1954,"peter-schmidt","united-states-of-america"
1954,"peter-whitehead","united-kingdom"
1954,"prince-bira","thailand"
1954,"ray-crawford","united-states-of-america"
1954,"ray-t-brady","united-states-of-america"
1954,"rj-chase","united-kingdom"
1954,"roberto-mieres","argentina"
1954,"rrc-walker-racing-team","united-kingdom"
1954,"sandy-belond","united-states-of-america"
1954,"scuderia-ambrosiana","italy"
1954,"scuderia-ferrari","italy"
1954,"scuderia-lancia","italy"
1954,"shouse-motors","united-states-of-america"
1954,"sir-jeremy-boles","united-kingdom"
1954,"vandervell-products","united-kingdom"
1954,"verlin-brown","united-states-of-america"
1954,"w-thayer-martin","united-states-of-america"
1954,"william-ansted","united-states-of-america"
1955,"ae-dean","united-states-of-america"
1955,"alberto-uria","uruguay"
1955,"bob-estes","united-states-of-america"
1955,"carl-l-anderson","united-states-of-america"
1955,"cars-inc","united-states-of-america"
1955,"chapman-s-root","united-states-of-america"
1955,"connaught-engineering","united-kingdom"
1955,"cooper-car-company","united-kingdom"
1955,"daimler-benz-ag","germany"
1955,"dr-rn-sabourin","united-states-of-america"
1955,"ecurie-rosier","france"
1955,"emmett-malloy","united-states-of-america"
1955,"en-whiteaway","united-kingdom"
1955,"equipe-gordini","france"
1955,"equipe-nationale-belge","belgium"
1955,"er-casale","united-states-of-america"
1955,"federal-auto-associates","united-states-of-america"
1955,"gilby-engineering","united-kingdom"
1955,"goulds-garage-bristol","united-kingdom"
1955,"ha-chapman","united-states-of-america"
1955,"harry-dunn","united-states-of-america"
1955,"jack-hinkle","united-states-of-america"
1955,"jc-agajanian","united-states-of-america"
1955,"jim-robbins","united-states-of-america"
1955,"john-l-mcdaniel","united-states-of-america"
1955,"john-zink","united-states-of-america"
1955,"joseph-massaglia-jr","united-states-of-america"
1955,"kalamazoo-sports-inc","united-states-of-america"
1955,"leslie-marr","united-kingdom"
1955,"lindsey-hopkins","united-states-of-america"
1955,"m-pete-wales","united-states-of-america"
1955,"merz-engineering-inc","united-states-of-america"
1955,"murrell-belanger","united-states-of-america"
1955,"officine-alfieri-maserati","italy"
1955,"owen-racing-organisation","united-kingdom"
1955,"pat-clancy","united-states-of-america"
1955,"pete-salemi","united-states-of-america"
1955,"peter-schmidt","united-states-of-america"
1955,"racing-associates","united-states-of-america"
1955,"ray-crawford","united-states-of-america"
1955,"rotary-engineering-corp","united-states-of-america"
1955,"rrc-walker-racing-team","united-kingdom"
1955,"samuel-w-traylor-iii","united-states-of-america"
1955,"scuderia-ferrari","italy"
1955,"scuderia-lancia","italy"
1955,"scuderia-volpini","italy"
1955,"south-california-muffler-co","united-states-of-america"
1955,"stirling-moss-ltd","united-kingdom"
1955,"tw-wt-martin","united-states-of-america"
1955,"vandervell-products","united-kingdom"
1956,"alberto-uria","uruguay"
1956,"andre-simon","france"
1956,"ansted-rotary-corp","united-states-of-america"
1956,"automobiles-bugatti","france"
1956,"bob-estes","united-states-of-america"
1956,"bob-gerard","united-kingdom"
1956,"bruce-halford","united-kingdom"
1956,"carl-l-anderson","united-states-of-america"
1956,"cars-inc","united-states-of-america"
1956,"chapman-s-root","united-states-of-america"
1956,"connaught-engineering","united-kingdom"
1956,"dean-van-lines","united-states-of-america"
1956,"dunn-engineering","united-states-of-america"
1956,"ecurie-rosier","france"
1956,"ed-walsh","united-states-of-america"
1956,"emeryson-cars","united-kingdom"
1956,"equipe-gordini","france"
1956,"er-casale","united-states-of-america"
1956,"ernest-l-ruiz","united-states-of-america"
1956,"federal-auto-associates","united-states-of-america"
1956,"fred-somers","united-states-of-america"
1956,"george-bignotti","united-states-of-america"
1956,"gilby-engineering","united-kingdom"
1956,"giorgio-scarlatti","italy"
1956,"goulds-garage-bristol","united-kingdom"
1956,"ha-chapman","united-states-of-america"
1956,"harry-dunn","united-states-of-america"
1956,"hh-johnson","united-states-of-america"
1956,"jack-brabham","australia"
1956,"jc-agajanian","united-states-of-america"
1956,"jim-robbins","united-states-of-america"
1956,"john-zink","united-states-of-america"
1956,"joseph-massaglia-jr","united-states-of-america"
1956,"kalamazoo-sports-inc","united-states-of-america"
1956,"lindsey-hopkins","united-states-of-america"
1956,"luigi-piotti","italy"
1956,"murrell-belanger","united-states-of-america"
1956,"novi-racing-corp","united-states-of-america"
1956,"officine-alfieri-maserati","italy"
1956,"ottorino-volonterio","switzerland"
1956,"owen-racing-organisation","united-kingdom"
1956,"pat-clancy","united-states-of-america"
1956,"pete-salemi","united-states-of-america"
1956,"peter-schmidt","united-states-of-america"
1956,"piero-scotti","italy"
1956,"racing-associates","united-states-of-america"
1956,"ray-crawford","united-states-of-america"
1956,"samuel-w-traylor-iii","united-states-of-america"
1956,"scuderia-centro-sud","italy"
1956,"scuderia-ferrari","italy"
1956,"scuderia-guastalla","italy"
1956,"shannon-bros","united-states-of-america"
1956,"vandervell-products","united-kingdom"
1957,"ae-dean","united-states-of-america"
1957,"ansted-rotary-corp","united-states-of-america"
1957,"bob-estes","united-states-of-america"
1957,"bob-gerard","united-kingdom"
1957,"bruce-halford","united-kingdom"
1957,"cars-inc","united-states-of-america"
1957,"chapman-s-root","united-states-of-america"
1957,"connaught-engineering","united-kingdom"
1957,"cooper-car-company","united-kingdom"
1957,"dick-gibson","united-kingdom"
1957,"dr-ing-f-porsche-kg","germany"
1957,"ecurie-maarsbergen","netherlands"
1957,"ernest-l-ruiz","united-states-of-america"
1957,"francesco-godia-sales","spain"
1957,"fred-richard-sommer","united-states-of-america"
1957,"fred-sclavi","united-states-of-america"
1957,"george-bignotti","united-states-of-america"
1957,"george-salih","united-states-of-america"
1957,"george-walther-jr","united-states-of-america"
1957,"gilby-engineering","united-kingdom"
1957,"ha-chapman","united-states-of-america"
1957,"harry-dunn","united-states-of-america"
1957,"hh-gould","united-kingdom"
1957,"hh-johnson","united-states-of-america"
1957,"jb-naylor","united-kingdom"
1957,"jo-bonnier","sweden"
1957,"john-zink","united-states-of-america"
1957,"joseph-massaglia-jr","united-states-of-america"
1957,"js-donaldson","united-states-of-america"
1957,"kalamazoo-sports-inc","united-states-of-america"
1957,"lindsey-hopkins","united-states-of-america"
1957,"luigi-piotti","italy"
1957,"lysle-greenman","united-states-of-america"
1957,"novi-racing-corp","united-states-of-america"
1957,"officine-alfieri-maserati","italy"
1957,"ottorino-volonterio","switzerland"
1957,"owen-racing-organisation","united-kingdom"
1957,"pat-clancy","united-states-of-america"
1957,"pete-salemi","united-states-of-america"
1957,"peter-schmidt","united-states-of-america"
1957,"racing-associates","united-states-of-america"
1957,"ridgeway-management","united-kingdom"
1957,"roger-wolcott","united-states-of-america"
1957,"roy-mckay","united-states-of-america"
1957,"rrc-walker-racing-team","united-kingdom"
1957,"scuderia-centro-sud","italy"
1957,"scuderia-ferrari","italy"
1957,"vandervell-products","united-kingdom"
1958,"andre-guelfi","france"
1958,"andre-testut","monaco"
1958,"bernie-c-ecclestone","united-kingdom"
1958,"bob-estes","united-states-of-america"
1958,"bob-sorenson","united-states-of-america"
1958,"british-racing-partnership","united-kingdom"
1958,"cars-inc","united-states-of-america"
1958,"chapman-s-root","united-states-of-america"
1958,"cooper-car-company","united-kingdom"
1958,"dean-van-lines","united-states-of-america"
1958,"dick-gibson","united-kingdom"
1958,"dr-ing-f-porsche-kg","germany"
1958,"ecurie-demi-litre","united-kingdom"
1958,"ecurie-eperon-dor","belgium"
1958,"ecurie-maarsbergen","netherlands"
1958,"ellen-mckinney-zink","united-states-of-america"
1958,"federal-auto-associates","united-states-of-america"
1958,"francesco-godia-sales","spain"
1958,"fred-gerhardt","united-states-of-america"
1958,"george-salih","united-states-of-america"
1958,"george-walther-jr","united-states-of-america"
1958,"giorgio-scarlatti","italy"
1958,"ha-chapman","united-states-of-america"
1958,"harry-dunn","united-states-of-america"
1958,"henry-yunik","united-states-of-america"
1958,"hh-gould","united-kingdom"
1958,"hh-johnson","united-states-of-america"
1958,"high-efficiency-motors","united-kingdom"
1958,"jb-naylor","united-kingdom"
1958,"jim-robbins","united-states-of-america"
1958,"jo-bonnier","sweden"
1958,"john-zink","united-states-of-america"
1958,"joseph-massaglia-jr","united-states-of-america"
1958,"js-donaldson","united-states-of-america"
1958,"juan-manuel-fangio","argentina"
1958,"kalamazoo-sports-inc","united-states-of-america"
1958,"ken-kavanagh","australia"
1958,"lindsey-hopkins","united-states-of-america"
1958,"lysle-greenman","united-states-of-america"
1958,"maria-teresa-de-filippis","italy"
1958,"norman-c-demler","united-states-of-america"
1958,"novi-racing-corp","united-states-of-america"
1958,"osca-automobili","italy"
1958,"owen-racing-organisation","united-kingdom"
1958,"pat-clancy","united-states-of-america"
1958,"peter-schmidt","united-states-of-america"
1958,"racing-associates","united-states-of-america"
1958,"robert-la-caze","morocco"
1958,"robert-m-bowes-ii","united-states-of-america"
1958,"roger-wolcott","united-states-of-america"
1958,"roy-mckay","united-states-of-america"
1958,"rrc-walker-racing-team","united-kingdom"
1958,"scuderia-centro-sud","italy"
1958,"scuderia-ferrari","italy"
1958,"scuderia-sud-americana","argentina"
1958,"team-lotus","united-kingdom"
1958,"temple-buell","united-states-of-america"
1958,"tony-marsh","united-kingdom"
1958,"vandervell-products","united-kingdom"
1959,"ace-garage-rotherham","united-kingdom"
1959,"ae-dean","united-states-of-america"
1959,"alan-brown-equipe","united-kingdom"
1959,"bignotti-bowes-racing","united-states-of-america"
1959,"blanchard-automobile-co","united-states-of-america"
1959,"bob-estes","united-states-of-america"
1959,"british-racing-partnership","united-kingdom"
1959,"camoradi-usa","united-states-of-america"
1959,"chapman-s-root","united-states-of-america"
1959,"connaught-cars-paul-emery","united-kingdom"
1959,"cooper-car-company","united-kingdom"
1959,"david-brown-corporation","united-kingdom"
1959,"david-fry","united-kingdom"
1959,"dennis-taylor","united-kingdom"
1959,"dorchester-service-station","united-kingdom"
1959,"dr-ing-f-porsche-kg","germany"
1959,"ecurie-bleue","france"
1959,"ecurie-maarsbergen","netherlands"
1959,"equipe-nationale-belge","belgium"
1959,"ernest-l-ruiz","united-states-of-america"
1959,"federal-auto-associates","united-states-of-america"
1959,"fred-gerhardt","united-states-of-america"
1959,"george-salih","united-states-of-america"
1959,"george-walther-jr","united-states-of-america"
1959,"gilby-engineering","united-kingdom"
1959,"harry-dunn","united-states-of-america"
1959,"hh-johnson","united-states-of-america"
1959,"high-efficiency-motors","united-kingdom"
1959,"jb-naylor","united-kingdom"
1959,"jean-behra","germany"
1959,"jean-lucienbonnet","france"
1959,"jim-robbins","united-states-of-america"
1959,"john-fisher","united-kingdom"
1959,"john-r-wills","united-states-of-america"
1959,"john-zink","united-states-of-america"
1959,"js-donaldson","united-states-of-america"
1959,"kalamazoo-sports-inc","united-states-of-america"
1959,"karl-hall","united-states-of-america"
1959,"leader-cards-inc","united-states-of-america"
1959,"leroy-e-foutch-jr","united-states-of-america"
1959,"lindsey-hopkins","united-states-of-america"
1959,"lysle-greenman","united-states-of-america"
1959,"monte-carlo-auto-sport","monaco"
1959,"norman-c-demler","united-states-of-america"
1959,"osca-automobili","italy"
1959,"ottorino-volonterio","switzerland"
1959,"owen-racing-organisation","united-kingdom"
1959,"peter-schmidt","united-states-of-america"
1959,"phil-cade","united-states-of-america"
1959,"racing-associates","united-states-of-america"
1959,"ray-crawford","united-states-of-america"
1959,"ray-t-brady","united-states-of-america"
1959,"rhh-parnell","united-kingdom"
1959,"roy-mckay","united-states-of-america"
1959,"rrc-walker-racing-team","united-kingdom"
1959,"rt-marley-sr","united-states-of-america"
1959,"scuderia-centro-sud","italy"
1959,"scuderia-ferrari","italy"
1959,"scuderia-ugolini","italy"
1959,"taylor-crawley-racing-team","united-kingdom"
1959,"team-lotus","united-kingdom"
1959,"united-racing-stable","united-kingdom"
1959,"vandervell-products","united-kingdom"
1959,"wolcott-memorial-racing-team","united-states-of-america"
1959,"yunick-glover-lathrop","united-states-of-america"
1960,"ansted-rotary-corp","united-states-of-america"
1960,"antonio-creus","spain"
1960,"arthur-owen","united-kingdom"
1960,"bignotti-bowes-racing","united-states-of-america"
1960,"bob-estes","united-states-of-america"
1960,"co-prather","united-states-of-america"
1960,"ct-atkins","united-kingdom"
1960,"camoradi-international","united-states-of-america"
1960,"chapman-s-root","united-states-of-america"
1960,"cooper-car-company","united-kingdom"
1960,"david-brown-corporation","united-kingdom"
1960,"dean-van-lines","united-states-of-america"
1960,"ecurie-bleue","france"
1960,"ecurie-maarsbergen","netherlands"
1960,"equipe-nationale-belge","belgium"
1960,"equipe-prideaux-dick-gibson","united-kingdom"
1960,"ernest-l-ruiz","united-states-of-america"
1960,"ettore-chimeri","venezuela"
1960,"federal-auto-associates","united-states-of-america"
1960,"fred-armbruster","united-states-of-america"
1960,"fred-tuck-cars","united-kingdom"
1960,"george-salih","united-states-of-america"
1960,"gilby-engineering","united-kingdom"
1960,"gino-munaron","italy"
1960,"giorgio-scarlatti","italy"
1960,"hh-gould","united-kingdom"
1960,"high-efficiency-motors","united-kingdom"
1960,"hoover-motor-express-inc","united-states-of-america"
1960,"j-ensley-s-murphy","united-states-of-america"
1960,"jb-naylor","united-kingdom"
1960,"jc-agajanian","united-states-of-america"
1960,"jim-hall","united-states-of-america"
1960,"jim-robbins","united-states-of-america"
1960,"joe-hunt","united-states-of-america"
1960,"joe-lubin","united-states-of-america"
1960,"john-zink","united-states-of-america"
1960,"js-donaldson","united-states-of-america"
1960,"ken-paul-inc","united-states-of-america"
1960,"leader-cards-inc","united-states-of-america"
1960,"leonard-a-faas","united-states-of-america"
1960,"lindsey-hopkins","united-states-of-america"
1960,"nasif-estefano","argentina"
1960,"norman-c-demler","united-states-of-america"
1960,"norman-hall","united-states-of-america"
1960,"owen-racing-organisation","united-kingdom"
1960,"peter-salemi-nick-rini","united-states-of-america"
1960,"peter-schmidt","united-states-of-america"
1960,"dr-ing-f-porsche-kg","germany"
1960,"racing-associates","united-states-of-america"
1960,"reventlow-automobiles-inc","united-states-of-america"
1960,"robert-bodle-ltd","united-kingdom"
1960,"roy-mckay","united-states-of-america"
1960,"rrc-walker-racing-team","united-kingdom"
1960,"scuderia-centro-sud","italy"
1960,"scuderia-colonia","germany"
1960,"scuderia-eugenio-castellotti","italy"
1960,"scuderia-ferrari","italy"
1960,"taylor-crawley-racing-team","united-kingdom"
1960,"team-lotus","united-kingdom"
1960,"vandervell-products","united-kingdom"
1960,"william-p-forbes","united-states-of-america"
1960,"wolfgang-seidel","germany"
1960,"yeoman-credit-racing-team","united-kingdom"
1961,"bernard-collomb","france"
1961,"camoradi-international","united-states-of-america"
1961,"cooper-car-company","united-kingdom"
1961,"ecurie-maarsbergen","netherlands"
1961,"equipe-nationale-belge","belgium"
1961,"fisa","italy"
1961,"fred-tuck-cars","united-kingdom"
1961,"gaetano-starrabba","italy"
1961,"gerry-ashmore","united-kingdom"
1961,"gilby-engineering","united-kingdom"
1961,"hap-sharp","united-states-of-america"
1961,"hl-motors","united-kingdom"
1961,"isobele-de-tomaso","italy"
1961,"j-frank-harrison","united-states-of-america"
1961,"j-wheeler-autosport","canada"
1961,"jb-naylor","united-kingdom"
1961,"jim-hall","united-states-of-america"
1961,"john-m-wyatt-iii","united-states-of-america"
1961,"louise-bryden-brown","united-states-of-america"
1961,"momo-corporation","united-states-of-america"
1961,"owen-racing-organisation","united-kingdom"
1961,"pescara-racing-team","italy"
1961,"porsche-system-engineering","germany"
1961,"rrc-walker-racing-team","united-kingdom"
1961,"scuderia-centro-sud","italy"
1961,"scuderia-colonia","germany"
1961,"scuderia-ferrari-spa-sefac","italy"
1961,"scuderia-santambroeus","italy"
1961,"scuderia-serenissima","italy"
1961,"scuderia-settecolli","italy"
1961,"team-lotus","united-kingdom"
1961,"tim-parnell","united-kingdom"
1961,"tony-marsh","united-kingdom"
1961,"udt-laystall-racing-team","united-kingdom"
1961,"yeoman-credit-racing-team","united-kingdom"
1962,"anglo-american-equipe","united-kingdom"
1962,"autosport-team-wolfgang-seidel","germany"
1962,"bernard-collomb","france"
1962,"bowmaker-yeoman-racing-team","united-kingdom"
1962,"brabham-racing-organisation","united-kingdom"
1962,"cooper-car-company","united-kingdom"
1962,"dupont-team-zerex","united-states-of-america"
1962,"ecurie-excelsior","united-states-of-america"
1962,"ecurie-filipinetti","switzerland"
1962,"ecurie-galloise","united-kingdom"
1962,"ecurie-maarsbergen","netherlands"
1962,"ecurie-nationale-suisse","switzerland"
1962,"emeryson-cars","united-kingdom"
1962,"equipe-nationale-belge","belgium"
1962,"ernie-pieterse","south-africa"
1962,"gerry-ashmore","united-kingdom"
1962,"gilby-engineering","united-kingdom"
1962,"hap-sharp","united-states-of-america"
1962,"jim-hall","united-states-of-america"
1962,"john-dalton","united-kingdom"
1962,"john-love","zimbabwe"
1962,"john-mecom","united-states-of-america"
1962,"mike-harris","zimbabwe"
1962,"neville-lederle","south-africa"
1962,"otelle-nucci","south-africa"
1962,"owen-racing-organisation","united-kingdom"
1962,"porsche-system-engineering","germany"
1962,"rrc-walker-racing-team","united-kingdom"
1962,"scuderia-de-tomaso","italy"
1962,"scuderia-ferrari-spa-sefac","italy"
1962,"scuderia-jolly-club","italy"
1962,"scuderia-settecolli","italy"
1962,"scuderia-sss-republica-di-venezia","italy"
1962,"team-lotus","united-kingdom"
1962,"udt-laystall-racing-team","united-kingdom"
1963,"andre-pilette","belgium"
1963,"automobili-turismo-e-sport","italy"
1963,"bernard-collomb","france"
1963,"brabham-racing-organisation","united-kingdom"
1963,"british-racing-partnership","united-kingdom"
1963,"canadian-stebro-racing","canada"
1963,"cooper-car-company","united-kingdom"
1963,"david-prophet","united-kingdom"
1963,"dw-racing-enterprises","united-kingdom"
1963,"ecurie-filipinetti","switzerland"
1963,"ecurie-maarsbergen","netherlands"
1963,"frank-dochnal","united-states-of-america"
1963,"ian-raby-racing","united-kingdom"
1963,"john-love","zimbabwe"
1963,"kurt-kuhnke","germany"
1963,"lawson-organisation","south-africa"
1963,"otelle-nucci","south-africa"
1963,"owen-racing-organisation","united-kingdom"
1963,"reg-parnell-racing","united-kingdom"
1963,"rrc-walker-racing-team","united-kingdom"
1963,"sam-tingle","zimbabwe"
1963,"scirocco-powell-racing-cars","united-kingdom"
1963,"scuderia-centro-sud","italy"
1963,"scuderia-ferrari-spa-sefac","italy"
1963,"scuderia-lupini","south-africa"
1963,"scuderia-settecolli","italy"
1963,"selby-auto-spares","south-africa"
1963,"siffert-racing-team","switzerland"
1963,"team-lotus","united-kingdom"
1963,"ted-lanfear","south-africa"
1963,"tim-parnell","united-kingdom"
1964,"bernard-collomb","france"
1964,"bob-gerard-racing","united-kingdom"
1964,"brabham-racing-organisation","united-kingdom"
1964,"british-racing-partnership","united-kingdom"
1964,"cooper-car-company","united-kingdom"
1964,"derrington-francis-racing-team","united-kingdom"
1964,"dw-racing-enterprises","united-kingdom"
1964,"ecurie-maarsbergen","netherlands"
1964,"equipe-scirocco-belge","belgium"
1964,"fabre-urbain","switzerland"
1964,"honda-rd-company","japan"
1964,"ian-raby-racing","united-kingdom"
1964,"john-willment-automobiles","united-kingdom"
1964,"maurice-trintignant","france"
1964,"owen-racing-organisation","united-kingdom"
1964,"north-american-racing-team","united-states-of-america"
1964,"reg-parnell-racing","united-kingdom"
1964,"revson-racing","united-states-of-america"
1964,"rrc-walker-racing-team","united-kingdom"
1964,"scuderia-centro-sud","italy"
1964,"scuderia-ferrari-spa-sefac","italy"
1964,"siffert-racing-team","switzerland"
1964,"team-lotus","united-kingdom"
1965,"bob-gerard-racing","united-kingdom"
1965,"brabham-racing-organisation","united-kingdom"
1965,"brian-gubby","united-kingdom"
1965,"clive-puzey-motors","zimbabwe"
1965,"cooper-car-company","united-kingdom"
1965,"david-prophet","united-kingdom"
1965,"dw-racing-enterprises","united-kingdom"
1965,"ecurie-tomahawk","south-africa"
1965,"honda-rd-company","japan"
1965,"ian-raby-racing","united-kingdom"
1965,"jackie-pretorius","south-africa"
1965,"john-love","zimbabwe"
1965,"john-willment-automobiles","united-kingdom"
1965,"lawson-organisation","south-africa"
1965,"north-american-racing-team","united-states-of-america"
1965,"otelle-nucci","south-africa"
1965,"owen-racing-organisation","united-kingdom"
1965,"reg-parnell-racing","united-kingdom"
1965,"rrc-walker-racing-team","united-kingdom"
1965,"sam-tingle","zimbabwe"
1965,"scuderia-centro-sud","italy"
1965,"scuderia-ferrari-spa-sefac","italy"
1965,"scuderia-scribante","south-africa"
1965,"team-lotus","united-kingdom"
1965,"ted-lanfear","south-africa"
1965,"trevor-blokdyk","south-africa"
1966,"anglo-american-racers","united-states-of-america"
1966,"anglo-suisse-racing-team","switzerland"
1966,"bernard-white-racing","united-kingdom"
1966,"brabham-racing-organisation","united-kingdom"
1966,"bruce-mclaren-motor-racing","united-kingdom"
1966,"caltex-racing-team","germany"
1966,"chris-amon-racing","new-zealand"
1966,"cooper-car-company","united-kingdom"
1966,"david-bridges","united-kingdom"
1966,"dw-racing-enterprises","united-kingdom"
1966,"guy-ligier","france"
1966,"honda-rd-company","japan"
1966,"ja-pearce-engineering-ltd","united-kingdom"
1966,"matra-sports","france"
1966,"owen-racing-organisation","united-kingdom"
1966,"phil-hill","united-states-of-america"
1966,"reg-parnell-racing","united-kingdom"
1966,"roy-winkelmann-racing","united-kingdom"
1966,"rrc-walker-racing-team","united-kingdom"
1966,"scuderia-ferrari-spa-sefac","italy"
1966,"shannon-racing-cars","united-kingdom"
1966,"silvio-moser","switzerland"
1966,"team-chamaco-collect","united-kingdom"
1966,"team-lotus","united-kingdom"
1966,"tyrrell-racing-organisation","united-kingdom"
1967,"anglo-american-racers","united-states-of-america"
1967,"bayerische-motoren-werke-ag","germany"
1967,"bernard-white-racing","united-kingdom"
1967,"brabham-racing-organisation","united-kingdom"
1967,"bruce-mclaren-motor-racing","united-kingdom"
1967,"castrol-oils-ltd","canada"
1967,"charles-vogele-racing","switzerland"
1967,"cooper-car-company","united-kingdom"
1967,"dw-racing-enterprises","united-kingdom"
1967,"ecurie-ford-france","france"
1967,"gerhard-mitter","germany"
1967,"guy-ligier","france"
1967,"honda-racing","japan"
1967,"joakim-bonnier-racing-team","switzerland"
1967,"john-love","zimbabwe"
1967,"lola-cars","united-kingdom"
1967,"luki-botha","south-africa"
1967,"matra-sports","france"
1967,"mike-fisher","united-states-of-america"
1967,"owen-racing-organisation","united-kingdom"
1967,"reg-parnell-racing","united-kingdom"
1967,"rob-walker-jack-durlacher-racing-team","united-kingdom"
1967,"ron-harris-racing-team","united-kingdom"
1967,"roy-winkelmann-racing","united-kingdom"
1967,"sam-tingle","zimbabwe"
1967,"scuderia-ferrari-spa-sefac","italy"
1967,"scuderia-scribante","south-africa"
1967,"team-lotus","united-kingdom"
1967,"tom-jones","united-states-of-america"
1967,"tyrrell-racing-organisation","united-kingdom"
1968,"anglo-american-racers","united-states-of-america"
1968,"bayerische-motoren-werke-ag","germany"
1968,"bernard-white-racing","united-kingdom"
1968,"brabham-racing-organisation","united-kingdom"
1968,"bruce-mclaren-motor-racing","united-kingdom"
1968,"caltex-racing-team","germany"
1968,"castrol-oils-ltd","canada"
1968,"charles-vogele-racing","switzerland"
1968,"cooper-car-company","united-kingdom"
1968,"honda-racing","japan"
1968,"joakim-bonnier-racing-team","switzerland"
1968,"john-love","zimbabwe"
1968,"matra-international","united-kingdom"
1968,"matra-sports","france"
1968,"owen-racing-organisation","united-kingdom"
1968,"reg-parnell-racing","united-kingdom"
1968,"rob-walker-jack-durlacher-racing-team","united-kingdom"
1968,"scuderia-ferrari-spa-sefac","italy"
1968,"scuderia-scribante","south-africa"
1968,"team-gunston","zimbabwe"
1968,"team-lotus","united-kingdom"
1968,"team-pretoria","south-africa"
1969,"ahrens-racing-team","germany"
1969,"antique-automobiles","united-kingdom"
1969,"bayerische-motoren-werke-ag","germany"
1969,"bruce-mclaren-motor-racing","united-kingdom"
1969,"ecurie-bonnier","switzerland"
1969,"felday-engineering-ltd","united-kingdom"
1969,"frank-williams-racing-cars","united-kingdom"
1969,"gold-leaf-team-lotus","united-kingdom"
1969,"jack-holme","south-africa"
1969,"john-maryon","canada"
1969,"matra-international","united-kingdom"
1969,"matra-sports","france"
1969,"motor-racing-developments","united-kingdom"
1969,"north-american-racing-team","united-states-of-america"
1969,"owen-racing-organisation","united-kingdom"
1969,"paul-seitz","canada"
1969,"pete-lovely-volkswagen-inc","united-states-of-america"
1969,"reg-parnell-racing","united-kingdom"
1969,"rob-walker-jack-durlacher-racing-team","united-kingdom"
1969,"roy-winkelmann-racing","united-kingdom"
1969,"scuderia-ferrari-spa-sefac","italy"
1969,"silvio-moser","switzerland"
1969,"squadra-tartaruga","switzerland"
1969,"team-gunston","zimbabwe"
1969,"team-lawson","south-africa"
1969,"tecno-racing-team","italy"
1970,"antique-automobiles-racing-team","united-kingdom"
1970,"auto-motor-und-sport","united-kingdom"
1970,"brooke-bond-oxo-racing-with-rob-walker","united-kingdom"
1970,"bruce-mclaren-motor-racing","united-kingdom"
1970,"ecurie-bonnier","switzerland"
1970,"equipe-matra-elf","france"
1970,"frank-williams-racing-cars","united-kingdom"
1970,"garvey-team-lotus","united-kingdom"
1970,"gold-leaf-team-lotus","united-kingdom"
1970,"gus-hutchison","united-states-of-america"
1970,"hubert-hahne","germany"
1970,"march-engineering","united-kingdom"
1970,"motor-racing-developments","united-kingdom"
1970,"pete-lovely-volkswagen-inc","united-states-of-america"
1970,"scuderia-ferrari-spa-sefac","italy"
1970,"scuderia-scribante","south-africa"
1970,"silvio-moser","switzerland"
1970,"stp-corporation","united-states-of-america"
1970,"team-gunston","zimbabwe"
1970,"team-surtees","united-kingdom"
1970,"tom-wheatcroft-racing","united-kingdom"
1970,"tyrrell-racing-organisation","united-kingdom"
1970,"world-wide-racing","united-kingdom"
1970,"yardley-team-brm","united-kingdom"
1971,"auto-motor-und-sport-team-surtees","united-kingdom"
1971,"brooke-bond-oxo-team-surtees","united-kingdom"
1971,"bruce-mclaren-motor-racing","united-kingdom"
1971,"clarke-mordaunt-guthrie-racing","united-kingdom"
1971,"ecurie-bonnier","sweden"
1971,"ecurie-evergreen","united-kingdom"
1971,"elf-team-tyrrell","united-kingdom"
1971,"equipe-matra-sports","france"
1971,"frank-williams-racing-cars","united-kingdom"
1971,"gene-mason-racing","united-states-of-america"
1971,"gold-leaf-team-lotus","united-kingdom"
1971,"jo-siffert-automobiles","switzerland"
1971,"jolly-club-of-switzerland","switzerland"
1971,"motor-racing-developments","united-kingdom"
1971,"penske-white-racing","united-states-of-america"
1971,"pete-lovely-volkswagen-inc","united-states-of-america"
1971,"scuderia-ferrari-spa-sefac","italy"
1971,"scuderia-scribante","south-africa"
1971,"shell-arnold-team","france"
1971,"stichting-autoraces-nederland","netherlands"
1971,"stp-march-racing-team","united-kingdom"
1971,"team-gunston","zimbabwe"
1971,"team-surtees","united-kingdom"
1971,"world-wide-racing","united-kingdom"
1971,"yardley-team-brm","united-kingdom"
1972,"brooke-bond-oxo-team-surtees","united-kingdom"
1972,"ceramica-pagnossin-team-surtees","united-kingdom"
1972,"champcarr-inc","united-states-of-america"
1972,"clarke-mordaunt-guthrie-racing","united-kingdom"
1972,"darnval-connew-racing-team","united-kingdom"
1972,"elf-team-tyrrell","united-kingdom"
1972,"equipe-matra-sports","france"
1972,"flame-out-team-surtees","united-kingdom"
1972,"gene-mason-racing","united-states-of-america"
1972,"john-player-team-lotus","united-kingdom"
1972,"lucky-strike-racing","south-africa"
1972,"marlboro-brm","united-kingdom"
1972,"martini-racing","italy"
1972,"motor-racing-developments","united-kingdom"
1972,"scuderia-ferrari-spa-sefac","italy"
1972,"stp-march-racing-team","united-kingdom"
1972,"team-eifelland-caravans","germany"
1972,"team-gunston","zimbabwe"
1972,"team-surtees","united-kingdom"
1972,"team-williams-motul","united-kingdom"
1972,"yardley-team-mclaren","united-kingdom"
1973,"blignaut-lucky-strike-racing","south-africa"
1973,"brooke-bond-oxo-team-surtees","united-kingdom"
1973,"ceramica-pagnossin-mrd","united-kingdom"
1973,"ceramica-pagnossin-team-surtees","united-kingdom"
1973,"clarke-mordaunt-guthrie-racing","united-kingdom"
1973,"elf-team-tyrrell","united-kingdom"
1973,"embassy-racing","united-kingdom"
1973,"frank-williams-racing-cars","united-kingdom"
1973,"hesketh-racing","united-kingdom"
1973,"hexagon-of-highgate","united-kingdom"
1973,"john-player-team-lotus","united-kingdom"
1973,"lec-refrigeration-racing","united-kingdom"
1973,"march-racing-team","united-kingdom"
1973,"marlboro-brm","united-kingdom"
1973,"martini-racing-team","italy"
1973,"motor-racing-developments","united-kingdom"
1973,"scribante-lucky-strike-racing","south-africa"
1973,"scuderia-ferrari-spa-sefac","italy"
1973,"team-ensign","united-kingdom"
1973,"team-pierre-robert","sweden"
1973,"team-surtees","united-kingdom"
1973,"uop-shadow-racing","united-states-of-america"
1973,"yardley-team-mclaren","united-kingdom"
1974,"aaw-racing-team","finland"
1974,"allied-polymer-group","united-kingdom"
1974,"bang-olufsen-team-surtees","united-kingdom"
1974,"blignaut-embassy-racing","south-africa"
1974,"dalton-amon-international","new-zealand"
1974,"dempster-international-racing-team","united-kingdom"
1974,"elf-team-tyrrell","united-kingdom"
1974,"embassy-racing-with-graham-hill","united-kingdom"
1974,"frank-williams-racing-cars","united-kingdom"
1974,"hesketh-racing","united-kingdom"
1974,"john-goldie-racing-with-hexagon","united-kingdom"
1974,"john-player-team-lotus","united-kingdom"
1974,"maki-engineering","japan"
1974,"march-engineering","united-kingdom"
1974,"marlboro-team-texaco","united-kingdom"
1974,"memphis-international-team-surtees","united-kingdom"
1974,"motor-racing-developments","united-kingdom"
1974,"penske-cars","united-states-of-america"
1974,"pinch-plant-ltd","united-kingdom"
1974,"scribante-lucky-strike-racing","south-africa"
1974,"scuderia-ferrari-spa-sefac","italy"
1974,"scuderia-finotto","italy"
1974,"team-brm","united-kingdom"
1974,"team-canada-f1-racing","canada"
1974,"team-ensign","united-kingdom"
1974,"team-gunston","south-africa"
1974,"team-surtees","united-kingdom"
1974,"the-chequered-flag","united-kingdom"
1974,"token-racing","united-kingdom"
1974,"trojan-tauranac-racing","united-kingdom"
1974,"uop-shadow-racing","united-states-of-america"
1974,"vels-parnelli-jones-racing","united-states-of-america"
1974,"yardley-team-mclaren","united-kingdom"
1975,"beta-team-march","united-kingdom"
1975,"copersucar-fittipaldi","brazil"
1975,"custom-made-harry-stiller-racing","united-kingdom"
1975,"elf-team-tyrrell","united-kingdom"
1975,"embassy-racing-with-graham-hill","united-kingdom"
1975,"first-national-city-bank-team-penske","united-states-of-america"
1975,"frank-williams-racing-cars","united-kingdom"
1975,"hb-bewaking-team-ensign","united-kingdom"
1975,"hesketh-racing","united-kingdom"
1975,"john-player-team-lotus","united-kingdom"
1975,"lavazza-march","united-kingdom"
1975,"lexington-racing","south-africa"
1975,"lucky-strike-racing","south-africa"
1975,"maki-engineering","japan"
1975,"marlboro-team-texaco","united-kingdom"
1975,"martini-racing","united-kingdom"
1975,"matchbox-team-surtees","united-kingdom"
1975,"uop-shadow-racing","united-states-of-america"
1975,"national-organs-team-surtees","united-kingdom"
1975,"pinch-plant-ltd","united-kingdom"
1975,"polar-caravans","united-kingdom"
1975,"scuderia-ferrari-spa-sefac","italy"
1975,"stanley-brm","united-kingdom"
1975,"team-gunston","south-africa"
1975,"vels-parnelli-jones-racing","united-states-of-america"
1975,"warsteiner-brewery","united-kingdom"
1976,"beta-team-march","united-kingdom"
1976,"copersucar-fittipaldi","brazil"
1976,"durex-team-surtees","united-kingdom"
1976,"elf-team-tyrrell","united-kingdom"
1976,"first-national-city-bank-team-penske","united-states-of-america"
1976,"fs-properties","netherlands"
1976,"hb-bewaking-alarm-systems","netherlands"
1976,"heros-racing","japan"
1976,"hesketh-racing","united-kingdom"
1976,"john-player-team-lotus","united-kingdom"
1976,"kojima-engineering","japan"
1976,"lavazza-march","united-kingdom"
1976,"lexington-racing","south-africa"
1976,"ligier-gitanes","france"
1976,"lucky-strike-shadow-racing","united-kingdom"
1976,"maki-engineering","japan"
1976,"mapfre-williams","united-kingdom"
1976,"march-engineering","united-kingdom"
1976,"marlboro-team-mclaren","united-kingdom"
1976,"martini-racing","united-kingdom"
1976,"oasc-racing-team","austria"
1976,"ovoro-team-march","united-kingdom"
1976,"penthouse-rizla-racing-with-hesketh","united-kingdom"
1976,"ram-racing","united-kingdom"
1976,"scuderia-ferrari-spa-sefac","italy"
1976,"scuderia-gulf-rondini","italy"
1976,"shellsport-whiting","united-kingdom"
1976,"stanley-brm","united-kingdom"
1976,"tabatip-shadow-racing","united-kingdom"
1976,"team-ensign","united-kingdom"
1976,"team-norev","united-kingdom"
1976,"team-pr-reilly","united-kingdom"
1976,"team-surtees","united-kingdom"
1976,"vels-parnelli-jones-racing","united-states-of-america"
1976,"wolf-williams-racing","canada"
1977,"ambrosio-shadow-racing","united-kingdom"
1977,"ats-racing-team","germany"
1977,"beta-team-surtees","united-kingdom"
1977,"brian-mcguire","australia"
1977,"british-formula-one-racing-team","united-kingdom"
1977,"chesterfield-racing","united-states-of-america"
1977,"durex-team-surtees","united-kingdom"
1977,"equipe-renault-elf","france"
1977,"first-national-city-elf-team-tyrrell","united-kingdom"
1977,"fittipaldi-automotive","brazil"
1977,"hb-bewaking-alarmsystemen","netherlands"
1977,"heros-racing-corporation","japan"
1977,"hesketh-racing","united-kingdom"
1977,"hollywood-march-racing","united-kingdom"
1977,"iberia-airlines","spain"
1977,"interscope-racing","united-states-of-america"
1977,"john-player-team-lotus","united-kingdom"
1977,"jolly-club-of-switzerland","switzerland"
1977,"kojima-engineering","japan"
1977,"lec-refrigeration-racing","united-kingdom"
1977,"ligier-gitanes","france"
1977,"marlboro-team-mclaren","united-kingdom"
1977,"martini-racing","united-kingdom"
1977,"meiritsu-racing-team","japan"
1977,"melchester-racing","united-kingdom"
1977,"penthouse-rizla-racing","united-kingdom"
1977,"ram-racing-fs-properties","united-kingdom"
1977,"scuderia-ferrari-spa-sefac","italy"
1977,"stanley-brm","united-kingdom"
1977,"team-merzario","italy"
1977,"team-rothmans-international","united-kingdom"
1977,"team-surtees","united-kingdom"
1977,"team-tissot-ensign-with-castrol","united-kingdom"
1977,"theodore-racing-hong-kong","hong-kong"
1977,"walter-wolf-racing","canada"
1977,"williams-grand-prix-engineering","united-kingdom"
1978,"arrows-racing-team","united-kingdom"
1978,"ats-racing-team","germany"
1978,"automobiles-martini","france"
1978,"beta-team-surtees","united-kingdom"
1978,"centro-asegurador-f1","spain"
1978,"durex-team-surtees","united-kingdom"
1978,"equipe-renault-elf","france"
1978,"first-national-city-elf-team-tyrrell","united-kingdom"
1978,"fittipaldi-automotive","brazil"
1978,"interscope-racing","united-states-of-america"
1978,"john-player-team-lotus","united-kingdom"
1978,"liggett-group-with-bs-fabrications","united-kingdom"
1978,"ligier-gitanes","france"
1978,"mario-deliotti-racing","united-kingdom"
1978,"marlboro-team-mclaren","united-kingdom"
1978,"melchester-racing","united-kingdom"
1978,"olympus-cameras-with-hesketh-racing","united-kingdom"
1978,"parmalat-racing-team","united-kingdom"
1978,"patrick-neve","belgium"
1978,"sachs-racing","germany"
1978,"scuderia-ferrari-spa-sefac","italy"
1978,"team-merzario","italy"
1978,"team-rebaque","mexico"
1978,"team-surtees","united-kingdom"
1978,"team-tissot-ensign","united-kingdom"
1978,"theodore-racing","hong-kong"
1978,"theodore-racing-hong-kong","hong-kong"
1978,"villiger-shadow","united-kingdom"
1978,"walter-wolf-racing","canada"
1978,"williams-grand-prix-engineering","united-kingdom"
1979,"albilad-saudia-racing-team","united-kingdom"
1979,"ats-wheels","germany"
1979,"autodelta","italy"
1979,"candy-tyrrell-team","united-kingdom"
1979,"equipe-renault-elf","france"
1979,"fittipaldi-automotive","brazil"
1979,"interscope-shadow-racing","united-kingdom"
1979,"ligier-gitanes","france"
1979,"marlboro-team-mclaren","united-kingdom"
1979,"martini-racing-team-lotus","united-kingdom"
1979,"olympus-cameras-wolf-racing","canada"
1979,"parmalat-racing-team","united-kingdom"
1979,"samson-shadow-racing","united-kingdom"
1979,"scuderia-ferrari-spa-sefac","italy"
1979,"team-ensign","united-kingdom"
1979,"team-merzario","italy"
1979,"team-rebaque","mexico"
1979,"warsteiner-arrows-racing-team","united-kingdom"
1979,"willi-kauhsen-racing-team","germany"
1980,"albilad-williams-racing-team","united-kingdom"
1980,"brands-hatch-racing","united-kingdom"
1980,"candy-tyrrell-team","united-kingdom"
1980,"equipe-ligier-gitanes","france"
1980,"equipe-renault-elf","france"
1980,"marlboro-team-alfa-romeo","italy"
1980,"marlboro-team-mclaren","united-kingdom"
1980,"osella-racing-team","italy"
1980,"parmalat-racing-team","united-kingdom"
1980,"ram-penthouse-rizla-racing","united-kingdom"
1980,"ram-rainbow-jeans-racing","united-kingdom"
1980,"ram-williams-grand-prix-engineering","united-kingdom"
1980,"scuderia-ferrari-spa-sefac","italy"
1980,"skol-fittipaldi-team","brazil"
1980,"team-ats","germany"
1980,"team-essex-lotus","united-kingdom"
1980,"theodore-shadow","united-kingdom"
1980,"unipart-racing-team","united-kingdom"
1980,"warsteiner-arrows-racing-team","united-kingdom"
1981,"albilad-williams-racing-team","united-kingdom"
1981,"candy-toleman-motorsport","united-kingdom"
1981,"denim-osella","italy"
1981,"ensign-racing","united-kingdom"
1981,"equipe-renault-elf","france"
1981,"equipe-talbot-gitanes","france"
1981,"fittipaldi-automotive","brazil"
1981,"march-grand-prix-team","united-kingdom"
1981,"marlboro-mclaren-international","united-kingdom"
1981,"marlboro-team-alfa-romeo","italy"
1981,"parmalat-racing-team","united-kingdom"
1981,"ragno-arrows-beta-racing-team","united-kingdom"
1981,"scuderia-ferrari-spa-sefac","italy"
1981,"team-ats","germany"
1981,"team-essex-lotus","united-kingdom"
1981,"theodore-racing-team","hong-kong"
1981,"tyrrell-racing-team","united-kingdom"
1982,"arrows-racing-team","united-kingdom"
1982,"candy-toleman-motorsport","united-kingdom"
1982,"ensign-racing","united-kingdom"
1982,"equipe-renault-elf","france"
1982,"equipe-talbot-gitanes","france"
1982,"fittipaldi-automotive","brazil"
1982,"john-player-team-lotus","united-kingdom"
1982,"lbt-team-march","united-kingdom"
1982,"marlboro-mclaren-international","united-kingdom"
1982,"marlboro-team-alfa-romeo","italy"
1982,"osella-squadra-corse","italy"
1982,"parmalat-racing-team","united-kingdom"
1982,"rothmans-march-grand-prix-team","united-kingdom"
1982,"scuderia-ferrari-spa-sefac","italy"
1982,"tag-williams-team","united-kingdom"
1982,"team-ats","germany"
1982,"team-tyrrell","united-kingdom"
1982,"theodore-racing-team","hong-kong"
1983,"arrows-racing-team","united-kingdom"
1983,"benetton-tyrrell-team","united-kingdom"
1983,"candy-toleman-motorsport","united-kingdom"
1983,"equipe-ligier-gitanes","france"
1983,"equipe-renault-elf","france"
1983,"fila-sport-brabham","united-kingdom"
1983,"john-player-special-team-lotus","united-kingdom"
1983,"kelemata-osella","italy"
1983,"marlboro-mclaren-international","united-kingdom"
1983,"marlboro-team-alfa-romeo","italy"
1983,"ram-racing-team-march","united-kingdom"
1983,"scuderia-ferrari-spa-sefac","italy"
1983,"spirit-racing","united-kingdom"
1983,"tag-williams-team","united-kingdom"
1983,"team-ats","germany"
1983,"theodore-racing-team","hong-kong"
1984,"barclay-nordica-arrows-bmw","united-kingdom"
1984,"benetton-team-alfa-romeo","italy"
1984,"equipe-renault-elf","france"
1984,"john-player-special-team-lotus","united-kingdom"
1984,"ligier-loto","france"
1984,"marlboro-mclaren-tag-turbo","united-kingdom"
1984,"mrd-international-brabham","united-kingdom"
1984,"osella-squadra-corse","italy"
1984,"scuderia-ferrari-spa-sefac","italy"
1984,"skoal-bandit-formula-1-team","united-kingdom"
1984,"spirit-racing","united-kingdom"
1984,"team-ats","germany"
1984,"toleman-group-motorsport","united-kingdom"
1984,"tyrrell-racing-organisation","united-kingdom"
1984,"williams-grand-prix-engineering","united-kingdom"
1985,"barclay-arrows-bmw","united-kingdom"
1985,"benetton-team-alfa-romeo","italy"
1985,"canon-williams-honda-team","united-kingdom"
1985,"equipe-ligier","france"
1985,"equipe-renault-elf","france"
1985,"john-player-special-team-lotus","united-kingdom"
1985,"kelemata-osella","italy"
1985,"marlboro-mclaren-tag-turbo","united-kingdom"
1985,"minardi-team","italy"
1985,"olivetti-racing","united-kingdom"
1985,"scuderia-ferrari-spa-sefac","italy"
1985,"skoal-bandit-formula-1-team","united-kingdom"
1985,"spirit-enterprises-ltd","united-kingdom"
1985,"team-haas-usa-ltd","united-states-of-america"
1985,"toleman-group-motorsport","united-kingdom"
1985,"tyrrell-racing-organisation","united-kingdom"
1985,"west-zakspeed-racing","germany"
1986,"barclay-arrows-bmw","united-kingdom"
1986,"benetton-formula","united-kingdom"
1986,"canon-williams-honda-team","united-kingdom"
1986,"data-general-team-tyrrell","united-kingdom"
1986,"equipe-ligier","france"
1986,"john-player-special-team-lotus","united-kingdom"
1986,"jolly-club-spa","france"
1986,"marlboro-mclaren-tag-turbo","united-kingdom"
1986,"minardi-team","italy"
1986,"olivetti-brabham","united-kingdom"
1986,"osella-squadra-corse","italy"
1986,"scuderia-ferrari-spa-sefac","italy"
1986,"team-haas-usa-ltd","united-states-of-america"
1986,"west-zakspeed-racing","germany"
1987,"benetton-formula","united-kingdom"
1987,"camel-team-lotus-honda","united-kingdom"
1987,"canon-williams-honda-team","united-kingdom"
1987,"data-general-team-tyrrell","united-kingdom"
1987,"el-charro","france"
1987,"enzo-coloni-racing-car-system","italy"
1987,"landis-gyr-osella","italy"
1987,"larrousse-calmels","france"
1987,"leyton-house-march-racing-team","united-kingdom"
1987,"ligier-loto","france"
1987,"marlboro-mclaren-tag-turbo","united-kingdom"
1987,"minardi-team","italy"
1987,"motor-racing-developments","united-kingdom"
1987,"scuderia-ferrari-spa-sefac","italy"
1987,"usfg-arrows-megatron","united-kingdom"
1987,"west-zakspeed-racing","germany"
1988,"ags","france"
1988,"benetton-formula","united-kingdom"
1988,"camel-team-lotus-honda","united-kingdom"
1988,"canon-williams-team","united-kingdom"
1988,"coloni","italy"
1988,"eurobrun-racing","italy"
1988,"honda-marlboro-mclaren","united-kingdom"
1988,"larrousse-calmels","france"
1988,"leyton-house-march-racing-team","united-kingdom"
1988,"ligier-loto","france"
1988,"lois-minardi-team","italy"
1988,"osella-squadra-corse","italy"
1988,"rial-racing","germany"
1988,"scuderia-ferrari-spa-sefac","italy"
1988,"scuderia-italia","italy"
1988,"tyrrell-racing-organisation","united-kingdom"
1988,"usfg-arrows-megatron","united-kingdom"
1988,"west-zakspeed-racing","germany"
1989,"ags","france"
1989,"benetton-formula","united-kingdom"
1989,"camel-team-lotus","united-kingdom"
1989,"canon-williams-team","united-kingdom"
1989,"coloni","italy"
1989,"eurobrun-racing","italy"
1989,"first-racing","italy"
1989,"fondmetal-osella","italy"
1989,"honda-marlboro-mclaren","united-kingdom"
1989,"leyton-house-racing","united-kingdom"
1989,"ligier-loto","france"
1989,"lois-minardi-team","italy"
1989,"moneytron-onyx-formula-one","united-kingdom"
1989,"motor-racing-developments","united-kingdom"
1989,"rial-racing","germany"
1989,"scuderia-ferrari-spa-sefac","italy"
1989,"scuderia-italia","italy"
1989,"team-larrousse","france"
1989,"tyrrell-racing-organisation","united-kingdom"
1989,"usfg-arrows-ford","united-kingdom"
1989,"west-zakspeed-racing","germany"
1990,"ags","france"
1990,"benetton-formula","united-kingdom"
1990,"camel-team-lotus","united-kingdom"
1990,"canon-williams-team","united-kingdom"
1990,"coloni-racing","italy"
1990,"espo-larrousse-f1","france"
1990,"eurobrun-racing","italy"
1990,"fondmetal-osella","italy"
1990,"footwork-arrows-racing","united-kingdom"
1990,"honda-marlboro-mclaren","united-kingdom"
1990,"leyton-house-racing","united-kingdom"
1990,"life-racing-engines","italy"
1990,"ligier-gitanes","france"
1990,"monteverdi-onyx-formula-one","united-kingdom"
1990,"motor-racing-developments","united-kingdom"
1990,"scm-minardi-team","italy"
1990,"scuderia-ferrari","italy"
1990,"scuderia-italia","italy"
1990,"subaru-coloni-racing","italy"
1990,"tyrrell-racing-organisation","united-kingdom"
1991,"ags","france"
1991,"braun-tyrrell-honda","united-kingdom"
1991,"camel-benetton-ford","united-kingdom"
1991,"canon-williams","united-kingdom"
1991,"coloni-racing","italy"
1991,"fondmetal","italy"
1991,"footwork-ford","united-kingdom"
1991,"footwork-porsche","united-kingdom"
1991,"honda-marlboro-mclaren","united-kingdom"
1991,"larrousse-f1","france"
1991,"leyton-house-racing","united-kingdom"
1991,"ligier-gitanes","france"
1991,"minardi-team","italy"
1991,"modena-team-spa","italy"
1991,"motor-racing-developments","united-kingdom"
1991,"scuderia-ferrari","italy"
1991,"scuderia-italia","italy"
1991,"team-7up-jordan","ireland"
1991,"team-lotus","united-kingdom"
1992,"andrea-moda-formula","italy"
1992,"camel-benetton-ford","united-kingdom"
1992,"canon-williams","united-kingdom"
1992,"central-park-venturi-larrousse","france"
1992,"fondmetal","italy"
1992,"footwork-mugen-honda","united-kingdom"
1992,"honda-marlboro-mclaren","united-kingdom"
1992,"ligier-gitanes-blondes","france"
1992,"march-f1","united-kingdom"
1992,"minardi-team","italy"
1992,"motor-racing-developments","united-kingdom"
1992,"sasol-jordan-yamaha","ireland"
1992,"scuderia-ferrari","italy"
1992,"scuderia-italia","italy"
1992,"team-lotus","united-kingdom"
1992,"tyrrell-racing-organisation","united-kingdom"
1993,"camel-benetton-ford","united-kingdom"
1993,"canon-williams","united-kingdom"
1993,"footwork-mugen-honda","united-kingdom"
1993,"larrousse-f1","france"
1993,"ligier-gitanes-blondes","france"
1993,"lola-bms-scuderia-italia","italy"
1993,"march-f1","united-kingdom"
1993,"marlboro-mclaren","united-kingdom"
1993,"minardi-team","italy"
1993,"sasol-jordan","ireland"
1993,"sauber","switzerland"
1993,"scuderia-ferrari","italy"
1993,"team-castrol-lotus","united-kingdom"
1993,"tyrrell-racing-organisation","united-kingdom"
1994,"broker-sauber-mercedes","switzerland"
1994,"footwork-ford","united-kingdom"
1994,"ligier-gitanes-blondes","france"
1994,"marlboro-mclaren-peugeot","united-kingdom"
1994,"mild-seven-benetton-ford","united-kingdom"
1994,"minardi-scuderia-italia","italy"
1994,"mtv-simtek-ford","united-kingdom"
1994,"pacific-grand-prix","united-kingdom"
1994,"rothmans-williams-renault","united-kingdom"
1994,"sasol-jordan","ireland"
1994,"scuderia-ferrari","italy"
1994,"team-lotus","united-kingdom"
1994,"tourtel-larrousse-f1","france"
1994,"tyrrell-racing-organisation","united-kingdom"
1995,"footwork-hart","united-kingdom"
1995,"junior-larrousse-f1","france"
1995,"ligier-gitanes-blondes","france"
1995,"marlboro-mclaren-mercedes","united-kingdom"
1995,"mild-seven-benetton-renault","united-kingdom"
1995,"minardi-scuderia-italia","italy"
1995,"mtv-simtek-ford","united-kingdom"
1995,"nokia-tyrrell-yamaha","united-kingdom"
1995,"pacific-team-lotus","united-kingdom"
1995,"parmalat-forti-ford","italy"
1995,"red-bull-sauber-ford","switzerland"
1995,"rothmans-williams-renault","united-kingdom"
1995,"scuderia-ferrari","italy"
1995,"total-jordan-peugeot","ireland"
1996,"benson-hedges-total-jordan-peugeot","ireland"
1996,"footwork-hart","united-kingdom"
1996,"forti-grand-prix","italy"
1996,"ligier-gauloises-blondes","france"
1996,"marlboro-mclaren-mercedes","united-kingdom"
1996,"mild-seven-benetton-renault","italy"
1996,"minardi-team","italy"
1996,"red-bull-sauber-ford","switzerland"
1996,"rothmans-williams-renault","united-kingdom"
1996,"scuderia-ferrari","italy"
1996,"tyrrell-yamaha","united-kingdom"
1997,"benson-hedges-jordan-peugeot","ireland"
1997,"danka-arrows-yamaha","united-kingdom"
1997,"hsbc-malaysia-stewart-ford","united-kingdom"
1997,"mastercard-lola-f1-team","united-kingdom"
1997,"mild-seven-benetton-renault","italy"
1997,"minardi-team","italy"
1997,"piaa-tyrrell-ford","united-kingdom"
1997,"prost-gauloises-blondes","france"
1997,"red-bull-sauber-petronas","switzerland"
1997,"rothmans-williams-renault","united-kingdom"
1997,"scuderia-ferrari-marlboro","italy"
1997,"west-mclaren-mercedes","united-kingdom"
1998,"benson-hedges-jordan","ireland"
1998,"danka-zepter-arrows","united-kingdom"
1998,"fondmetal-minardi-team","italy"
1998,"gauloises-prost-peugeot","france"
1998,"hsbc-stewart-ford","united-kingdom"
1998,"mild-seven-benetton-playlife","italy"
1998,"piaa-tyrrell","united-kingdom"
1998,"red-bull-sauber-petronas","switzerland"
1998,"scuderia-ferrari-marlboro","italy"
1998,"west-mclaren-mercedes","united-kingdom"
1998,"winfield-williams","united-kingdom"
1999,"benson-hedges-jordan","ireland"
1999,"british-american-racing","united-kingdom"
1999,"fondmetal-minardi-team","italy"
1999,"gauloises-prost-peugeot","france"
1999,"hsbc-stewart-ford","united-kingdom"
1999,"mild-seven-benetton-playlife","italy"
1999,"red-bull-sauber-petronas","switzerland"
1999,"repsol-arrows","united-kingdom"
1999,"scuderia-ferrari-marlboro","italy"
1999,"west-mclaren-mercedes","united-kingdom"
1999,"winfield-williams","united-kingdom"
2000,"arrows-f1-team","united-kingdom"
2000,"benson-hedges-jordan","ireland"
2000,"bmw-williamsf1-team","united-kingdom"
2000,"gauloises-prost-peugeot","france"
2000,"jaguar-racing-f1-team","united-kingdom"
2000,"lucky-strike-reynard-bar-honda","united-kingdom"
2000,"mild-seven-benetton-playlife","italy"
2000,"red-bull-sauber-petronas","switzerland"
2000,"scuderia-ferrari-marlboro","italy"
2000,"telefonica-minardi-fondmetal","italy"
2000,"west-mclaren-mercedes","united-kingdom"
2001,"benson-hedges-jordan-honda","ireland"
2001,"bmw-williamsf1-team","united-kingdom"
2001,"european-minardi-f1","italy"
2001,"jaguar-racing-f1-team","united-kingdom"
2001,"lucky-strike-bar-honda","united-kingdom"
2001,"mild-seven-benetton-renault","italy"
2001,"orange-arrows-asiatech","united-kingdom"
2001,"prost-grand-prix","france"
2001,"red-bull-sauber-petronas","switzerland"
2001,"scuderia-ferrari-marlboro","italy"
2001,"west-mclaren-mercedes","united-kingdom"
2002,"bmw-williamsf1-team","united-kingdom"
2002,"dhl-jordan-honda","ireland"
2002,"jaguar-racing-f1-team","united-kingdom"
2002,"kl-minardi-asiatech","italy"
2002,"lucky-strike-bar-honda","united-kingdom"
2002,"mild-seven-renault-f1-team","france"
2002,"orange-arrows","united-kingdom"
2002,"panasonic-toyota-racing","japan"
2002,"sauber-petronas","switzerland"
2002,"scuderia-ferrari-marlboro","italy"
2002,"west-mclaren-mercedes","united-kingdom"
2003,"benson-hedges-jordan-ford","ireland"
2003,"bmw-williamsf1-team","united-kingdom"
2003,"jaguar-racing-f1-team","united-kingdom"
2003,"lucky-strike-bar-honda","united-kingdom"
2003,"mild-seven-renault-f1-team","france"
2003,"panasonic-toyota-racing","japan"
2003,"sauber-petronas","switzerland"
2003,"scuderia-ferrari-marlboro","italy"
2003,"trust-minardi-cosworth","italy"
2003,"west-mclaren-mercedes","united-kingdom"
2004,"bmw-williamsf1-team","united-kingdom"
2004,"jaguar-racing-f1-team","united-kingdom"
2004,"jordan-ford","ireland"
2004,"lucky-strike-bar-honda","united-kingdom"
2004,"mild-seven-renault-f1-team","france"
2004,"minardi-cosworth","italy"
2004,"panasonic-toyota-racing","japan"
2004,"sauber-petronas","switzerland"
2004,"scuderia-ferrari-marlboro","italy"
2004,"west-mclaren-mercedes","united-kingdom"
2005,"bmw-williamsf1-team","united-kingdom"
2005,"jordan-grand-prix","ireland"
2005,"lucky-strike-bar-honda","united-kingdom"
2005,"mild-seven-renault-f1-team","france"
2005,"minardi-f1-team","italy"
2005,"panasonic-toyota-racing","japan"
2005,"red-bull-racing","united-kingdom"
2005,"sauber-petronas","switzerland"
2005,"scuderia-ferrari-marlboro","italy"
2005,"team-mclaren-mercedes","united-kingdom"
2006,"bmw-sauber-f1-team","germany"
2006,"lucky-strike-honda-racing-f1-team","japan"
2006,"mf1-racing","russia"
2006,"mild-seven-renault-f1-team","france"
2006,"panasonic-toyota-racing","japan"
2006,"red-bull-racing","united-kingdom"
2006,"scuderia-ferrari-marlboro","italy"
2006,"scuderia-toro-rosso","italy"
2006,"super-aguri-f1-team","japan"
2006,"team-mclaren-mercedes","united-kingdom"
2006,"williams-f1-team","united-kingdom"
2007,"att-williams","united-kingdom"
2007,"bmw-sauber-f1-team","germany"
2007,"etihad-aldar-spyker-f1-team","netherlands"
2007,"honda-racing-f1-team","japan"
2007,"ing-renault-f1-team","france"
2007,"panasonic-toyota-racing","japan"
2007,"red-bull-racing","austria"
2007,"scuderia-ferrari-marlboro","italy"
2007,"scuderia-toro-rosso","italy"
2007,"super-aguri-f1-team","japan"
2007,"vodafone-mclaren-mercedes","united-kingdom"
2008,"att-williams","united-kingdom"
2008,"bmw-sauber-f1-team","germany"
2008,"force-india-f1-team","india"
2008,"honda-racing-f1-team","japan"
2008,"ing-renault-f1-team","france"
2008,"panasonic-toyota-racing","japan"
2008,"red-bull-racing","austria"
2008,"scuderia-ferrari-marlboro","italy"
2008,"scuderia-toro-rosso","italy"
2008,"super-aguri-f1-team","japan"
2008,"vodafone-mclaren-mercedes","united-kingdom"
2009,"att-williams","united-kingdom"
2009,"bmw-sauber-f1-team","germany"
2009,"brawn-gp-formula-1-team","united-kingdom"
2009,"force-india-f1-team","india"
2009,"ing-renault-f1-team","france"
2009,"panasonic-toyota-racing","japan"
2009,"red-bull-racing","austria"
2009,"scuderia-ferrari-marlboro","italy"
2009,"scuderia-toro-rosso","italy"
2009,"vodafone-mclaren-mercedes","united-kingdom"
2010,"att-williams","united-kingdom"
2010,"bmw-sauber-f1-team","switzerland"
2010,"force-india-f1-team","india"
2010,"hispania-racing-f1-team","spain"
2010,"lotus-racing","malaysia"
2010,"mercedes-gp-petronas-f1-team","germany"
2010,"red-bull-racing","austria"
2010,"renault-f1-team","france"
2010,"scuderia-ferrari-marlboro","italy"
2010,"scuderia-toro-rosso","italy"
2010,"virgin-racing","united-kingdom"
2010,"vodafone-mclaren-mercedes","united-kingdom"
2011,"att-williams","united-kingdom"
2011,"force-india-f1-team","india"
2011,"hrt-formula-1-team","spain"
2011,"lotus-renault-gp","united-kingdom"
2011,"marussia-virgin-racing","russia"
2011,"mercedes-gp-petronas-f1-team","germany"
2011,"red-bull-racing","austria"
2011,"sauber-f1-team","switzerland"
2011,"scuderia-ferrari","italy"
2011,"scuderia-toro-rosso","italy"
2011,"team-lotus","malaysia"
2011,"vodafone-mclaren-mercedes","united-kingdom"
2012,"caterham-f1-team","malaysia"
2012,"hrt-formula-1-team","spain"
2012,"lotus-f1-team","united-kingdom"
2012,"marussia-f1-team","russia"
2012,"mercedes-amg-petronas-f1-team","germany"
2012,"red-bull-racing","austria"
2012,"sahara-force-india-f1-team","india"
2012,"sauber-f1-team","switzerland"
2012,"scuderia-ferrari","italy"
2012,"scuderia-toro-rosso","italy"
2012,"vodafone-mclaren-mercedes","united-kingdom"
2012,"williams-f1-team","united-kingdom"
2013,"caterham-f1-team","malaysia"
2013,"infiniti-red-bull-racing","austria"
2013,"lotus-f1-team","united-kingdom"
2013,"marussia-f1-team","russia"
2013,"mercedes-amg-petronas-f1-team","germany"
2013,"sahara-force-india-f1-team","india"
2013,"sauber-f1-team","switzerland"
2013,"scuderia-ferrari","italy"
2013,"scuderia-toro-rosso","italy"
2013,"vodafone-mclaren-mercedes","united-kingdom"
2013,"williams-f1-team","united-kingdom"
2014,"caterham-f1-team","malaysia"
2014,"infiniti-red-bull-racing","austria"
2014,"lotus-f1-team","united-kingdom"
2014,"marussia-f1-team","russia"
2014,"mclaren-mercedes","united-kingdom"
2014,"mercedes-amg-petronas-f1-team","germany"
2014,"sahara-force-india-f1-team","india"
2014,"sauber-f1-team","switzerland"
2014,"scuderia-ferrari","italy"
2014,"scuderia-toro-rosso","italy"
2014,"williams-martini-racing","united-kingdom"
2015,"infiniti-red-bull-racing","austria"
2015,"lotus-f1-team","united-kingdom"
2015,"manor-marussia-f1-team","united-kingdom"
2015,"mclaren-honda","united-kingdom"
2015,"mercedes-amg-petronas-f1-team","germany"
2015,"sahara-force-india-f1-team","india"
2015,"sauber-f1-team","switzerland"
2015,"scuderia-ferrari","italy"
2015,"scuderia-toro-rosso","italy"
2015,"williams-martini-racing","united-kingdom"
2016,"haas-f1-team","united-states-of-america"
2016,"manor-racing-mrt","united-kingdom"
2016,"mclaren-honda-formula-1-team","united-kingdom"
2016,"mercedes-amg-petronas-formula-one-team","germany"
2016,"red-bull-racing","austria"
2016,"renault-sport-formula-one-team","france"
2016,"sahara-force-india-formula-one-team","india"
2016,"sauber-f1-team","switzerland"
2016,"scuderia-ferrari","italy"
2016,"scuderia-toro-rosso","italy"
2016,"williams-martini-racing","united-kingdom"
2017,"haas-f1-team","united-states-of-america"
2017,"mclaren-honda","united-kingdom"
2017,"mercedes-amg-petronas-motorsport","germany"
2017,"red-bull-racing","austria"
2017,"renault-sport-formula-one-team","france"
2017,"sahara-force-india-f1-team","india"
2017,"sauber-f1-team","switzerland"
2017,"scuderia-ferrari","italy"
2017,"scuderia-toro-rosso","italy"
2017,"williams-martini-racing","united-kingdom"
2018,"alfa-romeo-sauber-f1-team","switzerland"
2018,"aston-martin-red-bull-racing","austria"
2018,"haas-f1-team","united-states-of-america"
2018,"mclaren-f1-team","united-kingdom"
2018,"mercedes-amg-petronas-motorsport","germany"
2018,"racing-point-force-india-f1-team","united-kingdom"
2018,"red-bull-toro-rosso-honda","italy"
2018,"renault-sport-formula-one-team","france"
2018,"sahara-force-india-f1-team","india"
2018,"scuderia-ferrari","italy"
2018,"williams-martini-racing","united-kingdom"
2019,"alfa-romeo-racing","switzerland"
2019,"aston-martin-red-bull-racing","austria"
2019,"haas-f1-team","united-states-of-america"
2019,"mclaren-f1-team","united-kingdom"
2019,"mercedes-amg-petronas-motorsport","germany"
2019,"red-bull-toro-rosso-honda","italy"
2019,"renault-f1-team","france"
2019,"rokit-williams-racing","united-kingdom"
2019,"scuderia-ferrari-mission-winnow","italy"
2019,"sportpesa-racing-point-f1-team","united-kingdom"
2020,"alfa-romeo-racing-orlen","switzerland"
2020,"aston-martin-red-bull-racing","austria"
2020,"bwt-racing-point-f1-team","united-kingdom"
2020,"haas-f1-team","united-states-of-america"
2020,"mclaren-f1-team","united-kingdom"
2020,"mercedes-amg-petronas-f1-team","germany"
2020,"renault-dp-world-f1-team","france"
2020,"scuderia-alphatauri-honda","italy"
2020,"scuderia-ferrari","italy"
2020,"williams-racing","united-kingdom"
2021,"alfa-romeo-racing-orlen","switzerland"
2021,"alpine-f1-team","france"
2021,"aston-martin-cognizant-f1-team","united-kingdom"
2021,"mclaren-f1-team","united-kingdom"
2021,"mercedes-amg-petronas-f1-team","germany"
2021,"red-bull-racing-honda","austria"
2021,"scuderia-alphatauri-honda","italy"
2021,"scuderia-ferrari-mission-winnow","italy"
2021,"uralkali-haas-f1-team","united-states-of-america"
2021,"williams-racing","united-kingdom"
2022,"alfa-romeo-f1-team-orlen","switzerland"
2022,"aston-martin-aramco-cognizant-f1-team","united-kingdom"
2022,"bwt-alpine-f1-team","france"
2022,"haas-f1-team","united-states-of-america"
2022,"mclaren-f1-team","united-kingdom"
2022,"mercedes-amg-petronas-f1-team","germany"
2022,"oracle-red-bull-racing","austria"
2022,"scuderia-alphatauri","italy"
2022,"scuderia-ferrari","italy"
2022,"williams-racing","united-kingdom"
2023,"alfa-romeo-f1-team-stake","switzerland"
2023,"aston-martin-aramco-cognizant-f1-team","united-kingdom"
2023,"bwt-alpine-f1-team","france"
2023,"mclaren-f1-team","united-kingdom"
2023,"mercedes-amg-petronas-f1-team","germany"
2023,"moneygram-haas-f1-team","united-states-of-america"
2023,"oracle-red-bull-racing","austria"
2023,"scuderia-alphatauri","italy"
2023,"scuderia-ferrari","italy"
2023,"williams-racing","united-kingdom"
2024,"aston-martin-aramco-f1-team","united-kingdom"
2024,"bwt-alpine-f1-team","france"
2024,"mclaren-f1-team","united-kingdom"
2024,"mercedes-amg-petronas-f1-team","germany"
2024,"moneygram-haas-f1-team","united-states-of-america"
2024,"oracle-red-bull-racing","austria"
2024,"scuderia-ferrari","italy"
2024,"stake-f1-team-kick-sauber","switzerland"
2024,"visa-cash-app-rb-f1-team","italy"
2024,"williams-racing","united-kingdom"
